2025-01-17 09:32:49 INFO  [restartedMain] c.e.relation.RelationApplication - Starting RelationApplication using Java 21.0.5 with PID 27104 (C:\Users\Lee\SeSAC\SeSAC\javaproject\relation\build\classes\java\main started by Lee in C:\Users\Lee\SeSAC\SeSAC\javaproject\relation)
2025-01-17 09:32:49 INFO  [restartedMain] c.e.relation.RelationApplication - No active profile set, falling back to 1 default profile: "default"
2025-01-17 09:32:49 INFO  [restartedMain] o.s.b.d.e.DevToolsPropertyDefaultsPostProcessor - Devtools property defaults active! Set 'spring.devtools.add-properties' to 'false' to disable
2025-01-17 09:32:49 INFO  [restartedMain] o.s.b.d.e.DevToolsPropertyDefaultsPostProcessor - For additional web related logging consider setting the 'logging.level.web' property to 'DEBUG'
2025-01-17 09:32:50 INFO  [restartedMain] o.s.d.r.c.RepositoryConfigurationDelegate - Bootstrapping Spring Data JPA repositories in DEFAULT mode.
2025-01-17 09:32:50 INFO  [restartedMain] o.s.d.r.c.RepositoryConfigurationDelegate - Finished Spring Data repository scanning in 80 ms. Found 6 JPA repository interfaces.
2025-01-17 09:32:51 INFO  [restartedMain] o.s.b.w.e.tomcat.TomcatWebServer - Tomcat initialized with port 8080 (http)
2025-01-17 09:32:51 INFO  [restartedMain] o.a.catalina.core.StandardService - Starting service [Tomcat]
2025-01-17 09:32:51 INFO  [restartedMain] o.a.catalina.core.StandardEngine - Starting Servlet engine: [Apache Tomcat/10.1.34]
2025-01-17 09:32:51 INFO  [restartedMain] o.a.c.c.C.[Tomcat].[localhost].[/] - Initializing Spring embedded WebApplicationContext
2025-01-17 09:32:51 INFO  [restartedMain] o.s.b.w.s.c.ServletWebServerApplicationContext - Root WebApplicationContext: initialization completed in 2312 ms
2025-01-17 09:32:51 INFO  [restartedMain] o.h.jpa.internal.util.LogHelper - HHH000204: Processing PersistenceUnitInfo [name: default]
2025-01-17 09:32:51 INFO  [restartedMain] org.hibernate.Version - HHH000412: Hibernate ORM core version 6.6.4.Final
2025-01-17 09:32:51 INFO  [restartedMain] o.h.c.i.RegionFactoryInitiator - HHH000026: Second-level cache disabled
2025-01-17 09:32:52 INFO  [restartedMain] o.s.o.j.p.SpringPersistenceUnitInfo - No LoadTimeWeaver setup: ignoring JPA class transformer
2025-01-17 09:32:52 INFO  [restartedMain] com.zaxxer.hikari.HikariDataSource - HikariPool-1 - Starting...
2025-01-17 09:32:52 INFO  [restartedMain] com.zaxxer.hikari.pool.HikariPool - HikariPool-1 - Added connection com.mysql.cj.jdbc.ConnectionImpl@40a4a0b6
2025-01-17 09:32:52 INFO  [restartedMain] com.zaxxer.hikari.HikariDataSource - HikariPool-1 - Start completed.
2025-01-17 09:32:52 INFO  [restartedMain] o.hibernate.orm.connections.pooling - HHH10001005: Database info:
	Database JDBC URL [Connecting through datasource 'HikariDataSource (HikariPool-1)']
	Database driver: undefined/unknown
	Database version: 8.0.40
	Autocommit mode: undefined/unknown
	Isolation level: undefined/unknown
	Minimum pool size: undefined/unknown
	Maximum pool size: undefined/unknown
2025-01-17 09:32:53 INFO  [restartedMain] o.h.e.t.j.p.i.JtaPlatformInitiator - HHH000489: No JTA platform available (set 'hibernate.transaction.jta.platform' to enable JTA platform integration)
2025-01-17 09:32:54 INFO  [restartedMain] o.s.o.j.LocalContainerEntityManagerFactoryBean - Initialized JPA EntityManagerFactory for persistence unit 'default'
2025-01-17 09:32:54 DEBUG [restartedMain] o.s.w.f.ServerHttpObservationFilter - Filter 'webMvcObservationFilter' configured for use
2025-01-17 09:32:55 INFO  [restartedMain] o.s.d.j.r.query.QueryEnhancerFactory - Hibernate is in classpath; If applicable, HQL parser will be used.
2025-01-17 09:32:56 WARN  [restartedMain] o.s.b.a.o.j.JpaBaseConfiguration$JpaWebConfiguration - spring.jpa.open-in-view is enabled by default. Therefore, database queries may be performed during view rendering. Explicitly configure spring.jpa.open-in-view to disable this warning
2025-01-17 09:32:56 INFO  [restartedMain] o.s.s.c.a.a.c.InitializeUserDetailsBeanManagerConfigurer$InitializeUserDetailsManagerConfigurer - Global AuthenticationManager configured with UserDetailsService bean with name customUserDetailsService
2025-01-17 09:32:56 DEBUG [restartedMain] o.s.w.s.m.m.a.RequestMappingHandlerMapping - 35 mappings in 'requestMappingHandlerMapping'
2025-01-17 09:32:56 DEBUG [restartedMain] o.s.w.s.c.a.WebMvcConfigurer - Default resource handling disabled
2025-01-17 09:32:56 DEBUG [restartedMain] o.s.w.s.h.SimpleUrlHandlerMapping - Patterns [/images/**] in 'resourceHandlerMapping'
2025-01-17 09:32:56 INFO  [restartedMain] o.s.b.a.e.web.EndpointLinksResolver - Exposing 1 endpoint beneath base path '/actuator'
2025-01-17 09:32:56 DEBUG [restartedMain] o.s.w.s.m.m.a.RequestMappingHandlerAdapter - ControllerAdvice beans: 0 @ModelAttribute, 0 @InitBinder, 1 RequestBodyAdvice, 1 ResponseBodyAdvice
2025-01-17 09:32:56 DEBUG [restartedMain] o.s.w.s.m.m.a.ExceptionHandlerExceptionResolver - ControllerAdvice beans: 1 @ExceptionHandler, 1 ResponseBodyAdvice
2025-01-17 09:32:57 INFO  [restartedMain] o.s.b.d.a.OptionalLiveReloadServer - LiveReload server is running on port 35729
2025-01-17 09:32:57 INFO  [restartedMain] o.s.b.w.e.tomcat.TomcatWebServer - Tomcat started on port 8080 (http) with context path '/'
2025-01-17 09:32:57 INFO  [restartedMain] c.e.relation.RelationApplication - Started RelationApplication in 8.788 seconds (process running for 9.414)
2025-01-17 09:32:57 TRACE [restartedMain] org.hibernate.orm.jdbc.bind - binding parameter (1:VARCHAR) <- [jun]
2025-01-17 09:32:57 TRACE [restartedMain] org.hibernate.orm.jdbc.bind - binding parameter (2:INTEGER) <- [1]
2025-01-17 09:32:57 TRACE [restartedMain] org.hibernate.orm.jdbc.bind - binding parameter (1:VARCHAR) <- [jun@example.com]
2025-01-17 09:32:57 TRACE [restartedMain] org.hibernate.orm.jdbc.bind - binding parameter (2:INTEGER) <- [1]
2025-01-17 09:32:57 TRACE [restartedMain] org.hibernate.orm.jdbc.bind - binding parameter (1:VARCHAR) <- [jun@example.com]
2025-01-17 09:32:57 TRACE [restartedMain] org.hibernate.orm.jdbc.bind - binding parameter (2:VARCHAR) <- [$2a$10$5Fn6nQmRwGuypvxyRfJBv.YTpNqiUIh2ciDvJ9gR.9VcBNo4VkWXm]
2025-01-17 09:32:57 TRACE [restartedMain] org.hibernate.orm.jdbc.bind - binding parameter (3:ENUM) <- [ROLE_USER]
2025-01-17 09:32:57 TRACE [restartedMain] org.hibernate.orm.jdbc.bind - binding parameter (4:VARCHAR) <- [jun]
2025-01-17 09:32:57 TRACE [restartedMain] org.hibernate.orm.jdbc.bind - binding parameter (1:VARCHAR) <- [null]
2025-01-17 09:32:57 TRACE [restartedMain] org.hibernate.orm.jdbc.bind - binding parameter (2:VARCHAR) <- [content1]
2025-01-17 09:32:57 TRACE [restartedMain] org.hibernate.orm.jdbc.bind - binding parameter (3:TIMESTAMP) <- [2025-01-17T09:32:57.750714700]
2025-01-17 09:32:57 TRACE [restartedMain] org.hibernate.orm.jdbc.bind - binding parameter (4:VARCHAR) <- [null]
2025-01-17 09:32:57 TRACE [restartedMain] org.hibernate.orm.jdbc.bind - binding parameter (5:VARCHAR) <- [title1]
2025-01-17 09:32:57 TRACE [restartedMain] org.hibernate.orm.jdbc.bind - binding parameter (6:TIMESTAMP) <- [2025-01-17T09:32:57.750714700]
2025-01-17 09:32:57 TRACE [restartedMain] org.hibernate.orm.jdbc.bind - binding parameter (1:TIMESTAMP) <- [2025-01-17T09:32:57.782999500]
2025-01-17 09:32:57 TRACE [restartedMain] org.hibernate.orm.jdbc.bind - binding parameter (2:VARCHAR) <- [tag11]
2025-01-17 09:32:57 TRACE [restartedMain] org.hibernate.orm.jdbc.bind - binding parameter (1:TIMESTAMP) <- [2025-01-17T09:32:57.791999600]
2025-01-17 09:32:57 TRACE [restartedMain] org.hibernate.orm.jdbc.bind - binding parameter (2:BIGINT) <- [1]
2025-01-17 09:32:57 TRACE [restartedMain] org.hibernate.orm.jdbc.bind - binding parameter (3:BIGINT) <- [1]
2025-01-17 09:32:57 TRACE [restartedMain] org.hibernate.orm.jdbc.bind - binding parameter (1:VARCHAR) <- [comment11]
2025-01-17 09:32:57 TRACE [restartedMain] org.hibernate.orm.jdbc.bind - binding parameter (2:TIMESTAMP) <- [2025-01-17T09:32:57.801834700]
2025-01-17 09:32:57 TRACE [restartedMain] org.hibernate.orm.jdbc.bind - binding parameter (3:BIGINT) <- [1]
2025-01-17 09:32:57 TRACE [restartedMain] org.hibernate.orm.jdbc.bind - binding parameter (4:TIMESTAMP) <- [2025-01-17T09:32:57.801834700]
2025-01-17 09:32:57 TRACE [restartedMain] org.hibernate.orm.jdbc.bind - binding parameter (1:TIMESTAMP) <- [2025-01-17T09:32:57.809266300]
2025-01-17 09:32:57 TRACE [restartedMain] org.hibernate.orm.jdbc.bind - binding parameter (2:VARCHAR) <- [tag12]
2025-01-17 09:32:57 TRACE [restartedMain] org.hibernate.orm.jdbc.bind - binding parameter (1:TIMESTAMP) <- [2025-01-17T09:32:57.813853]
2025-01-17 09:32:57 TRACE [restartedMain] org.hibernate.orm.jdbc.bind - binding parameter (2:BIGINT) <- [1]
2025-01-17 09:32:57 TRACE [restartedMain] org.hibernate.orm.jdbc.bind - binding parameter (3:BIGINT) <- [2]
2025-01-17 09:32:57 TRACE [restartedMain] org.hibernate.orm.jdbc.bind - binding parameter (1:VARCHAR) <- [comment12]
2025-01-17 09:32:57 TRACE [restartedMain] org.hibernate.orm.jdbc.bind - binding parameter (2:TIMESTAMP) <- [2025-01-17T09:32:57.820164900]
2025-01-17 09:32:57 TRACE [restartedMain] org.hibernate.orm.jdbc.bind - binding parameter (3:BIGINT) <- [1]
2025-01-17 09:32:57 TRACE [restartedMain] org.hibernate.orm.jdbc.bind - binding parameter (4:TIMESTAMP) <- [2025-01-17T09:32:57.820164900]
2025-01-17 09:32:57 TRACE [restartedMain] org.hibernate.orm.jdbc.bind - binding parameter (1:VARCHAR) <- [null]
2025-01-17 09:32:57 TRACE [restartedMain] org.hibernate.orm.jdbc.bind - binding parameter (2:VARCHAR) <- [content2]
2025-01-17 09:32:57 TRACE [restartedMain] org.hibernate.orm.jdbc.bind - binding parameter (3:TIMESTAMP) <- [2025-01-17T09:32:57.827090600]
2025-01-17 09:32:57 TRACE [restartedMain] org.hibernate.orm.jdbc.bind - binding parameter (4:VARCHAR) <- [null]
2025-01-17 09:32:57 TRACE [restartedMain] org.hibernate.orm.jdbc.bind - binding parameter (5:VARCHAR) <- [title2]
2025-01-17 09:32:57 TRACE [restartedMain] org.hibernate.orm.jdbc.bind - binding parameter (6:TIMESTAMP) <- [2025-01-17T09:32:57.827090600]
2025-01-17 09:32:57 TRACE [restartedMain] org.hibernate.orm.jdbc.bind - binding parameter (1:TIMESTAMP) <- [2025-01-17T09:32:57.832988100]
2025-01-17 09:32:57 TRACE [restartedMain] org.hibernate.orm.jdbc.bind - binding parameter (2:VARCHAR) <- [tag21]
2025-01-17 09:32:57 TRACE [restartedMain] org.hibernate.orm.jdbc.bind - binding parameter (1:TIMESTAMP) <- [2025-01-17T09:32:57.842175900]
2025-01-17 09:32:57 TRACE [restartedMain] org.hibernate.orm.jdbc.bind - binding parameter (2:BIGINT) <- [2]
2025-01-17 09:32:57 TRACE [restartedMain] org.hibernate.orm.jdbc.bind - binding parameter (3:BIGINT) <- [3]
2025-01-17 09:32:57 TRACE [restartedMain] org.hibernate.orm.jdbc.bind - binding parameter (1:VARCHAR) <- [comment21]
2025-01-17 09:32:57 TRACE [restartedMain] org.hibernate.orm.jdbc.bind - binding parameter (2:TIMESTAMP) <- [2025-01-17T09:32:57.846650800]
2025-01-17 09:32:57 TRACE [restartedMain] org.hibernate.orm.jdbc.bind - binding parameter (3:BIGINT) <- [2]
2025-01-17 09:32:57 TRACE [restartedMain] org.hibernate.orm.jdbc.bind - binding parameter (4:TIMESTAMP) <- [2025-01-17T09:32:57.846650800]
2025-01-17 09:32:57 TRACE [restartedMain] org.hibernate.orm.jdbc.bind - binding parameter (1:TIMESTAMP) <- [2025-01-17T09:32:57.851733400]
2025-01-17 09:32:57 TRACE [restartedMain] org.hibernate.orm.jdbc.bind - binding parameter (2:VARCHAR) <- [tag22]
2025-01-17 09:32:57 TRACE [restartedMain] org.hibernate.orm.jdbc.bind - binding parameter (1:TIMESTAMP) <- [2025-01-17T09:32:57.857397500]
2025-01-17 09:32:57 TRACE [restartedMain] org.hibernate.orm.jdbc.bind - binding parameter (2:BIGINT) <- [2]
2025-01-17 09:32:57 TRACE [restartedMain] org.hibernate.orm.jdbc.bind - binding parameter (3:BIGINT) <- [4]
2025-01-17 09:32:57 TRACE [restartedMain] org.hibernate.orm.jdbc.bind - binding parameter (1:VARCHAR) <- [comment22]
2025-01-17 09:32:57 TRACE [restartedMain] org.hibernate.orm.jdbc.bind - binding parameter (2:TIMESTAMP) <- [2025-01-17T09:32:57.861405400]
2025-01-17 09:32:57 TRACE [restartedMain] org.hibernate.orm.jdbc.bind - binding parameter (3:BIGINT) <- [2]
2025-01-17 09:32:57 TRACE [restartedMain] org.hibernate.orm.jdbc.bind - binding parameter (4:TIMESTAMP) <- [2025-01-17T09:32:57.861405400]
2025-01-17 09:32:57 TRACE [restartedMain] org.hibernate.orm.jdbc.bind - binding parameter (1:VARCHAR) <- [null]
2025-01-17 09:32:57 TRACE [restartedMain] org.hibernate.orm.jdbc.bind - binding parameter (2:VARCHAR) <- [content3]
2025-01-17 09:32:57 TRACE [restartedMain] org.hibernate.orm.jdbc.bind - binding parameter (3:TIMESTAMP) <- [2025-01-17T09:32:57.866494]
2025-01-17 09:32:57 TRACE [restartedMain] org.hibernate.orm.jdbc.bind - binding parameter (4:VARCHAR) <- [null]
2025-01-17 09:32:57 TRACE [restartedMain] org.hibernate.orm.jdbc.bind - binding parameter (5:VARCHAR) <- [title3]
2025-01-17 09:32:57 TRACE [restartedMain] org.hibernate.orm.jdbc.bind - binding parameter (6:TIMESTAMP) <- [2025-01-17T09:32:57.866494]
2025-01-17 09:32:57 TRACE [restartedMain] org.hibernate.orm.jdbc.bind - binding parameter (1:TIMESTAMP) <- [2025-01-17T09:32:57.872467800]
2025-01-17 09:32:57 TRACE [restartedMain] org.hibernate.orm.jdbc.bind - binding parameter (2:VARCHAR) <- [tag31]
2025-01-17 09:32:57 TRACE [restartedMain] org.hibernate.orm.jdbc.bind - binding parameter (1:TIMESTAMP) <- [2025-01-17T09:32:57.876967800]
2025-01-17 09:32:57 TRACE [restartedMain] org.hibernate.orm.jdbc.bind - binding parameter (2:BIGINT) <- [3]
2025-01-17 09:32:57 TRACE [restartedMain] org.hibernate.orm.jdbc.bind - binding parameter (3:BIGINT) <- [5]
2025-01-17 09:32:57 TRACE [restartedMain] org.hibernate.orm.jdbc.bind - binding parameter (1:VARCHAR) <- [comment31]
2025-01-17 09:32:57 TRACE [restartedMain] org.hibernate.orm.jdbc.bind - binding parameter (2:TIMESTAMP) <- [2025-01-17T09:32:57.880434500]
2025-01-17 09:32:57 TRACE [restartedMain] org.hibernate.orm.jdbc.bind - binding parameter (3:BIGINT) <- [3]
2025-01-17 09:32:57 TRACE [restartedMain] org.hibernate.orm.jdbc.bind - binding parameter (4:TIMESTAMP) <- [2025-01-17T09:32:57.880434500]
2025-01-17 09:32:57 TRACE [restartedMain] org.hibernate.orm.jdbc.bind - binding parameter (1:TIMESTAMP) <- [2025-01-17T09:32:57.886326400]
2025-01-17 09:32:57 TRACE [restartedMain] org.hibernate.orm.jdbc.bind - binding parameter (2:VARCHAR) <- [tag32]
2025-01-17 09:32:57 TRACE [restartedMain] org.hibernate.orm.jdbc.bind - binding parameter (1:TIMESTAMP) <- [2025-01-17T09:32:57.889188500]
2025-01-17 09:32:57 TRACE [restartedMain] org.hibernate.orm.jdbc.bind - binding parameter (2:BIGINT) <- [3]
2025-01-17 09:32:57 TRACE [restartedMain] org.hibernate.orm.jdbc.bind - binding parameter (3:BIGINT) <- [6]
2025-01-17 09:32:57 TRACE [restartedMain] org.hibernate.orm.jdbc.bind - binding parameter (1:VARCHAR) <- [comment32]
2025-01-17 09:32:57 TRACE [restartedMain] org.hibernate.orm.jdbc.bind - binding parameter (2:TIMESTAMP) <- [2025-01-17T09:32:57.894167700]
2025-01-17 09:32:57 TRACE [restartedMain] org.hibernate.orm.jdbc.bind - binding parameter (3:BIGINT) <- [3]
2025-01-17 09:32:57 TRACE [restartedMain] org.hibernate.orm.jdbc.bind - binding parameter (4:TIMESTAMP) <- [2025-01-17T09:32:57.894167700]
2025-01-17 09:32:58 INFO  [RMI TCP Connection(3)-192.168.101.106] o.a.c.c.C.[Tomcat].[localhost].[/] - Initializing Spring DispatcherServlet 'dispatcherServlet'
2025-01-17 09:32:58 INFO  [RMI TCP Connection(3)-192.168.101.106] o.s.web.servlet.DispatcherServlet - Initializing Servlet 'dispatcherServlet'
2025-01-17 09:32:58 DEBUG [RMI TCP Connection(3)-192.168.101.106] o.s.web.servlet.DispatcherServlet - Detected StandardServletMultipartResolver
2025-01-17 09:32:58 DEBUG [RMI TCP Connection(3)-192.168.101.106] o.s.web.servlet.DispatcherServlet - Detected AcceptHeaderLocaleResolver
2025-01-17 09:32:58 DEBUG [RMI TCP Connection(3)-192.168.101.106] o.s.web.servlet.DispatcherServlet - Detected FixedThemeResolver
2025-01-17 09:32:58 DEBUG [RMI TCP Connection(3)-192.168.101.106] o.s.web.servlet.DispatcherServlet - Detected org.springframework.web.servlet.view.DefaultRequestToViewNameTranslator@17c12458
2025-01-17 09:32:58 DEBUG [RMI TCP Connection(3)-192.168.101.106] o.s.web.servlet.DispatcherServlet - Detected org.springframework.web.servlet.support.SessionFlashMapManager@54da7693
2025-01-17 09:32:58 DEBUG [RMI TCP Connection(3)-192.168.101.106] o.s.web.servlet.DispatcherServlet - enableLoggingRequestDetails='false': request parameters and headers will be masked to prevent unsafe logging of potentially sensitive data
2025-01-17 09:32:58 INFO  [RMI TCP Connection(3)-192.168.101.106] o.s.web.servlet.DispatcherServlet - Completed initialization in 1 ms
2025-01-17 09:34:27 INFO  [File Watcher] o.s.b.d.a.LocalDevToolsAutoConfiguration$RestartingClassPathChangeChangedEventListener - Restarting due to 1 class path change (0 additions, 0 deletions, 1 modification)
2025-01-17 09:34:27 INFO  [Thread-5] o.s.b.w.e.tomcat.GracefulShutdown - Commencing graceful shutdown. Waiting for active requests to complete
2025-01-17 09:34:27 INFO  [tomcat-shutdown] o.s.b.w.e.tomcat.GracefulShutdown - Graceful shutdown complete
2025-01-17 09:34:27 INFO  [Thread-5] o.s.o.j.LocalContainerEntityManagerFactoryBean - Closing JPA EntityManagerFactory for persistence unit 'default'
2025-01-17 09:34:27 INFO  [Thread-5] com.zaxxer.hikari.HikariDataSource - HikariPool-1 - Shutdown initiated...
2025-01-17 09:34:27 INFO  [Thread-5] com.zaxxer.hikari.HikariDataSource - HikariPool-1 - Shutdown completed.
2025-01-17 09:34:28 INFO  [restartedMain] c.e.relation.RelationApplication - Starting RelationApplication using Java 21.0.5 with PID 27104 (C:\Users\Lee\SeSAC\SeSAC\javaproject\relation\build\classes\java\main started by Lee in C:\Users\Lee\SeSAC\SeSAC\javaproject\relation)
2025-01-17 09:34:28 INFO  [restartedMain] c.e.relation.RelationApplication - No active profile set, falling back to 1 default profile: "default"
2025-01-17 09:34:28 INFO  [restartedMain] o.s.d.r.c.RepositoryConfigurationDelegate - Bootstrapping Spring Data JPA repositories in DEFAULT mode.
2025-01-17 09:34:28 INFO  [restartedMain] o.s.d.r.c.RepositoryConfigurationDelegate - Finished Spring Data repository scanning in 49 ms. Found 6 JPA repository interfaces.
2025-01-17 09:34:28 INFO  [restartedMain] o.s.b.w.e.tomcat.TomcatWebServer - Tomcat initialized with port 8080 (http)
2025-01-17 09:34:28 INFO  [restartedMain] o.a.catalina.core.StandardService - Starting service [Tomcat]
2025-01-17 09:34:28 INFO  [restartedMain] o.a.catalina.core.StandardEngine - Starting Servlet engine: [Apache Tomcat/10.1.34]
2025-01-17 09:34:28 INFO  [restartedMain] o.a.c.c.C.[Tomcat].[localhost].[/] - Initializing Spring embedded WebApplicationContext
2025-01-17 09:34:28 INFO  [restartedMain] o.s.b.w.s.c.ServletWebServerApplicationContext - Root WebApplicationContext: initialization completed in 683 ms
2025-01-17 09:34:28 INFO  [restartedMain] o.h.jpa.internal.util.LogHelper - HHH000204: Processing PersistenceUnitInfo [name: default]
2025-01-17 09:34:28 INFO  [restartedMain] o.h.c.i.RegionFactoryInitiator - HHH000026: Second-level cache disabled
2025-01-17 09:34:28 INFO  [restartedMain] o.s.o.j.p.SpringPersistenceUnitInfo - No LoadTimeWeaver setup: ignoring JPA class transformer
2025-01-17 09:34:28 INFO  [restartedMain] com.zaxxer.hikari.HikariDataSource - HikariPool-2 - Starting...
2025-01-17 09:34:28 INFO  [restartedMain] com.zaxxer.hikari.pool.HikariPool - HikariPool-2 - Added connection com.mysql.cj.jdbc.ConnectionImpl@c32869f
2025-01-17 09:34:28 INFO  [restartedMain] com.zaxxer.hikari.HikariDataSource - HikariPool-2 - Start completed.
2025-01-17 09:34:28 INFO  [restartedMain] o.hibernate.orm.connections.pooling - HHH10001005: Database info:
	Database JDBC URL [Connecting through datasource 'HikariDataSource (HikariPool-2)']
	Database driver: undefined/unknown
	Database version: 8.0.40
	Autocommit mode: undefined/unknown
	Isolation level: undefined/unknown
	Minimum pool size: undefined/unknown
	Maximum pool size: undefined/unknown
2025-01-17 09:34:29 INFO  [restartedMain] o.h.e.t.j.p.i.JtaPlatformInitiator - HHH000489: No JTA platform available (set 'hibernate.transaction.jta.platform' to enable JTA platform integration)
2025-01-17 09:34:29 INFO  [restartedMain] o.s.o.j.LocalContainerEntityManagerFactoryBean - Initialized JPA EntityManagerFactory for persistence unit 'default'
2025-01-17 09:34:29 DEBUG [restartedMain] o.s.w.f.ServerHttpObservationFilter - Filter 'webMvcObservationFilter' configured for use
2025-01-17 09:34:29 WARN  [restartedMain] o.s.b.a.o.j.JpaBaseConfiguration$JpaWebConfiguration - spring.jpa.open-in-view is enabled by default. Therefore, database queries may be performed during view rendering. Explicitly configure spring.jpa.open-in-view to disable this warning
2025-01-17 09:34:29 INFO  [restartedMain] o.s.s.c.a.a.c.InitializeUserDetailsBeanManagerConfigurer$InitializeUserDetailsManagerConfigurer - Global AuthenticationManager configured with UserDetailsService bean with name customUserDetailsService
2025-01-17 09:34:29 DEBUG [restartedMain] o.s.w.s.m.m.a.RequestMappingHandlerMapping - 35 mappings in 'requestMappingHandlerMapping'
2025-01-17 09:34:29 DEBUG [restartedMain] o.s.w.s.c.a.WebMvcConfigurer - Default resource handling disabled
2025-01-17 09:34:29 DEBUG [restartedMain] o.s.w.s.h.SimpleUrlHandlerMapping - Patterns [/images/**] in 'resourceHandlerMapping'
2025-01-17 09:34:29 INFO  [restartedMain] o.s.b.a.e.web.EndpointLinksResolver - Exposing 1 endpoint beneath base path '/actuator'
2025-01-17 09:34:29 DEBUG [restartedMain] o.s.w.s.m.m.a.RequestMappingHandlerAdapter - ControllerAdvice beans: 0 @ModelAttribute, 0 @InitBinder, 1 RequestBodyAdvice, 1 ResponseBodyAdvice
2025-01-17 09:34:29 DEBUG [restartedMain] o.s.w.s.m.m.a.ExceptionHandlerExceptionResolver - ControllerAdvice beans: 1 @ExceptionHandler, 1 ResponseBodyAdvice
2025-01-17 09:34:29 INFO  [restartedMain] o.s.b.d.a.OptionalLiveReloadServer - LiveReload server is running on port 35729
2025-01-17 09:34:29 INFO  [restartedMain] o.s.b.w.e.tomcat.TomcatWebServer - Tomcat started on port 8080 (http) with context path '/'
2025-01-17 09:34:29 INFO  [restartedMain] c.e.relation.RelationApplication - Started RelationApplication in 1.831 seconds (process running for 101.941)
2025-01-17 09:34:29 TRACE [restartedMain] org.hibernate.orm.jdbc.bind - binding parameter (1:VARCHAR) <- [jun]
2025-01-17 09:34:29 TRACE [restartedMain] org.hibernate.orm.jdbc.bind - binding parameter (2:INTEGER) <- [1]
2025-01-17 09:34:29 INFO  [restartedMain] o.s.b.a.l.ConditionEvaluationReportLogger - 

Error starting ApplicationContext. To display the condition evaluation report re-run your application with 'debug' enabled.
2025-01-17 09:34:29 ERROR [restartedMain] o.s.boot.SpringApplication - Application run failed
java.lang.IllegalArgumentException: 이미 사용중인 아이디입니다.
	at com.example.relation.domain.user.service.AuthService.signup(AuthService.java:31) ~[main/:na]
	at java.base/jdk.internal.reflect.DirectMethodHandleAccessor.invoke(DirectMethodHandleAccessor.java:103) ~[na:na]
	at java.base/java.lang.reflect.Method.invoke(Method.java:580) ~[na:na]
	at org.springframework.aop.support.AopUtils.invokeJoinpointUsingReflection(AopUtils.java:359) ~[spring-aop-6.2.1.jar:6.2.1]
	at org.springframework.aop.framework.ReflectiveMethodInvocation.invokeJoinpoint(ReflectiveMethodInvocation.java:196) ~[spring-aop-6.2.1.jar:6.2.1]
	at org.springframework.aop.framework.ReflectiveMethodInvocation.proceed(ReflectiveMethodInvocation.java:163) ~[spring-aop-6.2.1.jar:6.2.1]
	at org.springframework.transaction.interceptor.TransactionAspectSupport.invokeWithinTransaction(TransactionAspectSupport.java:380) ~[spring-tx-6.2.1.jar:6.2.1]
	at org.springframework.transaction.interceptor.TransactionInterceptor.invoke(TransactionInterceptor.java:119) ~[spring-tx-6.2.1.jar:6.2.1]
	at org.springframework.aop.framework.ReflectiveMethodInvocation.proceed(ReflectiveMethodInvocation.java:184) ~[spring-aop-6.2.1.jar:6.2.1]
	at org.springframework.aop.framework.CglibAopProxy$DynamicAdvisedInterceptor.intercept(CglibAopProxy.java:727) ~[spring-aop-6.2.1.jar:6.2.1]
	at com.example.relation.domain.user.service.AuthService$$SpringCGLIB$$0.signup(<generated>) ~[main/:na]
	at com.example.relation.global.DataInitializer.initUser(DataInitializer.java:44) ~[main/:na]
	at com.example.relation.global.DataInitializer.run(DataInitializer.java:32) ~[main/:na]
	at java.base/jdk.internal.reflect.DirectMethodHandleAccessor.invoke(DirectMethodHandleAccessor.java:103) ~[na:na]
	at java.base/java.lang.reflect.Method.invoke(Method.java:580) ~[na:na]
	at org.springframework.aop.support.AopUtils.invokeJoinpointUsingReflection(AopUtils.java:359) ~[spring-aop-6.2.1.jar:6.2.1]
	at org.springframework.aop.framework.CglibAopProxy$DynamicAdvisedInterceptor.intercept(CglibAopProxy.java:723) ~[spring-aop-6.2.1.jar:6.2.1]
	at com.example.relation.global.DataInitializer$$SpringCGLIB$$0.run(<generated>) ~[main/:na]
	at org.springframework.boot.SpringApplication.lambda$callRunner$5(SpringApplication.java:788) ~[spring-boot-3.4.1.jar:3.4.1]
	at org.springframework.util.function.ThrowingConsumer$1.acceptWithException(ThrowingConsumer.java:82) ~[spring-core-6.2.1.jar:6.2.1]
	at org.springframework.util.function.ThrowingConsumer.accept(ThrowingConsumer.java:60) ~[spring-core-6.2.1.jar:6.2.1]
	at org.springframework.util.function.ThrowingConsumer$1.accept(ThrowingConsumer.java:86) ~[spring-core-6.2.1.jar:6.2.1]
	at org.springframework.boot.SpringApplication.callRunner(SpringApplication.java:796) ~[spring-boot-3.4.1.jar:3.4.1]
	at org.springframework.boot.SpringApplication.callRunner(SpringApplication.java:787) ~[spring-boot-3.4.1.jar:3.4.1]
	at org.springframework.boot.SpringApplication.lambda$callRunners$3(SpringApplication.java:772) ~[spring-boot-3.4.1.jar:3.4.1]
	at java.base/java.util.stream.ForEachOps$ForEachOp$OfRef.accept(ForEachOps.java:184) ~[na:na]
	at java.base/java.util.stream.SortedOps$SizedRefSortingSink.end(SortedOps.java:357) ~[na:na]
	at java.base/java.util.stream.AbstractPipeline.copyInto(AbstractPipeline.java:510) ~[na:na]
	at java.base/java.util.stream.AbstractPipeline.wrapAndCopyInto(AbstractPipeline.java:499) ~[na:na]
	at java.base/java.util.stream.ForEachOps$ForEachOp.evaluateSequential(ForEachOps.java:151) ~[na:na]
	at java.base/java.util.stream.ForEachOps$ForEachOp$OfRef.evaluateSequential(ForEachOps.java:174) ~[na:na]
	at java.base/java.util.stream.AbstractPipeline.evaluate(AbstractPipeline.java:234) ~[na:na]
	at java.base/java.util.stream.ReferencePipeline.forEach(ReferencePipeline.java:596) ~[na:na]
	at org.springframework.boot.SpringApplication.callRunners(SpringApplication.java:772) ~[spring-boot-3.4.1.jar:3.4.1]
	at org.springframework.boot.SpringApplication.run(SpringApplication.java:325) ~[spring-boot-3.4.1.jar:3.4.1]
	at org.springframework.boot.SpringApplication.run(SpringApplication.java:1361) ~[spring-boot-3.4.1.jar:3.4.1]
	at org.springframework.boot.SpringApplication.run(SpringApplication.java:1350) ~[spring-boot-3.4.1.jar:3.4.1]
	at com.example.relation.RelationApplication.main(RelationApplication.java:11) ~[main/:na]
	at java.base/jdk.internal.reflect.DirectMethodHandleAccessor.invoke(DirectMethodHandleAccessor.java:103) ~[na:na]
	at java.base/java.lang.reflect.Method.invoke(Method.java:580) ~[na:na]
	at org.springframework.boot.devtools.restart.RestartLauncher.run(RestartLauncher.java:50) ~[spring-boot-devtools-3.4.1.jar:3.4.1]
2025-01-17 09:34:29 INFO  [restartedMain] o.s.b.w.e.tomcat.GracefulShutdown - Commencing graceful shutdown. Waiting for active requests to complete
2025-01-17 09:34:29 INFO  [tomcat-shutdown] o.s.b.w.e.tomcat.GracefulShutdown - Graceful shutdown complete
2025-01-17 09:34:29 INFO  [restartedMain] o.s.o.j.LocalContainerEntityManagerFactoryBean - Closing JPA EntityManagerFactory for persistence unit 'default'
2025-01-17 09:34:29 INFO  [restartedMain] com.zaxxer.hikari.HikariDataSource - HikariPool-2 - Shutdown initiated...
2025-01-17 09:34:30 INFO  [restartedMain] com.zaxxer.hikari.HikariDataSource - HikariPool-2 - Shutdown completed.
2025-01-17 09:51:46 INFO  [restartedMain] c.e.relation.RelationApplication - Starting RelationApplication using Java 21.0.5 with PID 27104 (C:\Users\Lee\SeSAC\SeSAC\javaproject\relation\build\classes\java\main started by Lee in C:\Users\Lee\SeSAC\SeSAC\javaproject\relation)
2025-01-17 09:51:46 INFO  [restartedMain] c.e.relation.RelationApplication - No active profile set, falling back to 1 default profile: "default"
2025-01-17 09:51:47 INFO  [restartedMain] o.s.d.r.c.RepositoryConfigurationDelegate - Bootstrapping Spring Data JPA repositories in DEFAULT mode.
2025-01-17 09:51:47 INFO  [restartedMain] o.s.d.r.c.RepositoryConfigurationDelegate - Finished Spring Data repository scanning in 50 ms. Found 6 JPA repository interfaces.
2025-01-17 09:51:47 INFO  [restartedMain] o.s.b.w.e.tomcat.TomcatWebServer - Tomcat initialized with port 8080 (http)
2025-01-17 09:51:47 INFO  [restartedMain] o.a.catalina.core.StandardService - Starting service [Tomcat]
2025-01-17 09:51:47 INFO  [restartedMain] o.a.catalina.core.StandardEngine - Starting Servlet engine: [Apache Tomcat/10.1.34]
2025-01-17 09:51:47 INFO  [restartedMain] o.a.c.c.C.[Tomcat].[localhost].[/] - Initializing Spring embedded WebApplicationContext
2025-01-17 09:51:47 INFO  [restartedMain] o.s.b.w.s.c.ServletWebServerApplicationContext - Root WebApplicationContext: initialization completed in 786 ms
2025-01-17 09:51:47 INFO  [restartedMain] o.h.jpa.internal.util.LogHelper - HHH000204: Processing PersistenceUnitInfo [name: default]
2025-01-17 09:51:47 INFO  [restartedMain] o.h.c.i.RegionFactoryInitiator - HHH000026: Second-level cache disabled
2025-01-17 09:51:47 INFO  [restartedMain] o.s.o.j.p.SpringPersistenceUnitInfo - No LoadTimeWeaver setup: ignoring JPA class transformer
2025-01-17 09:51:47 INFO  [restartedMain] com.zaxxer.hikari.HikariDataSource - HikariPool-3 - Starting...
2025-01-17 09:51:47 INFO  [restartedMain] com.zaxxer.hikari.pool.HikariPool - HikariPool-3 - Added connection com.mysql.cj.jdbc.ConnectionImpl@7d24aea0
2025-01-17 09:51:47 INFO  [restartedMain] com.zaxxer.hikari.HikariDataSource - HikariPool-3 - Start completed.
2025-01-17 09:51:47 INFO  [restartedMain] o.hibernate.orm.connections.pooling - HHH10001005: Database info:
	Database JDBC URL [Connecting through datasource 'HikariDataSource (HikariPool-3)']
	Database driver: undefined/unknown
	Database version: 8.0.40
	Autocommit mode: undefined/unknown
	Isolation level: undefined/unknown
	Minimum pool size: undefined/unknown
	Maximum pool size: undefined/unknown
2025-01-17 09:51:47 INFO  [restartedMain] o.h.e.t.j.p.i.JtaPlatformInitiator - HHH000489: No JTA platform available (set 'hibernate.transaction.jta.platform' to enable JTA platform integration)
2025-01-17 09:51:47 INFO  [restartedMain] o.s.o.j.LocalContainerEntityManagerFactoryBean - Initialized JPA EntityManagerFactory for persistence unit 'default'
2025-01-17 09:51:47 DEBUG [restartedMain] o.s.w.f.ServerHttpObservationFilter - Filter 'webMvcObservationFilter' configured for use
2025-01-17 09:51:47 WARN  [restartedMain] o.s.b.w.s.c.AnnotationConfigServletWebServerApplicationContext - Exception encountered during context initialization - cancelling refresh attempt: org.springframework.beans.factory.UnsatisfiedDependencyException: Error creating bean with name 'authController' defined in file [C:\Users\Lee\SeSAC\SeSAC\javaproject\relation\build\classes\java\main\com\example\relation\domain\user\controller\AuthController.class]: Unsatisfied dependency expressed through constructor parameter 0: Error creating bean with name 'authService' defined in file [C:\Users\Lee\SeSAC\SeSAC\javaproject\relation\build\classes\java\main\com\example\relation\domain\user\service\AuthService.class]: Unsatisfied dependency expressed through constructor parameter 1: No qualifying bean of type 'org.springframework.security.crypto.password.PasswordEncoder' available: expected at least 1 bean which qualifies as autowire candidate. Dependency annotations: {}
2025-01-17 09:51:47 INFO  [restartedMain] o.s.o.j.LocalContainerEntityManagerFactoryBean - Closing JPA EntityManagerFactory for persistence unit 'default'
2025-01-17 09:51:47 INFO  [restartedMain] com.zaxxer.hikari.HikariDataSource - HikariPool-3 - Shutdown initiated...
2025-01-17 09:51:47 INFO  [restartedMain] com.zaxxer.hikari.HikariDataSource - HikariPool-3 - Shutdown completed.
2025-01-17 09:51:47 INFO  [restartedMain] o.a.catalina.core.StandardService - Stopping service [Tomcat]
2025-01-17 09:51:47 INFO  [restartedMain] o.s.b.a.l.ConditionEvaluationReportLogger - 

Error starting ApplicationContext. To display the condition evaluation report re-run your application with 'debug' enabled.
2025-01-17 09:51:47 ERROR [restartedMain] o.s.b.d.LoggingFailureAnalysisReporter - 

***************************
APPLICATION FAILED TO START
***************************

Description:

Parameter 1 of constructor in com.example.relation.domain.user.service.AuthService required a bean of type 'org.springframework.security.crypto.password.PasswordEncoder' that could not be found.


Action:

Consider defining a bean of type 'org.springframework.security.crypto.password.PasswordEncoder' in your configuration.

2025-01-17 09:51:49 INFO  [restartedMain] c.e.relation.RelationApplication - Starting RelationApplication using Java 21.0.5 with PID 27104 (C:\Users\Lee\SeSAC\SeSAC\javaproject\relation\build\classes\java\main started by Lee in C:\Users\Lee\SeSAC\SeSAC\javaproject\relation)
2025-01-17 09:51:49 INFO  [restartedMain] c.e.relation.RelationApplication - No active profile set, falling back to 1 default profile: "default"
2025-01-17 09:51:49 INFO  [restartedMain] o.s.d.r.c.RepositoryConfigurationDelegate - Bootstrapping Spring Data JPA repositories in DEFAULT mode.
2025-01-17 09:51:49 INFO  [restartedMain] o.s.d.r.c.RepositoryConfigurationDelegate - Finished Spring Data repository scanning in 41 ms. Found 6 JPA repository interfaces.
2025-01-17 09:51:50 INFO  [restartedMain] o.s.b.w.e.tomcat.TomcatWebServer - Tomcat initialized with port 8080 (http)
2025-01-17 09:51:50 INFO  [restartedMain] o.a.catalina.core.StandardService - Starting service [Tomcat]
2025-01-17 09:51:50 INFO  [restartedMain] o.a.catalina.core.StandardEngine - Starting Servlet engine: [Apache Tomcat/10.1.34]
2025-01-17 09:51:50 INFO  [restartedMain] o.a.c.c.C.[Tomcat-1].[localhost].[/] - Initializing Spring embedded WebApplicationContext
2025-01-17 09:51:50 INFO  [restartedMain] o.s.b.w.s.c.ServletWebServerApplicationContext - Root WebApplicationContext: initialization completed in 650 ms
2025-01-17 09:51:50 INFO  [restartedMain] o.h.jpa.internal.util.LogHelper - HHH000204: Processing PersistenceUnitInfo [name: default]
2025-01-17 09:51:50 INFO  [restartedMain] o.h.c.i.RegionFactoryInitiator - HHH000026: Second-level cache disabled
2025-01-17 09:51:50 INFO  [restartedMain] o.s.o.j.p.SpringPersistenceUnitInfo - No LoadTimeWeaver setup: ignoring JPA class transformer
2025-01-17 09:51:50 INFO  [restartedMain] com.zaxxer.hikari.HikariDataSource - HikariPool-4 - Starting...
2025-01-17 09:51:50 INFO  [restartedMain] com.zaxxer.hikari.pool.HikariPool - HikariPool-4 - Added connection com.mysql.cj.jdbc.ConnectionImpl@3e9dc933
2025-01-17 09:51:50 INFO  [restartedMain] com.zaxxer.hikari.HikariDataSource - HikariPool-4 - Start completed.
2025-01-17 09:51:50 INFO  [restartedMain] o.hibernate.orm.connections.pooling - HHH10001005: Database info:
	Database JDBC URL [Connecting through datasource 'HikariDataSource (HikariPool-4)']
	Database driver: undefined/unknown
	Database version: 8.0.40
	Autocommit mode: undefined/unknown
	Isolation level: undefined/unknown
	Minimum pool size: undefined/unknown
	Maximum pool size: undefined/unknown
2025-01-17 09:51:50 INFO  [restartedMain] o.h.e.t.j.p.i.JtaPlatformInitiator - HHH000489: No JTA platform available (set 'hibernate.transaction.jta.platform' to enable JTA platform integration)
2025-01-17 09:51:50 INFO  [restartedMain] o.s.o.j.LocalContainerEntityManagerFactoryBean - Initialized JPA EntityManagerFactory for persistence unit 'default'
2025-01-17 09:51:50 DEBUG [restartedMain] o.s.w.f.ServerHttpObservationFilter - Filter 'webMvcObservationFilter' configured for use
2025-01-17 09:51:50 WARN  [restartedMain] o.s.b.a.o.j.JpaBaseConfiguration$JpaWebConfiguration - spring.jpa.open-in-view is enabled by default. Therefore, database queries may be performed during view rendering. Explicitly configure spring.jpa.open-in-view to disable this warning
2025-01-17 09:51:50 INFO  [restartedMain] o.s.s.c.a.a.c.InitializeUserDetailsBeanManagerConfigurer$InitializeUserDetailsManagerConfigurer - Global AuthenticationManager configured with UserDetailsService bean with name customUserDetailsService
2025-01-17 09:51:50 DEBUG [restartedMain] o.s.w.s.m.m.a.RequestMappingHandlerMapping - 35 mappings in 'requestMappingHandlerMapping'
2025-01-17 09:51:50 DEBUG [restartedMain] o.s.w.s.c.a.WebMvcConfigurer - Default resource handling disabled
2025-01-17 09:51:50 DEBUG [restartedMain] o.s.w.s.h.SimpleUrlHandlerMapping - Patterns [/images/**] in 'resourceHandlerMapping'
2025-01-17 09:51:50 INFO  [restartedMain] o.s.b.a.e.web.EndpointLinksResolver - Exposing 1 endpoint beneath base path '/actuator'
2025-01-17 09:51:51 DEBUG [restartedMain] o.s.w.s.m.m.a.RequestMappingHandlerAdapter - ControllerAdvice beans: 0 @ModelAttribute, 0 @InitBinder, 1 RequestBodyAdvice, 1 ResponseBodyAdvice
2025-01-17 09:51:51 DEBUG [restartedMain] o.s.w.s.m.m.a.ExceptionHandlerExceptionResolver - ControllerAdvice beans: 1 @ExceptionHandler, 1 ResponseBodyAdvice
2025-01-17 09:51:51 INFO  [restartedMain] o.s.b.d.a.OptionalLiveReloadServer - LiveReload server is running on port 35729
2025-01-17 09:51:51 INFO  [restartedMain] o.s.b.w.e.tomcat.TomcatWebServer - Tomcat started on port 8080 (http) with context path '/'
2025-01-17 09:51:51 INFO  [restartedMain] c.e.relation.RelationApplication - Started RelationApplication in 1.836 seconds (process running for 1143.274)
2025-01-17 09:51:51 TRACE [restartedMain] org.hibernate.orm.jdbc.bind - binding parameter (1:VARCHAR) <- [jun]
2025-01-17 09:51:51 TRACE [restartedMain] org.hibernate.orm.jdbc.bind - binding parameter (2:INTEGER) <- [1]
2025-01-17 09:51:51 INFO  [restartedMain] o.s.b.a.l.ConditionEvaluationReportLogger - 

Error starting ApplicationContext. To display the condition evaluation report re-run your application with 'debug' enabled.
2025-01-17 09:51:51 ERROR [restartedMain] o.s.boot.SpringApplication - Application run failed
java.lang.IllegalArgumentException: 이미 사용중인 아이디입니다.
	at com.example.relation.domain.user.service.AuthService.signup(AuthService.java:31) ~[main/:na]
	at java.base/jdk.internal.reflect.DirectMethodHandleAccessor.invoke(DirectMethodHandleAccessor.java:103) ~[na:na]
	at java.base/java.lang.reflect.Method.invoke(Method.java:580) ~[na:na]
	at org.springframework.aop.support.AopUtils.invokeJoinpointUsingReflection(AopUtils.java:359) ~[spring-aop-6.2.1.jar:6.2.1]
	at org.springframework.aop.framework.ReflectiveMethodInvocation.invokeJoinpoint(ReflectiveMethodInvocation.java:196) ~[spring-aop-6.2.1.jar:6.2.1]
	at org.springframework.aop.framework.ReflectiveMethodInvocation.proceed(ReflectiveMethodInvocation.java:163) ~[spring-aop-6.2.1.jar:6.2.1]
	at org.springframework.transaction.interceptor.TransactionAspectSupport.invokeWithinTransaction(TransactionAspectSupport.java:380) ~[spring-tx-6.2.1.jar:6.2.1]
	at org.springframework.transaction.interceptor.TransactionInterceptor.invoke(TransactionInterceptor.java:119) ~[spring-tx-6.2.1.jar:6.2.1]
	at org.springframework.aop.framework.ReflectiveMethodInvocation.proceed(ReflectiveMethodInvocation.java:184) ~[spring-aop-6.2.1.jar:6.2.1]
	at org.springframework.aop.framework.CglibAopProxy$DynamicAdvisedInterceptor.intercept(CglibAopProxy.java:727) ~[spring-aop-6.2.1.jar:6.2.1]
	at com.example.relation.domain.user.service.AuthService$$SpringCGLIB$$0.signup(<generated>) ~[main/:na]
	at com.example.relation.global.DataInitializer.initUser(DataInitializer.java:44) ~[main/:na]
	at com.example.relation.global.DataInitializer.run(DataInitializer.java:32) ~[main/:na]
	at java.base/jdk.internal.reflect.DirectMethodHandleAccessor.invoke(DirectMethodHandleAccessor.java:103) ~[na:na]
	at java.base/java.lang.reflect.Method.invoke(Method.java:580) ~[na:na]
	at org.springframework.aop.support.AopUtils.invokeJoinpointUsingReflection(AopUtils.java:359) ~[spring-aop-6.2.1.jar:6.2.1]
	at org.springframework.aop.framework.CglibAopProxy$DynamicAdvisedInterceptor.intercept(CglibAopProxy.java:723) ~[spring-aop-6.2.1.jar:6.2.1]
	at com.example.relation.global.DataInitializer$$SpringCGLIB$$0.run(<generated>) ~[main/:na]
	at org.springframework.boot.SpringApplication.lambda$callRunner$5(SpringApplication.java:788) ~[spring-boot-3.4.1.jar:3.4.1]
	at org.springframework.util.function.ThrowingConsumer$1.acceptWithException(ThrowingConsumer.java:82) ~[spring-core-6.2.1.jar:6.2.1]
	at org.springframework.util.function.ThrowingConsumer.accept(ThrowingConsumer.java:60) ~[spring-core-6.2.1.jar:6.2.1]
	at org.springframework.util.function.ThrowingConsumer$1.accept(ThrowingConsumer.java:86) ~[spring-core-6.2.1.jar:6.2.1]
	at org.springframework.boot.SpringApplication.callRunner(SpringApplication.java:796) ~[spring-boot-3.4.1.jar:3.4.1]
	at org.springframework.boot.SpringApplication.callRunner(SpringApplication.java:787) ~[spring-boot-3.4.1.jar:3.4.1]
	at org.springframework.boot.SpringApplication.lambda$callRunners$3(SpringApplication.java:772) ~[spring-boot-3.4.1.jar:3.4.1]
	at java.base/java.util.stream.ForEachOps$ForEachOp$OfRef.accept(ForEachOps.java:184) ~[na:na]
	at java.base/java.util.stream.SortedOps$SizedRefSortingSink.end(SortedOps.java:357) ~[na:na]
	at java.base/java.util.stream.AbstractPipeline.copyInto(AbstractPipeline.java:510) ~[na:na]
	at java.base/java.util.stream.AbstractPipeline.wrapAndCopyInto(AbstractPipeline.java:499) ~[na:na]
	at java.base/java.util.stream.ForEachOps$ForEachOp.evaluateSequential(ForEachOps.java:151) ~[na:na]
	at java.base/java.util.stream.ForEachOps$ForEachOp$OfRef.evaluateSequential(ForEachOps.java:174) ~[na:na]
	at java.base/java.util.stream.AbstractPipeline.evaluate(AbstractPipeline.java:234) ~[na:na]
	at java.base/java.util.stream.ReferencePipeline.forEach(ReferencePipeline.java:596) ~[na:na]
	at org.springframework.boot.SpringApplication.callRunners(SpringApplication.java:772) ~[spring-boot-3.4.1.jar:3.4.1]
	at org.springframework.boot.SpringApplication.run(SpringApplication.java:325) ~[spring-boot-3.4.1.jar:3.4.1]
	at org.springframework.boot.SpringApplication.run(SpringApplication.java:1361) ~[spring-boot-3.4.1.jar:3.4.1]
	at org.springframework.boot.SpringApplication.run(SpringApplication.java:1350) ~[spring-boot-3.4.1.jar:3.4.1]
	at com.example.relation.RelationApplication.main(RelationApplication.java:11) ~[main/:na]
	at java.base/jdk.internal.reflect.DirectMethodHandleAccessor.invoke(DirectMethodHandleAccessor.java:103) ~[na:na]
	at java.base/java.lang.reflect.Method.invoke(Method.java:580) ~[na:na]
	at org.springframework.boot.devtools.restart.RestartLauncher.run(RestartLauncher.java:50) ~[spring-boot-devtools-3.4.1.jar:3.4.1]
2025-01-17 09:51:51 INFO  [restartedMain] o.s.b.w.e.tomcat.GracefulShutdown - Commencing graceful shutdown. Waiting for active requests to complete
2025-01-17 09:51:51 INFO  [tomcat-shutdown] o.s.b.w.e.tomcat.GracefulShutdown - Graceful shutdown complete
2025-01-17 09:51:51 INFO  [restartedMain] o.s.o.j.LocalContainerEntityManagerFactoryBean - Closing JPA EntityManagerFactory for persistence unit 'default'
2025-01-17 09:51:51 INFO  [restartedMain] com.zaxxer.hikari.HikariDataSource - HikariPool-4 - Shutdown initiated...
2025-01-17 09:51:51 INFO  [restartedMain] com.zaxxer.hikari.HikariDataSource - HikariPool-4 - Shutdown completed.
2025-01-17 09:52:27 INFO  [restartedMain] c.e.relation.RelationApplication - Starting RelationApplication using Java 21.0.5 with PID 27104 (C:\Users\Lee\SeSAC\SeSAC\javaproject\relation\build\classes\java\main started by Lee in C:\Users\Lee\SeSAC\SeSAC\javaproject\relation)
2025-01-17 09:52:27 INFO  [restartedMain] c.e.relation.RelationApplication - No active profile set, falling back to 1 default profile: "default"
2025-01-17 09:52:27 INFO  [restartedMain] o.s.d.r.c.RepositoryConfigurationDelegate - Bootstrapping Spring Data JPA repositories in DEFAULT mode.
2025-01-17 09:52:27 INFO  [restartedMain] o.s.d.r.c.RepositoryConfigurationDelegate - Finished Spring Data repository scanning in 46 ms. Found 6 JPA repository interfaces.
2025-01-17 09:52:28 INFO  [restartedMain] o.s.b.w.e.tomcat.TomcatWebServer - Tomcat initialized with port 8080 (http)
2025-01-17 09:52:28 INFO  [restartedMain] o.a.catalina.core.StandardService - Starting service [Tomcat]
2025-01-17 09:52:28 INFO  [restartedMain] o.a.catalina.core.StandardEngine - Starting Servlet engine: [Apache Tomcat/10.1.34]
2025-01-17 09:52:28 INFO  [restartedMain] o.a.c.c.C.[Tomcat-1].[localhost].[/] - Initializing Spring embedded WebApplicationContext
2025-01-17 09:52:28 INFO  [restartedMain] o.s.b.w.s.c.ServletWebServerApplicationContext - Root WebApplicationContext: initialization completed in 696 ms
2025-01-17 09:52:28 INFO  [restartedMain] o.h.jpa.internal.util.LogHelper - HHH000204: Processing PersistenceUnitInfo [name: default]
2025-01-17 09:52:28 INFO  [restartedMain] o.h.c.i.RegionFactoryInitiator - HHH000026: Second-level cache disabled
2025-01-17 09:52:28 INFO  [restartedMain] o.s.o.j.p.SpringPersistenceUnitInfo - No LoadTimeWeaver setup: ignoring JPA class transformer
2025-01-17 09:52:28 INFO  [restartedMain] com.zaxxer.hikari.HikariDataSource - HikariPool-5 - Starting...
2025-01-17 09:52:28 INFO  [restartedMain] com.zaxxer.hikari.pool.HikariPool - HikariPool-5 - Added connection com.mysql.cj.jdbc.ConnectionImpl@2dd787b6
2025-01-17 09:52:28 INFO  [restartedMain] com.zaxxer.hikari.HikariDataSource - HikariPool-5 - Start completed.
2025-01-17 09:52:28 INFO  [restartedMain] o.hibernate.orm.connections.pooling - HHH10001005: Database info:
	Database JDBC URL [Connecting through datasource 'HikariDataSource (HikariPool-5)']
	Database driver: undefined/unknown
	Database version: 8.0.40
	Autocommit mode: undefined/unknown
	Isolation level: undefined/unknown
	Minimum pool size: undefined/unknown
	Maximum pool size: undefined/unknown
2025-01-17 09:52:28 INFO  [restartedMain] o.h.e.t.j.p.i.JtaPlatformInitiator - HHH000489: No JTA platform available (set 'hibernate.transaction.jta.platform' to enable JTA platform integration)
2025-01-17 09:52:28 INFO  [restartedMain] o.s.o.j.LocalContainerEntityManagerFactoryBean - Initialized JPA EntityManagerFactory for persistence unit 'default'
2025-01-17 09:52:28 DEBUG [restartedMain] o.s.w.f.ServerHttpObservationFilter - Filter 'webMvcObservationFilter' configured for use
2025-01-17 09:52:28 WARN  [restartedMain] o.s.b.w.s.c.AnnotationConfigServletWebServerApplicationContext - Exception encountered during context initialization - cancelling refresh attempt: org.springframework.beans.factory.UnsatisfiedDependencyException: Error creating bean with name 'authController' defined in file [C:\Users\Lee\SeSAC\SeSAC\javaproject\relation\build\classes\java\main\com\example\relation\domain\user\controller\AuthController.class]: Unsatisfied dependency expressed through constructor parameter 0: Error creating bean with name 'authService' defined in file [C:\Users\Lee\SeSAC\SeSAC\javaproject\relation\build\classes\java\main\com\example\relation\domain\user\service\AuthService.class]: Unsatisfied dependency expressed through constructor parameter 1: No qualifying bean of type 'org.springframework.security.crypto.password.PasswordEncoder' available: expected at least 1 bean which qualifies as autowire candidate. Dependency annotations: {}
2025-01-17 09:52:28 INFO  [restartedMain] o.s.o.j.LocalContainerEntityManagerFactoryBean - Closing JPA EntityManagerFactory for persistence unit 'default'
2025-01-17 09:52:28 INFO  [restartedMain] com.zaxxer.hikari.HikariDataSource - HikariPool-5 - Shutdown initiated...
2025-01-17 09:52:28 INFO  [restartedMain] com.zaxxer.hikari.HikariDataSource - HikariPool-5 - Shutdown completed.
2025-01-17 09:52:28 INFO  [restartedMain] o.a.catalina.core.StandardService - Stopping service [Tomcat]
2025-01-17 09:52:28 INFO  [restartedMain] o.s.b.a.l.ConditionEvaluationReportLogger - 

Error starting ApplicationContext. To display the condition evaluation report re-run your application with 'debug' enabled.
2025-01-17 09:52:28 ERROR [restartedMain] o.s.b.d.LoggingFailureAnalysisReporter - 

***************************
APPLICATION FAILED TO START
***************************

Description:

Parameter 1 of constructor in com.example.relation.domain.user.service.AuthService required a bean of type 'org.springframework.security.crypto.password.PasswordEncoder' that could not be found.


Action:

Consider defining a bean of type 'org.springframework.security.crypto.password.PasswordEncoder' in your configuration.

2025-01-17 09:52:30 INFO  [restartedMain] c.e.relation.RelationApplication - Starting RelationApplication using Java 21.0.5 with PID 27104 (C:\Users\Lee\SeSAC\SeSAC\javaproject\relation\build\classes\java\main started by Lee in C:\Users\Lee\SeSAC\SeSAC\javaproject\relation)
2025-01-17 09:52:30 INFO  [restartedMain] c.e.relation.RelationApplication - No active profile set, falling back to 1 default profile: "default"
2025-01-17 09:52:30 INFO  [restartedMain] o.s.d.r.c.RepositoryConfigurationDelegate - Bootstrapping Spring Data JPA repositories in DEFAULT mode.
2025-01-17 09:52:30 INFO  [restartedMain] o.s.d.r.c.RepositoryConfigurationDelegate - Finished Spring Data repository scanning in 49 ms. Found 6 JPA repository interfaces.
2025-01-17 09:52:30 INFO  [restartedMain] o.s.b.w.e.tomcat.TomcatWebServer - Tomcat initialized with port 8080 (http)
2025-01-17 09:52:30 INFO  [restartedMain] o.a.catalina.core.StandardService - Starting service [Tomcat]
2025-01-17 09:52:30 INFO  [restartedMain] o.a.catalina.core.StandardEngine - Starting Servlet engine: [Apache Tomcat/10.1.34]
2025-01-17 09:52:30 INFO  [restartedMain] o.a.c.c.C.[Tomcat-2].[localhost].[/] - Initializing Spring embedded WebApplicationContext
2025-01-17 09:52:30 INFO  [restartedMain] o.s.b.w.s.c.ServletWebServerApplicationContext - Root WebApplicationContext: initialization completed in 749 ms
2025-01-17 09:52:31 INFO  [restartedMain] o.h.jpa.internal.util.LogHelper - HHH000204: Processing PersistenceUnitInfo [name: default]
2025-01-17 09:52:31 INFO  [restartedMain] o.h.c.i.RegionFactoryInitiator - HHH000026: Second-level cache disabled
2025-01-17 09:52:31 INFO  [restartedMain] o.s.o.j.p.SpringPersistenceUnitInfo - No LoadTimeWeaver setup: ignoring JPA class transformer
2025-01-17 09:52:31 INFO  [restartedMain] com.zaxxer.hikari.HikariDataSource - HikariPool-6 - Starting...
2025-01-17 09:52:31 INFO  [restartedMain] com.zaxxer.hikari.pool.HikariPool - HikariPool-6 - Added connection com.mysql.cj.jdbc.ConnectionImpl@14867004
2025-01-17 09:52:31 INFO  [restartedMain] com.zaxxer.hikari.HikariDataSource - HikariPool-6 - Start completed.
2025-01-17 09:52:31 INFO  [restartedMain] o.hibernate.orm.connections.pooling - HHH10001005: Database info:
	Database JDBC URL [Connecting through datasource 'HikariDataSource (HikariPool-6)']
	Database driver: undefined/unknown
	Database version: 8.0.40
	Autocommit mode: undefined/unknown
	Isolation level: undefined/unknown
	Minimum pool size: undefined/unknown
	Maximum pool size: undefined/unknown
2025-01-17 09:52:31 INFO  [restartedMain] o.h.e.t.j.p.i.JtaPlatformInitiator - HHH000489: No JTA platform available (set 'hibernate.transaction.jta.platform' to enable JTA platform integration)
2025-01-17 09:52:31 INFO  [restartedMain] o.s.o.j.LocalContainerEntityManagerFactoryBean - Initialized JPA EntityManagerFactory for persistence unit 'default'
2025-01-17 09:52:31 DEBUG [restartedMain] o.s.w.f.ServerHttpObservationFilter - Filter 'webMvcObservationFilter' configured for use
2025-01-17 09:52:31 WARN  [restartedMain] o.s.b.a.o.j.JpaBaseConfiguration$JpaWebConfiguration - spring.jpa.open-in-view is enabled by default. Therefore, database queries may be performed during view rendering. Explicitly configure spring.jpa.open-in-view to disable this warning
2025-01-17 09:52:31 INFO  [restartedMain] o.s.s.c.a.a.c.InitializeUserDetailsBeanManagerConfigurer$InitializeUserDetailsManagerConfigurer - Global AuthenticationManager configured with UserDetailsService bean with name customUserDetailsService
2025-01-17 09:52:31 DEBUG [restartedMain] o.s.w.s.m.m.a.RequestMappingHandlerMapping - 35 mappings in 'requestMappingHandlerMapping'
2025-01-17 09:52:31 DEBUG [restartedMain] o.s.w.s.c.a.WebMvcConfigurer - Default resource handling disabled
2025-01-17 09:52:31 DEBUG [restartedMain] o.s.w.s.h.SimpleUrlHandlerMapping - Patterns [/images/**] in 'resourceHandlerMapping'
2025-01-17 09:52:31 INFO  [restartedMain] o.s.b.a.e.web.EndpointLinksResolver - Exposing 1 endpoint beneath base path '/actuator'
2025-01-17 09:52:31 DEBUG [restartedMain] o.s.w.s.m.m.a.RequestMappingHandlerAdapter - ControllerAdvice beans: 0 @ModelAttribute, 0 @InitBinder, 1 RequestBodyAdvice, 1 ResponseBodyAdvice
2025-01-17 09:52:31 DEBUG [restartedMain] o.s.w.s.m.m.a.ExceptionHandlerExceptionResolver - ControllerAdvice beans: 1 @ExceptionHandler, 1 ResponseBodyAdvice
2025-01-17 09:52:32 INFO  [restartedMain] o.s.b.d.a.OptionalLiveReloadServer - LiveReload server is running on port 35729
2025-01-17 09:52:32 INFO  [restartedMain] o.s.b.w.e.tomcat.TomcatWebServer - Tomcat started on port 8080 (http) with context path '/'
2025-01-17 09:52:32 INFO  [restartedMain] c.e.relation.RelationApplication - Started RelationApplication in 1.955 seconds (process running for 1184.057)
2025-01-17 09:52:32 TRACE [restartedMain] org.hibernate.orm.jdbc.bind - binding parameter (1:VARCHAR) <- [jun]
2025-01-17 09:52:32 TRACE [restartedMain] org.hibernate.orm.jdbc.bind - binding parameter (2:INTEGER) <- [1]
2025-01-17 09:52:32 INFO  [restartedMain] o.s.b.a.l.ConditionEvaluationReportLogger - 

Error starting ApplicationContext. To display the condition evaluation report re-run your application with 'debug' enabled.
2025-01-17 09:52:32 ERROR [restartedMain] o.s.boot.SpringApplication - Application run failed
java.lang.IllegalArgumentException: 이미 사용중인 아이디입니다.
	at com.example.relation.domain.user.service.AuthService.signup(AuthService.java:31) ~[main/:na]
	at java.base/jdk.internal.reflect.DirectMethodHandleAccessor.invoke(DirectMethodHandleAccessor.java:103) ~[na:na]
	at java.base/java.lang.reflect.Method.invoke(Method.java:580) ~[na:na]
	at org.springframework.aop.support.AopUtils.invokeJoinpointUsingReflection(AopUtils.java:359) ~[spring-aop-6.2.1.jar:6.2.1]
	at org.springframework.aop.framework.ReflectiveMethodInvocation.invokeJoinpoint(ReflectiveMethodInvocation.java:196) ~[spring-aop-6.2.1.jar:6.2.1]
	at org.springframework.aop.framework.ReflectiveMethodInvocation.proceed(ReflectiveMethodInvocation.java:163) ~[spring-aop-6.2.1.jar:6.2.1]
	at org.springframework.transaction.interceptor.TransactionAspectSupport.invokeWithinTransaction(TransactionAspectSupport.java:380) ~[spring-tx-6.2.1.jar:6.2.1]
	at org.springframework.transaction.interceptor.TransactionInterceptor.invoke(TransactionInterceptor.java:119) ~[spring-tx-6.2.1.jar:6.2.1]
	at org.springframework.aop.framework.ReflectiveMethodInvocation.proceed(ReflectiveMethodInvocation.java:184) ~[spring-aop-6.2.1.jar:6.2.1]
	at org.springframework.aop.framework.CglibAopProxy$DynamicAdvisedInterceptor.intercept(CglibAopProxy.java:727) ~[spring-aop-6.2.1.jar:6.2.1]
	at com.example.relation.domain.user.service.AuthService$$SpringCGLIB$$0.signup(<generated>) ~[main/:na]
	at com.example.relation.global.DataInitializer.initUser(DataInitializer.java:44) ~[main/:na]
	at com.example.relation.global.DataInitializer.run(DataInitializer.java:32) ~[main/:na]
	at java.base/jdk.internal.reflect.DirectMethodHandleAccessor.invoke(DirectMethodHandleAccessor.java:103) ~[na:na]
	at java.base/java.lang.reflect.Method.invoke(Method.java:580) ~[na:na]
	at org.springframework.aop.support.AopUtils.invokeJoinpointUsingReflection(AopUtils.java:359) ~[spring-aop-6.2.1.jar:6.2.1]
	at org.springframework.aop.framework.CglibAopProxy$DynamicAdvisedInterceptor.intercept(CglibAopProxy.java:723) ~[spring-aop-6.2.1.jar:6.2.1]
	at com.example.relation.global.DataInitializer$$SpringCGLIB$$0.run(<generated>) ~[main/:na]
	at org.springframework.boot.SpringApplication.lambda$callRunner$5(SpringApplication.java:788) ~[spring-boot-3.4.1.jar:3.4.1]
	at org.springframework.util.function.ThrowingConsumer$1.acceptWithException(ThrowingConsumer.java:82) ~[spring-core-6.2.1.jar:6.2.1]
	at org.springframework.util.function.ThrowingConsumer.accept(ThrowingConsumer.java:60) ~[spring-core-6.2.1.jar:6.2.1]
	at org.springframework.util.function.ThrowingConsumer$1.accept(ThrowingConsumer.java:86) ~[spring-core-6.2.1.jar:6.2.1]
	at org.springframework.boot.SpringApplication.callRunner(SpringApplication.java:796) ~[spring-boot-3.4.1.jar:3.4.1]
	at org.springframework.boot.SpringApplication.callRunner(SpringApplication.java:787) ~[spring-boot-3.4.1.jar:3.4.1]
	at org.springframework.boot.SpringApplication.lambda$callRunners$3(SpringApplication.java:772) ~[spring-boot-3.4.1.jar:3.4.1]
	at java.base/java.util.stream.ForEachOps$ForEachOp$OfRef.accept(ForEachOps.java:184) ~[na:na]
	at java.base/java.util.stream.SortedOps$SizedRefSortingSink.end(SortedOps.java:357) ~[na:na]
	at java.base/java.util.stream.AbstractPipeline.copyInto(AbstractPipeline.java:510) ~[na:na]
	at java.base/java.util.stream.AbstractPipeline.wrapAndCopyInto(AbstractPipeline.java:499) ~[na:na]
	at java.base/java.util.stream.ForEachOps$ForEachOp.evaluateSequential(ForEachOps.java:151) ~[na:na]
	at java.base/java.util.stream.ForEachOps$ForEachOp$OfRef.evaluateSequential(ForEachOps.java:174) ~[na:na]
	at java.base/java.util.stream.AbstractPipeline.evaluate(AbstractPipeline.java:234) ~[na:na]
	at java.base/java.util.stream.ReferencePipeline.forEach(ReferencePipeline.java:596) ~[na:na]
	at org.springframework.boot.SpringApplication.callRunners(SpringApplication.java:772) ~[spring-boot-3.4.1.jar:3.4.1]
	at org.springframework.boot.SpringApplication.run(SpringApplication.java:325) ~[spring-boot-3.4.1.jar:3.4.1]
	at org.springframework.boot.SpringApplication.run(SpringApplication.java:1361) ~[spring-boot-3.4.1.jar:3.4.1]
	at org.springframework.boot.SpringApplication.run(SpringApplication.java:1350) ~[spring-boot-3.4.1.jar:3.4.1]
	at com.example.relation.RelationApplication.main(RelationApplication.java:11) ~[main/:na]
	at java.base/jdk.internal.reflect.DirectMethodHandleAccessor.invoke(DirectMethodHandleAccessor.java:103) ~[na:na]
	at java.base/java.lang.reflect.Method.invoke(Method.java:580) ~[na:na]
	at org.springframework.boot.devtools.restart.RestartLauncher.run(RestartLauncher.java:50) ~[spring-boot-devtools-3.4.1.jar:3.4.1]
2025-01-17 09:52:32 INFO  [restartedMain] o.s.b.w.e.tomcat.GracefulShutdown - Commencing graceful shutdown. Waiting for active requests to complete
2025-01-17 09:52:32 INFO  [tomcat-shutdown] o.s.b.w.e.tomcat.GracefulShutdown - Graceful shutdown complete
2025-01-17 09:52:32 INFO  [restartedMain] o.s.o.j.LocalContainerEntityManagerFactoryBean - Closing JPA EntityManagerFactory for persistence unit 'default'
2025-01-17 09:52:32 INFO  [restartedMain] com.zaxxer.hikari.HikariDataSource - HikariPool-6 - Shutdown initiated...
2025-01-17 09:52:32 INFO  [restartedMain] com.zaxxer.hikari.HikariDataSource - HikariPool-6 - Shutdown completed.
2025-01-17 09:53:31 INFO  [restartedMain] c.e.relation.RelationApplication - Starting RelationApplication using Java 21.0.5 with PID 27104 (C:\Users\Lee\SeSAC\SeSAC\javaproject\relation\build\classes\java\main started by Lee in C:\Users\Lee\SeSAC\SeSAC\javaproject\relation)
2025-01-17 09:53:31 INFO  [restartedMain] c.e.relation.RelationApplication - No active profile set, falling back to 1 default profile: "default"
2025-01-17 09:53:31 INFO  [restartedMain] o.s.d.r.c.RepositoryConfigurationDelegate - Bootstrapping Spring Data JPA repositories in DEFAULT mode.
2025-01-17 09:53:31 INFO  [restartedMain] o.s.d.r.c.RepositoryConfigurationDelegate - Finished Spring Data repository scanning in 44 ms. Found 6 JPA repository interfaces.
2025-01-17 09:53:31 INFO  [restartedMain] o.s.b.w.e.tomcat.TomcatWebServer - Tomcat initialized with port 8080 (http)
2025-01-17 09:53:31 INFO  [restartedMain] o.a.catalina.core.StandardService - Starting service [Tomcat]
2025-01-17 09:53:31 INFO  [restartedMain] o.a.catalina.core.StandardEngine - Starting Servlet engine: [Apache Tomcat/10.1.34]
2025-01-17 09:53:31 INFO  [restartedMain] o.a.c.c.C.[Tomcat-2].[localhost].[/] - Initializing Spring embedded WebApplicationContext
2025-01-17 09:53:31 INFO  [restartedMain] o.s.b.w.s.c.ServletWebServerApplicationContext - Root WebApplicationContext: initialization completed in 656 ms
2025-01-17 09:53:31 INFO  [restartedMain] o.h.jpa.internal.util.LogHelper - HHH000204: Processing PersistenceUnitInfo [name: default]
2025-01-17 09:53:31 INFO  [restartedMain] o.h.c.i.RegionFactoryInitiator - HHH000026: Second-level cache disabled
2025-01-17 09:53:31 INFO  [restartedMain] o.s.o.j.p.SpringPersistenceUnitInfo - No LoadTimeWeaver setup: ignoring JPA class transformer
2025-01-17 09:53:31 INFO  [restartedMain] com.zaxxer.hikari.HikariDataSource - HikariPool-7 - Starting...
2025-01-17 09:53:31 INFO  [restartedMain] com.zaxxer.hikari.pool.HikariPool - HikariPool-7 - Added connection com.mysql.cj.jdbc.ConnectionImpl@4472c2c4
2025-01-17 09:53:31 INFO  [restartedMain] com.zaxxer.hikari.HikariDataSource - HikariPool-7 - Start completed.
2025-01-17 09:53:31 INFO  [restartedMain] o.hibernate.orm.connections.pooling - HHH10001005: Database info:
	Database JDBC URL [Connecting through datasource 'HikariDataSource (HikariPool-7)']
	Database driver: undefined/unknown
	Database version: 8.0.40
	Autocommit mode: undefined/unknown
	Isolation level: undefined/unknown
	Minimum pool size: undefined/unknown
	Maximum pool size: undefined/unknown
2025-01-17 09:53:32 INFO  [restartedMain] o.h.e.t.j.p.i.JtaPlatformInitiator - HHH000489: No JTA platform available (set 'hibernate.transaction.jta.platform' to enable JTA platform integration)
2025-01-17 09:53:32 INFO  [restartedMain] o.s.o.j.LocalContainerEntityManagerFactoryBean - Initialized JPA EntityManagerFactory for persistence unit 'default'
2025-01-17 09:53:32 DEBUG [restartedMain] o.s.w.f.ServerHttpObservationFilter - Filter 'webMvcObservationFilter' configured for use
2025-01-17 09:53:32 WARN  [restartedMain] o.s.b.a.o.j.JpaBaseConfiguration$JpaWebConfiguration - spring.jpa.open-in-view is enabled by default. Therefore, database queries may be performed during view rendering. Explicitly configure spring.jpa.open-in-view to disable this warning
2025-01-17 09:53:32 INFO  [restartedMain] o.s.s.c.a.a.c.InitializeUserDetailsBeanManagerConfigurer$InitializeUserDetailsManagerConfigurer - Global AuthenticationManager configured with UserDetailsService bean with name customUserDetailsService
2025-01-17 09:53:32 DEBUG [restartedMain] o.s.w.s.m.m.a.RequestMappingHandlerMapping - 35 mappings in 'requestMappingHandlerMapping'
2025-01-17 09:53:32 DEBUG [restartedMain] o.s.w.s.c.a.WebMvcConfigurer - Default resource handling disabled
2025-01-17 09:53:32 DEBUG [restartedMain] o.s.w.s.h.SimpleUrlHandlerMapping - Patterns [/images/**] in 'resourceHandlerMapping'
2025-01-17 09:53:32 INFO  [restartedMain] o.s.b.a.e.web.EndpointLinksResolver - Exposing 1 endpoint beneath base path '/actuator'
2025-01-17 09:53:32 DEBUG [restartedMain] o.s.w.s.m.m.a.RequestMappingHandlerAdapter - ControllerAdvice beans: 0 @ModelAttribute, 0 @InitBinder, 1 RequestBodyAdvice, 1 ResponseBodyAdvice
2025-01-17 09:53:32 DEBUG [restartedMain] o.s.w.s.m.m.a.ExceptionHandlerExceptionResolver - ControllerAdvice beans: 1 @ExceptionHandler, 1 ResponseBodyAdvice
2025-01-17 09:53:32 INFO  [restartedMain] o.s.b.d.a.OptionalLiveReloadServer - LiveReload server is running on port 35729
2025-01-17 09:53:32 INFO  [restartedMain] o.s.b.w.e.tomcat.TomcatWebServer - Tomcat started on port 8080 (http) with context path '/'
2025-01-17 09:53:32 INFO  [restartedMain] c.e.relation.RelationApplication - Started RelationApplication in 1.722 seconds (process running for 1244.866)
2025-01-17 09:53:32 TRACE [restartedMain] org.hibernate.orm.jdbc.bind - binding parameter (1:VARCHAR) <- [jun]
2025-01-17 09:53:32 TRACE [restartedMain] org.hibernate.orm.jdbc.bind - binding parameter (2:INTEGER) <- [1]
2025-01-17 09:53:32 INFO  [restartedMain] o.s.b.a.l.ConditionEvaluationReportLogger - 

Error starting ApplicationContext. To display the condition evaluation report re-run your application with 'debug' enabled.
2025-01-17 09:53:32 ERROR [restartedMain] o.s.boot.SpringApplication - Application run failed
java.lang.IllegalArgumentException: 이미 사용중인 아이디입니다.
	at com.example.relation.domain.user.service.AuthService.signup(AuthService.java:31) ~[main/:na]
	at java.base/jdk.internal.reflect.DirectMethodHandleAccessor.invoke(DirectMethodHandleAccessor.java:103) ~[na:na]
	at java.base/java.lang.reflect.Method.invoke(Method.java:580) ~[na:na]
	at org.springframework.aop.support.AopUtils.invokeJoinpointUsingReflection(AopUtils.java:359) ~[spring-aop-6.2.1.jar:6.2.1]
	at org.springframework.aop.framework.ReflectiveMethodInvocation.invokeJoinpoint(ReflectiveMethodInvocation.java:196) ~[spring-aop-6.2.1.jar:6.2.1]
	at org.springframework.aop.framework.ReflectiveMethodInvocation.proceed(ReflectiveMethodInvocation.java:163) ~[spring-aop-6.2.1.jar:6.2.1]
	at org.springframework.transaction.interceptor.TransactionAspectSupport.invokeWithinTransaction(TransactionAspectSupport.java:380) ~[spring-tx-6.2.1.jar:6.2.1]
	at org.springframework.transaction.interceptor.TransactionInterceptor.invoke(TransactionInterceptor.java:119) ~[spring-tx-6.2.1.jar:6.2.1]
	at org.springframework.aop.framework.ReflectiveMethodInvocation.proceed(ReflectiveMethodInvocation.java:184) ~[spring-aop-6.2.1.jar:6.2.1]
	at org.springframework.aop.framework.CglibAopProxy$DynamicAdvisedInterceptor.intercept(CglibAopProxy.java:727) ~[spring-aop-6.2.1.jar:6.2.1]
	at com.example.relation.domain.user.service.AuthService$$SpringCGLIB$$0.signup(<generated>) ~[main/:na]
	at com.example.relation.global.DataInitializer.initUser(DataInitializer.java:44) ~[main/:na]
	at com.example.relation.global.DataInitializer.run(DataInitializer.java:32) ~[main/:na]
	at java.base/jdk.internal.reflect.DirectMethodHandleAccessor.invoke(DirectMethodHandleAccessor.java:103) ~[na:na]
	at java.base/java.lang.reflect.Method.invoke(Method.java:580) ~[na:na]
	at org.springframework.aop.support.AopUtils.invokeJoinpointUsingReflection(AopUtils.java:359) ~[spring-aop-6.2.1.jar:6.2.1]
	at org.springframework.aop.framework.CglibAopProxy$DynamicAdvisedInterceptor.intercept(CglibAopProxy.java:723) ~[spring-aop-6.2.1.jar:6.2.1]
	at com.example.relation.global.DataInitializer$$SpringCGLIB$$0.run(<generated>) ~[main/:na]
	at org.springframework.boot.SpringApplication.lambda$callRunner$5(SpringApplication.java:788) ~[spring-boot-3.4.1.jar:3.4.1]
	at org.springframework.util.function.ThrowingConsumer$1.acceptWithException(ThrowingConsumer.java:82) ~[spring-core-6.2.1.jar:6.2.1]
	at org.springframework.util.function.ThrowingConsumer.accept(ThrowingConsumer.java:60) ~[spring-core-6.2.1.jar:6.2.1]
	at org.springframework.util.function.ThrowingConsumer$1.accept(ThrowingConsumer.java:86) ~[spring-core-6.2.1.jar:6.2.1]
	at org.springframework.boot.SpringApplication.callRunner(SpringApplication.java:796) ~[spring-boot-3.4.1.jar:3.4.1]
	at org.springframework.boot.SpringApplication.callRunner(SpringApplication.java:787) ~[spring-boot-3.4.1.jar:3.4.1]
	at org.springframework.boot.SpringApplication.lambda$callRunners$3(SpringApplication.java:772) ~[spring-boot-3.4.1.jar:3.4.1]
	at java.base/java.util.stream.ForEachOps$ForEachOp$OfRef.accept(ForEachOps.java:184) ~[na:na]
	at java.base/java.util.stream.SortedOps$SizedRefSortingSink.end(SortedOps.java:357) ~[na:na]
	at java.base/java.util.stream.AbstractPipeline.copyInto(AbstractPipeline.java:510) ~[na:na]
	at java.base/java.util.stream.AbstractPipeline.wrapAndCopyInto(AbstractPipeline.java:499) ~[na:na]
	at java.base/java.util.stream.ForEachOps$ForEachOp.evaluateSequential(ForEachOps.java:151) ~[na:na]
	at java.base/java.util.stream.ForEachOps$ForEachOp$OfRef.evaluateSequential(ForEachOps.java:174) ~[na:na]
	at java.base/java.util.stream.AbstractPipeline.evaluate(AbstractPipeline.java:234) ~[na:na]
	at java.base/java.util.stream.ReferencePipeline.forEach(ReferencePipeline.java:596) ~[na:na]
	at org.springframework.boot.SpringApplication.callRunners(SpringApplication.java:772) ~[spring-boot-3.4.1.jar:3.4.1]
	at org.springframework.boot.SpringApplication.run(SpringApplication.java:325) ~[spring-boot-3.4.1.jar:3.4.1]
	at org.springframework.boot.SpringApplication.run(SpringApplication.java:1361) ~[spring-boot-3.4.1.jar:3.4.1]
	at org.springframework.boot.SpringApplication.run(SpringApplication.java:1350) ~[spring-boot-3.4.1.jar:3.4.1]
	at com.example.relation.RelationApplication.main(RelationApplication.java:11) ~[main/:na]
	at java.base/jdk.internal.reflect.DirectMethodHandleAccessor.invoke(DirectMethodHandleAccessor.java:103) ~[na:na]
	at java.base/java.lang.reflect.Method.invoke(Method.java:580) ~[na:na]
	at org.springframework.boot.devtools.restart.RestartLauncher.run(RestartLauncher.java:50) ~[spring-boot-devtools-3.4.1.jar:3.4.1]
2025-01-17 09:53:32 INFO  [restartedMain] o.s.b.w.e.tomcat.GracefulShutdown - Commencing graceful shutdown. Waiting for active requests to complete
2025-01-17 09:53:32 INFO  [tomcat-shutdown] o.s.b.w.e.tomcat.GracefulShutdown - Graceful shutdown complete
2025-01-17 09:53:32 INFO  [restartedMain] o.s.o.j.LocalContainerEntityManagerFactoryBean - Closing JPA EntityManagerFactory for persistence unit 'default'
2025-01-17 09:53:32 INFO  [restartedMain] com.zaxxer.hikari.HikariDataSource - HikariPool-7 - Shutdown initiated...
2025-01-17 09:53:32 INFO  [restartedMain] com.zaxxer.hikari.HikariDataSource - HikariPool-7 - Shutdown completed.
2025-01-17 09:55:05 INFO  [restartedMain] c.e.relation.RelationApplication - Starting RelationApplication using Java 21.0.5 with PID 27104 (C:\Users\Lee\SeSAC\SeSAC\javaproject\relation\build\classes\java\main started by Lee in C:\Users\Lee\SeSAC\SeSAC\javaproject\relation)
2025-01-17 09:55:05 INFO  [restartedMain] c.e.relation.RelationApplication - No active profile set, falling back to 1 default profile: "default"
2025-01-17 09:55:06 INFO  [restartedMain] o.s.d.r.c.RepositoryConfigurationDelegate - Bootstrapping Spring Data JPA repositories in DEFAULT mode.
2025-01-17 09:55:06 INFO  [restartedMain] o.s.d.r.c.RepositoryConfigurationDelegate - Finished Spring Data repository scanning in 36 ms. Found 6 JPA repository interfaces.
2025-01-17 09:55:06 INFO  [restartedMain] o.s.b.w.e.tomcat.TomcatWebServer - Tomcat initialized with port 8080 (http)
2025-01-17 09:55:06 INFO  [restartedMain] o.a.catalina.core.StandardService - Starting service [Tomcat]
2025-01-17 09:55:06 INFO  [restartedMain] o.a.catalina.core.StandardEngine - Starting Servlet engine: [Apache Tomcat/10.1.34]
2025-01-17 09:55:06 INFO  [restartedMain] o.a.c.c.C.[Tomcat-2].[localhost].[/] - Initializing Spring embedded WebApplicationContext
2025-01-17 09:55:06 INFO  [restartedMain] o.s.b.w.s.c.ServletWebServerApplicationContext - Root WebApplicationContext: initialization completed in 655 ms
2025-01-17 09:55:06 INFO  [restartedMain] o.h.jpa.internal.util.LogHelper - HHH000204: Processing PersistenceUnitInfo [name: default]
2025-01-17 09:55:06 INFO  [restartedMain] o.h.c.i.RegionFactoryInitiator - HHH000026: Second-level cache disabled
2025-01-17 09:55:06 INFO  [restartedMain] o.s.o.j.p.SpringPersistenceUnitInfo - No LoadTimeWeaver setup: ignoring JPA class transformer
2025-01-17 09:55:06 INFO  [restartedMain] com.zaxxer.hikari.HikariDataSource - HikariPool-8 - Starting...
2025-01-17 09:55:06 INFO  [restartedMain] com.zaxxer.hikari.pool.HikariPool - HikariPool-8 - Added connection com.mysql.cj.jdbc.ConnectionImpl@30e69d24
2025-01-17 09:55:06 INFO  [restartedMain] com.zaxxer.hikari.HikariDataSource - HikariPool-8 - Start completed.
2025-01-17 09:55:06 INFO  [restartedMain] o.hibernate.orm.connections.pooling - HHH10001005: Database info:
	Database JDBC URL [Connecting through datasource 'HikariDataSource (HikariPool-8)']
	Database driver: undefined/unknown
	Database version: 8.0.40
	Autocommit mode: undefined/unknown
	Isolation level: undefined/unknown
	Minimum pool size: undefined/unknown
	Maximum pool size: undefined/unknown
2025-01-17 09:55:06 INFO  [restartedMain] o.h.e.t.j.p.i.JtaPlatformInitiator - HHH000489: No JTA platform available (set 'hibernate.transaction.jta.platform' to enable JTA platform integration)
2025-01-17 09:55:06 INFO  [restartedMain] o.s.o.j.LocalContainerEntityManagerFactoryBean - Initialized JPA EntityManagerFactory for persistence unit 'default'
2025-01-17 09:55:06 DEBUG [restartedMain] o.s.w.f.ServerHttpObservationFilter - Filter 'webMvcObservationFilter' configured for use
2025-01-17 09:55:06 WARN  [restartedMain] o.s.b.a.o.j.JpaBaseConfiguration$JpaWebConfiguration - spring.jpa.open-in-view is enabled by default. Therefore, database queries may be performed during view rendering. Explicitly configure spring.jpa.open-in-view to disable this warning
2025-01-17 09:55:06 INFO  [restartedMain] o.s.s.c.a.a.c.InitializeUserDetailsBeanManagerConfigurer$InitializeUserDetailsManagerConfigurer - Global AuthenticationManager configured with UserDetailsService bean with name customUserDetailsService
2025-01-17 09:55:06 DEBUG [restartedMain] o.s.w.s.m.m.a.RequestMappingHandlerMapping - 35 mappings in 'requestMappingHandlerMapping'
2025-01-17 09:55:07 DEBUG [restartedMain] o.s.w.s.c.a.WebMvcConfigurer - Default resource handling disabled
2025-01-17 09:55:07 DEBUG [restartedMain] o.s.w.s.h.SimpleUrlHandlerMapping - Patterns [/images/**] in 'resourceHandlerMapping'
2025-01-17 09:55:07 INFO  [restartedMain] o.s.b.a.e.web.EndpointLinksResolver - Exposing 1 endpoint beneath base path '/actuator'
2025-01-17 09:55:07 DEBUG [restartedMain] o.s.w.s.m.m.a.RequestMappingHandlerAdapter - ControllerAdvice beans: 0 @ModelAttribute, 0 @InitBinder, 1 RequestBodyAdvice, 1 ResponseBodyAdvice
2025-01-17 09:55:07 DEBUG [restartedMain] o.s.w.s.m.m.a.ExceptionHandlerExceptionResolver - ControllerAdvice beans: 1 @ExceptionHandler, 1 ResponseBodyAdvice
2025-01-17 09:55:07 INFO  [restartedMain] o.s.b.d.a.OptionalLiveReloadServer - LiveReload server is running on port 35729
2025-01-17 09:55:07 INFO  [restartedMain] o.s.b.w.e.tomcat.TomcatWebServer - Tomcat started on port 8080 (http) with context path '/'
2025-01-17 09:55:07 INFO  [restartedMain] c.e.relation.RelationApplication - Started RelationApplication in 1.599 seconds (process running for 1339.369)
2025-01-17 09:55:07 TRACE [restartedMain] org.hibernate.orm.jdbc.bind - binding parameter (1:VARCHAR) <- [jun]
2025-01-17 09:55:07 TRACE [restartedMain] org.hibernate.orm.jdbc.bind - binding parameter (2:INTEGER) <- [1]
2025-01-17 09:55:07 INFO  [restartedMain] o.s.b.a.l.ConditionEvaluationReportLogger - 

Error starting ApplicationContext. To display the condition evaluation report re-run your application with 'debug' enabled.
2025-01-17 09:55:07 ERROR [restartedMain] o.s.boot.SpringApplication - Application run failed
java.lang.IllegalArgumentException: 이미 사용중인 아이디입니다.
	at com.example.relation.domain.user.service.AuthService.signup(AuthService.java:31) ~[main/:na]
	at java.base/jdk.internal.reflect.DirectMethodHandleAccessor.invoke(DirectMethodHandleAccessor.java:103) ~[na:na]
	at java.base/java.lang.reflect.Method.invoke(Method.java:580) ~[na:na]
	at org.springframework.aop.support.AopUtils.invokeJoinpointUsingReflection(AopUtils.java:359) ~[spring-aop-6.2.1.jar:6.2.1]
	at org.springframework.aop.framework.ReflectiveMethodInvocation.invokeJoinpoint(ReflectiveMethodInvocation.java:196) ~[spring-aop-6.2.1.jar:6.2.1]
	at org.springframework.aop.framework.ReflectiveMethodInvocation.proceed(ReflectiveMethodInvocation.java:163) ~[spring-aop-6.2.1.jar:6.2.1]
	at org.springframework.transaction.interceptor.TransactionAspectSupport.invokeWithinTransaction(TransactionAspectSupport.java:380) ~[spring-tx-6.2.1.jar:6.2.1]
	at org.springframework.transaction.interceptor.TransactionInterceptor.invoke(TransactionInterceptor.java:119) ~[spring-tx-6.2.1.jar:6.2.1]
	at org.springframework.aop.framework.ReflectiveMethodInvocation.proceed(ReflectiveMethodInvocation.java:184) ~[spring-aop-6.2.1.jar:6.2.1]
	at org.springframework.aop.framework.CglibAopProxy$DynamicAdvisedInterceptor.intercept(CglibAopProxy.java:727) ~[spring-aop-6.2.1.jar:6.2.1]
	at com.example.relation.domain.user.service.AuthService$$SpringCGLIB$$0.signup(<generated>) ~[main/:na]
	at com.example.relation.global.DataInitializer.initUser(DataInitializer.java:44) ~[main/:na]
	at com.example.relation.global.DataInitializer.run(DataInitializer.java:32) ~[main/:na]
	at java.base/jdk.internal.reflect.DirectMethodHandleAccessor.invoke(DirectMethodHandleAccessor.java:103) ~[na:na]
	at java.base/java.lang.reflect.Method.invoke(Method.java:580) ~[na:na]
	at org.springframework.aop.support.AopUtils.invokeJoinpointUsingReflection(AopUtils.java:359) ~[spring-aop-6.2.1.jar:6.2.1]
	at org.springframework.aop.framework.CglibAopProxy$DynamicAdvisedInterceptor.intercept(CglibAopProxy.java:723) ~[spring-aop-6.2.1.jar:6.2.1]
	at com.example.relation.global.DataInitializer$$SpringCGLIB$$0.run(<generated>) ~[main/:na]
	at org.springframework.boot.SpringApplication.lambda$callRunner$5(SpringApplication.java:788) ~[spring-boot-3.4.1.jar:3.4.1]
	at org.springframework.util.function.ThrowingConsumer$1.acceptWithException(ThrowingConsumer.java:82) ~[spring-core-6.2.1.jar:6.2.1]
	at org.springframework.util.function.ThrowingConsumer.accept(ThrowingConsumer.java:60) ~[spring-core-6.2.1.jar:6.2.1]
	at org.springframework.util.function.ThrowingConsumer$1.accept(ThrowingConsumer.java:86) ~[spring-core-6.2.1.jar:6.2.1]
	at org.springframework.boot.SpringApplication.callRunner(SpringApplication.java:796) ~[spring-boot-3.4.1.jar:3.4.1]
	at org.springframework.boot.SpringApplication.callRunner(SpringApplication.java:787) ~[spring-boot-3.4.1.jar:3.4.1]
	at org.springframework.boot.SpringApplication.lambda$callRunners$3(SpringApplication.java:772) ~[spring-boot-3.4.1.jar:3.4.1]
	at java.base/java.util.stream.ForEachOps$ForEachOp$OfRef.accept(ForEachOps.java:184) ~[na:na]
	at java.base/java.util.stream.SortedOps$SizedRefSortingSink.end(SortedOps.java:357) ~[na:na]
	at java.base/java.util.stream.AbstractPipeline.copyInto(AbstractPipeline.java:510) ~[na:na]
	at java.base/java.util.stream.AbstractPipeline.wrapAndCopyInto(AbstractPipeline.java:499) ~[na:na]
	at java.base/java.util.stream.ForEachOps$ForEachOp.evaluateSequential(ForEachOps.java:151) ~[na:na]
	at java.base/java.util.stream.ForEachOps$ForEachOp$OfRef.evaluateSequential(ForEachOps.java:174) ~[na:na]
	at java.base/java.util.stream.AbstractPipeline.evaluate(AbstractPipeline.java:234) ~[na:na]
	at java.base/java.util.stream.ReferencePipeline.forEach(ReferencePipeline.java:596) ~[na:na]
	at org.springframework.boot.SpringApplication.callRunners(SpringApplication.java:772) ~[spring-boot-3.4.1.jar:3.4.1]
	at org.springframework.boot.SpringApplication.run(SpringApplication.java:325) ~[spring-boot-3.4.1.jar:3.4.1]
	at org.springframework.boot.SpringApplication.run(SpringApplication.java:1361) ~[spring-boot-3.4.1.jar:3.4.1]
	at org.springframework.boot.SpringApplication.run(SpringApplication.java:1350) ~[spring-boot-3.4.1.jar:3.4.1]
	at com.example.relation.RelationApplication.main(RelationApplication.java:11) ~[main/:na]
	at java.base/jdk.internal.reflect.DirectMethodHandleAccessor.invoke(DirectMethodHandleAccessor.java:103) ~[na:na]
	at java.base/java.lang.reflect.Method.invoke(Method.java:580) ~[na:na]
	at org.springframework.boot.devtools.restart.RestartLauncher.run(RestartLauncher.java:50) ~[spring-boot-devtools-3.4.1.jar:3.4.1]
2025-01-17 09:55:07 INFO  [restartedMain] o.s.b.w.e.tomcat.GracefulShutdown - Commencing graceful shutdown. Waiting for active requests to complete
2025-01-17 09:55:07 INFO  [tomcat-shutdown] o.s.b.w.e.tomcat.GracefulShutdown - Graceful shutdown complete
2025-01-17 09:55:07 INFO  [restartedMain] o.s.o.j.LocalContainerEntityManagerFactoryBean - Closing JPA EntityManagerFactory for persistence unit 'default'
2025-01-17 09:55:07 INFO  [restartedMain] com.zaxxer.hikari.HikariDataSource - HikariPool-8 - Shutdown initiated...
2025-01-17 09:55:07 INFO  [restartedMain] com.zaxxer.hikari.HikariDataSource - HikariPool-8 - Shutdown completed.
2025-01-17 09:55:16 INFO  [restartedMain] c.e.relation.RelationApplication - Starting RelationApplication using Java 21.0.5 with PID 27104 (C:\Users\Lee\SeSAC\SeSAC\javaproject\relation\build\classes\java\main started by Lee in C:\Users\Lee\SeSAC\SeSAC\javaproject\relation)
2025-01-17 09:55:16 INFO  [restartedMain] c.e.relation.RelationApplication - No active profile set, falling back to 1 default profile: "default"
2025-01-17 09:55:16 INFO  [restartedMain] o.s.d.r.c.RepositoryConfigurationDelegate - Bootstrapping Spring Data JPA repositories in DEFAULT mode.
2025-01-17 09:55:16 INFO  [restartedMain] o.s.d.r.c.RepositoryConfigurationDelegate - Finished Spring Data repository scanning in 37 ms. Found 6 JPA repository interfaces.
2025-01-17 09:55:16 INFO  [restartedMain] o.s.b.w.e.tomcat.TomcatWebServer - Tomcat initialized with port 8080 (http)
2025-01-17 09:55:16 INFO  [restartedMain] o.a.catalina.core.StandardService - Starting service [Tomcat]
2025-01-17 09:55:16 INFO  [restartedMain] o.a.catalina.core.StandardEngine - Starting Servlet engine: [Apache Tomcat/10.1.34]
2025-01-17 09:55:16 INFO  [restartedMain] o.a.c.c.C.[Tomcat-2].[localhost].[/] - Initializing Spring embedded WebApplicationContext
2025-01-17 09:55:16 INFO  [restartedMain] o.s.b.w.s.c.ServletWebServerApplicationContext - Root WebApplicationContext: initialization completed in 624 ms
2025-01-17 09:55:16 INFO  [restartedMain] o.h.jpa.internal.util.LogHelper - HHH000204: Processing PersistenceUnitInfo [name: default]
2025-01-17 09:55:16 INFO  [restartedMain] o.h.c.i.RegionFactoryInitiator - HHH000026: Second-level cache disabled
2025-01-17 09:55:17 INFO  [restartedMain] o.s.o.j.p.SpringPersistenceUnitInfo - No LoadTimeWeaver setup: ignoring JPA class transformer
2025-01-17 09:55:17 INFO  [restartedMain] com.zaxxer.hikari.HikariDataSource - HikariPool-9 - Starting...
2025-01-17 09:55:17 INFO  [restartedMain] com.zaxxer.hikari.pool.HikariPool - HikariPool-9 - Added connection com.mysql.cj.jdbc.ConnectionImpl@439e0c9d
2025-01-17 09:55:17 INFO  [restartedMain] com.zaxxer.hikari.HikariDataSource - HikariPool-9 - Start completed.
2025-01-17 09:55:17 INFO  [restartedMain] o.hibernate.orm.connections.pooling - HHH10001005: Database info:
	Database JDBC URL [Connecting through datasource 'HikariDataSource (HikariPool-9)']
	Database driver: undefined/unknown
	Database version: 8.0.40
	Autocommit mode: undefined/unknown
	Isolation level: undefined/unknown
	Minimum pool size: undefined/unknown
	Maximum pool size: undefined/unknown
2025-01-17 09:55:17 INFO  [restartedMain] o.h.e.t.j.p.i.JtaPlatformInitiator - HHH000489: No JTA platform available (set 'hibernate.transaction.jta.platform' to enable JTA platform integration)
2025-01-17 09:55:17 INFO  [restartedMain] o.s.o.j.LocalContainerEntityManagerFactoryBean - Initialized JPA EntityManagerFactory for persistence unit 'default'
2025-01-17 09:55:17 DEBUG [restartedMain] o.s.w.f.ServerHttpObservationFilter - Filter 'webMvcObservationFilter' configured for use
2025-01-17 09:55:17 WARN  [restartedMain] o.s.b.a.o.j.JpaBaseConfiguration$JpaWebConfiguration - spring.jpa.open-in-view is enabled by default. Therefore, database queries may be performed during view rendering. Explicitly configure spring.jpa.open-in-view to disable this warning
2025-01-17 09:55:17 INFO  [restartedMain] o.s.s.c.a.a.c.InitializeUserDetailsBeanManagerConfigurer$InitializeUserDetailsManagerConfigurer - Global AuthenticationManager configured with UserDetailsService bean with name customUserDetailsService
2025-01-17 09:55:17 DEBUG [restartedMain] o.s.w.s.m.m.a.RequestMappingHandlerMapping - 35 mappings in 'requestMappingHandlerMapping'
2025-01-17 09:55:17 DEBUG [restartedMain] o.s.w.s.c.a.WebMvcConfigurer - Default resource handling disabled
2025-01-17 09:55:17 DEBUG [restartedMain] o.s.w.s.h.SimpleUrlHandlerMapping - Patterns [/images/**] in 'resourceHandlerMapping'
2025-01-17 09:55:17 INFO  [restartedMain] o.s.b.a.e.web.EndpointLinksResolver - Exposing 1 endpoint beneath base path '/actuator'
2025-01-17 09:55:17 DEBUG [restartedMain] o.s.w.s.m.m.a.RequestMappingHandlerAdapter - ControllerAdvice beans: 0 @ModelAttribute, 0 @InitBinder, 1 RequestBodyAdvice, 1 ResponseBodyAdvice
2025-01-17 09:55:17 DEBUG [restartedMain] o.s.w.s.m.m.a.ExceptionHandlerExceptionResolver - ControllerAdvice beans: 1 @ExceptionHandler, 1 ResponseBodyAdvice
2025-01-17 09:55:17 INFO  [restartedMain] o.s.b.d.a.OptionalLiveReloadServer - LiveReload server is running on port 35729
2025-01-17 09:55:17 INFO  [restartedMain] o.s.b.w.e.tomcat.TomcatWebServer - Tomcat started on port 8080 (http) with context path '/'
2025-01-17 09:55:17 INFO  [restartedMain] c.e.relation.RelationApplication - Started RelationApplication in 1.605 seconds (process running for 1349.829)
2025-01-17 09:55:17 TRACE [restartedMain] org.hibernate.orm.jdbc.bind - binding parameter (1:VARCHAR) <- [jun]
2025-01-17 09:55:17 TRACE [restartedMain] org.hibernate.orm.jdbc.bind - binding parameter (2:INTEGER) <- [1]
2025-01-17 09:55:17 INFO  [restartedMain] o.s.b.a.l.ConditionEvaluationReportLogger - 

Error starting ApplicationContext. To display the condition evaluation report re-run your application with 'debug' enabled.
2025-01-17 09:55:17 ERROR [restartedMain] o.s.boot.SpringApplication - Application run failed
java.lang.IllegalArgumentException: 이미 사용중인 아이디입니다.
	at com.example.relation.domain.user.service.AuthService.signup(AuthService.java:31) ~[main/:na]
	at java.base/jdk.internal.reflect.DirectMethodHandleAccessor.invoke(DirectMethodHandleAccessor.java:103) ~[na:na]
	at java.base/java.lang.reflect.Method.invoke(Method.java:580) ~[na:na]
	at org.springframework.aop.support.AopUtils.invokeJoinpointUsingReflection(AopUtils.java:359) ~[spring-aop-6.2.1.jar:6.2.1]
	at org.springframework.aop.framework.ReflectiveMethodInvocation.invokeJoinpoint(ReflectiveMethodInvocation.java:196) ~[spring-aop-6.2.1.jar:6.2.1]
	at org.springframework.aop.framework.ReflectiveMethodInvocation.proceed(ReflectiveMethodInvocation.java:163) ~[spring-aop-6.2.1.jar:6.2.1]
	at org.springframework.transaction.interceptor.TransactionAspectSupport.invokeWithinTransaction(TransactionAspectSupport.java:380) ~[spring-tx-6.2.1.jar:6.2.1]
	at org.springframework.transaction.interceptor.TransactionInterceptor.invoke(TransactionInterceptor.java:119) ~[spring-tx-6.2.1.jar:6.2.1]
	at org.springframework.aop.framework.ReflectiveMethodInvocation.proceed(ReflectiveMethodInvocation.java:184) ~[spring-aop-6.2.1.jar:6.2.1]
	at org.springframework.aop.framework.CglibAopProxy$DynamicAdvisedInterceptor.intercept(CglibAopProxy.java:727) ~[spring-aop-6.2.1.jar:6.2.1]
	at com.example.relation.domain.user.service.AuthService$$SpringCGLIB$$0.signup(<generated>) ~[main/:na]
	at com.example.relation.global.DataInitializer.initUser(DataInitializer.java:44) ~[main/:na]
	at com.example.relation.global.DataInitializer.run(DataInitializer.java:32) ~[main/:na]
	at java.base/jdk.internal.reflect.DirectMethodHandleAccessor.invoke(DirectMethodHandleAccessor.java:103) ~[na:na]
	at java.base/java.lang.reflect.Method.invoke(Method.java:580) ~[na:na]
	at org.springframework.aop.support.AopUtils.invokeJoinpointUsingReflection(AopUtils.java:359) ~[spring-aop-6.2.1.jar:6.2.1]
	at org.springframework.aop.framework.CglibAopProxy$DynamicAdvisedInterceptor.intercept(CglibAopProxy.java:723) ~[spring-aop-6.2.1.jar:6.2.1]
	at com.example.relation.global.DataInitializer$$SpringCGLIB$$0.run(<generated>) ~[main/:na]
	at org.springframework.boot.SpringApplication.lambda$callRunner$5(SpringApplication.java:788) ~[spring-boot-3.4.1.jar:3.4.1]
	at org.springframework.util.function.ThrowingConsumer$1.acceptWithException(ThrowingConsumer.java:82) ~[spring-core-6.2.1.jar:6.2.1]
	at org.springframework.util.function.ThrowingConsumer.accept(ThrowingConsumer.java:60) ~[spring-core-6.2.1.jar:6.2.1]
	at org.springframework.util.function.ThrowingConsumer$1.accept(ThrowingConsumer.java:86) ~[spring-core-6.2.1.jar:6.2.1]
	at org.springframework.boot.SpringApplication.callRunner(SpringApplication.java:796) ~[spring-boot-3.4.1.jar:3.4.1]
	at org.springframework.boot.SpringApplication.callRunner(SpringApplication.java:787) ~[spring-boot-3.4.1.jar:3.4.1]
	at org.springframework.boot.SpringApplication.lambda$callRunners$3(SpringApplication.java:772) ~[spring-boot-3.4.1.jar:3.4.1]
	at java.base/java.util.stream.ForEachOps$ForEachOp$OfRef.accept(ForEachOps.java:184) ~[na:na]
	at java.base/java.util.stream.SortedOps$SizedRefSortingSink.end(SortedOps.java:357) ~[na:na]
	at java.base/java.util.stream.AbstractPipeline.copyInto(AbstractPipeline.java:510) ~[na:na]
	at java.base/java.util.stream.AbstractPipeline.wrapAndCopyInto(AbstractPipeline.java:499) ~[na:na]
	at java.base/java.util.stream.ForEachOps$ForEachOp.evaluateSequential(ForEachOps.java:151) ~[na:na]
	at java.base/java.util.stream.ForEachOps$ForEachOp$OfRef.evaluateSequential(ForEachOps.java:174) ~[na:na]
	at java.base/java.util.stream.AbstractPipeline.evaluate(AbstractPipeline.java:234) ~[na:na]
	at java.base/java.util.stream.ReferencePipeline.forEach(ReferencePipeline.java:596) ~[na:na]
	at org.springframework.boot.SpringApplication.callRunners(SpringApplication.java:772) ~[spring-boot-3.4.1.jar:3.4.1]
	at org.springframework.boot.SpringApplication.run(SpringApplication.java:325) ~[spring-boot-3.4.1.jar:3.4.1]
	at org.springframework.boot.SpringApplication.run(SpringApplication.java:1361) ~[spring-boot-3.4.1.jar:3.4.1]
	at org.springframework.boot.SpringApplication.run(SpringApplication.java:1350) ~[spring-boot-3.4.1.jar:3.4.1]
	at com.example.relation.RelationApplication.main(RelationApplication.java:11) ~[main/:na]
	at java.base/jdk.internal.reflect.DirectMethodHandleAccessor.invoke(DirectMethodHandleAccessor.java:103) ~[na:na]
	at java.base/java.lang.reflect.Method.invoke(Method.java:580) ~[na:na]
	at org.springframework.boot.devtools.restart.RestartLauncher.run(RestartLauncher.java:50) ~[spring-boot-devtools-3.4.1.jar:3.4.1]
2025-01-17 09:55:17 INFO  [restartedMain] o.s.b.w.e.tomcat.GracefulShutdown - Commencing graceful shutdown. Waiting for active requests to complete
2025-01-17 09:55:17 INFO  [tomcat-shutdown] o.s.b.w.e.tomcat.GracefulShutdown - Graceful shutdown complete
2025-01-17 09:55:17 INFO  [restartedMain] o.s.o.j.LocalContainerEntityManagerFactoryBean - Closing JPA EntityManagerFactory for persistence unit 'default'
2025-01-17 09:55:17 INFO  [restartedMain] com.zaxxer.hikari.HikariDataSource - HikariPool-9 - Shutdown initiated...
2025-01-17 09:55:17 INFO  [restartedMain] com.zaxxer.hikari.HikariDataSource - HikariPool-9 - Shutdown completed.
2025-01-17 10:02:01 INFO  [restartedMain] c.e.relation.RelationApplication - Starting RelationApplication using Java 21.0.5 with PID 21224 (C:\Users\Lee\SeSAC\SeSAC\javaproject\relation\build\classes\java\main started by Lee in C:\Users\Lee\SeSAC\SeSAC\javaproject\relation)
2025-01-17 10:02:01 INFO  [restartedMain] c.e.relation.RelationApplication - No active profile set, falling back to 1 default profile: "default"
2025-01-17 10:02:01 INFO  [restartedMain] o.s.b.d.e.DevToolsPropertyDefaultsPostProcessor - Devtools property defaults active! Set 'spring.devtools.add-properties' to 'false' to disable
2025-01-17 10:02:01 INFO  [restartedMain] o.s.b.d.e.DevToolsPropertyDefaultsPostProcessor - For additional web related logging consider setting the 'logging.level.web' property to 'DEBUG'
2025-01-17 10:02:02 INFO  [restartedMain] o.s.d.r.c.RepositoryConfigurationDelegate - Bootstrapping Spring Data JPA repositories in DEFAULT mode.
2025-01-17 10:02:02 INFO  [restartedMain] o.s.d.r.c.RepositoryConfigurationDelegate - Finished Spring Data repository scanning in 79 ms. Found 6 JPA repository interfaces.
2025-01-17 10:02:03 INFO  [restartedMain] o.s.b.w.e.tomcat.TomcatWebServer - Tomcat initialized with port 8080 (http)
2025-01-17 10:02:03 INFO  [restartedMain] o.a.catalina.core.StandardService - Starting service [Tomcat]
2025-01-17 10:02:03 INFO  [restartedMain] o.a.catalina.core.StandardEngine - Starting Servlet engine: [Apache Tomcat/10.1.34]
2025-01-17 10:02:03 INFO  [restartedMain] o.a.c.c.C.[Tomcat].[localhost].[/] - Initializing Spring embedded WebApplicationContext
2025-01-17 10:02:03 INFO  [restartedMain] o.s.b.w.s.c.ServletWebServerApplicationContext - Root WebApplicationContext: initialization completed in 1933 ms
2025-01-17 10:02:03 INFO  [restartedMain] o.h.jpa.internal.util.LogHelper - HHH000204: Processing PersistenceUnitInfo [name: default]
2025-01-17 10:02:03 INFO  [restartedMain] org.hibernate.Version - HHH000412: Hibernate ORM core version 6.6.4.Final
2025-01-17 10:02:03 INFO  [restartedMain] o.h.c.i.RegionFactoryInitiator - HHH000026: Second-level cache disabled
2025-01-17 10:02:04 INFO  [restartedMain] o.s.o.j.p.SpringPersistenceUnitInfo - No LoadTimeWeaver setup: ignoring JPA class transformer
2025-01-17 10:02:04 INFO  [restartedMain] com.zaxxer.hikari.HikariDataSource - HikariPool-1 - Starting...
2025-01-17 10:02:04 INFO  [restartedMain] com.zaxxer.hikari.pool.HikariPool - HikariPool-1 - Added connection com.mysql.cj.jdbc.ConnectionImpl@146a524a
2025-01-17 10:02:04 INFO  [restartedMain] com.zaxxer.hikari.HikariDataSource - HikariPool-1 - Start completed.
2025-01-17 10:02:04 INFO  [restartedMain] o.hibernate.orm.connections.pooling - HHH10001005: Database info:
	Database JDBC URL [Connecting through datasource 'HikariDataSource (HikariPool-1)']
	Database driver: undefined/unknown
	Database version: 8.0.40
	Autocommit mode: undefined/unknown
	Isolation level: undefined/unknown
	Minimum pool size: undefined/unknown
	Maximum pool size: undefined/unknown
2025-01-17 10:02:05 INFO  [restartedMain] o.h.e.t.j.p.i.JtaPlatformInitiator - HHH000489: No JTA platform available (set 'hibernate.transaction.jta.platform' to enable JTA platform integration)
2025-01-17 10:02:05 INFO  [restartedMain] o.s.o.j.LocalContainerEntityManagerFactoryBean - Initialized JPA EntityManagerFactory for persistence unit 'default'
2025-01-17 10:02:05 DEBUG [restartedMain] o.s.w.f.ServerHttpObservationFilter - Filter 'webMvcObservationFilter' configured for use
2025-01-17 10:02:05 INFO  [restartedMain] o.s.d.j.r.query.QueryEnhancerFactory - Hibernate is in classpath; If applicable, HQL parser will be used.
2025-01-17 10:02:06 WARN  [restartedMain] o.s.b.a.o.j.JpaBaseConfiguration$JpaWebConfiguration - spring.jpa.open-in-view is enabled by default. Therefore, database queries may be performed during view rendering. Explicitly configure spring.jpa.open-in-view to disable this warning
2025-01-17 10:02:06 INFO  [restartedMain] o.s.s.c.a.a.c.InitializeUserDetailsBeanManagerConfigurer$InitializeUserDetailsManagerConfigurer - Global AuthenticationManager configured with UserDetailsService bean with name customUserDetailsService
2025-01-17 10:02:06 DEBUG [restartedMain] o.s.w.s.m.m.a.RequestMappingHandlerMapping - 35 mappings in 'requestMappingHandlerMapping'
2025-01-17 10:02:06 DEBUG [restartedMain] o.s.w.s.c.a.WebMvcConfigurer - Default resource handling disabled
2025-01-17 10:02:06 DEBUG [restartedMain] o.s.w.s.h.SimpleUrlHandlerMapping - Patterns [/images/**] in 'resourceHandlerMapping'
2025-01-17 10:02:07 INFO  [restartedMain] o.s.b.a.e.web.EndpointLinksResolver - Exposing 1 endpoint beneath base path '/actuator'
2025-01-17 10:02:07 DEBUG [restartedMain] o.s.w.s.m.m.a.RequestMappingHandlerAdapter - ControllerAdvice beans: 0 @ModelAttribute, 0 @InitBinder, 1 RequestBodyAdvice, 1 ResponseBodyAdvice
2025-01-17 10:02:07 DEBUG [restartedMain] o.s.w.s.m.m.a.ExceptionHandlerExceptionResolver - ControllerAdvice beans: 1 @ExceptionHandler, 1 ResponseBodyAdvice
2025-01-17 10:02:07 INFO  [restartedMain] o.s.b.d.a.OptionalLiveReloadServer - LiveReload server is running on port 35729
2025-01-17 10:02:07 INFO  [restartedMain] o.s.b.w.e.tomcat.TomcatWebServer - Tomcat started on port 8080 (http) with context path '/'
2025-01-17 10:02:07 INFO  [restartedMain] c.e.relation.RelationApplication - Started RelationApplication in 6.473 seconds (process running for 7.148)
2025-01-17 10:02:07 TRACE [restartedMain] org.hibernate.orm.jdbc.bind - binding parameter (1:VARCHAR) <- [jun]
2025-01-17 10:02:07 TRACE [restartedMain] org.hibernate.orm.jdbc.bind - binding parameter (2:INTEGER) <- [1]
2025-01-17 10:02:07 INFO  [restartedMain] o.s.b.a.l.ConditionEvaluationReportLogger - 

Error starting ApplicationContext. To display the condition evaluation report re-run your application with 'debug' enabled.
2025-01-17 10:02:07 ERROR [restartedMain] o.s.boot.SpringApplication - Application run failed
java.lang.IllegalArgumentException: 이미 사용중인 아이디입니다.
	at com.example.relation.domain.user.service.AuthService.signup(AuthService.java:31)
	at java.base/jdk.internal.reflect.DirectMethodHandleAccessor.invoke(DirectMethodHandleAccessor.java:103)
	at java.base/java.lang.reflect.Method.invoke(Method.java:580)
	at org.springframework.aop.support.AopUtils.invokeJoinpointUsingReflection(AopUtils.java:359)
	at org.springframework.aop.framework.ReflectiveMethodInvocation.invokeJoinpoint(ReflectiveMethodInvocation.java:196)
	at org.springframework.aop.framework.ReflectiveMethodInvocation.proceed(ReflectiveMethodInvocation.java:163)
	at org.springframework.transaction.interceptor.TransactionAspectSupport.invokeWithinTransaction(TransactionAspectSupport.java:380)
	at org.springframework.transaction.interceptor.TransactionInterceptor.invoke(TransactionInterceptor.java:119)
	at org.springframework.aop.framework.ReflectiveMethodInvocation.proceed(ReflectiveMethodInvocation.java:184)
	at org.springframework.aop.framework.CglibAopProxy$DynamicAdvisedInterceptor.intercept(CglibAopProxy.java:727)
	at com.example.relation.domain.user.service.AuthService$$SpringCGLIB$$0.signup(<generated>)
	at com.example.relation.global.DataInitializer.initUser(DataInitializer.java:44)
	at com.example.relation.global.DataInitializer.run(DataInitializer.java:32)
	at java.base/jdk.internal.reflect.DirectMethodHandleAccessor.invoke(DirectMethodHandleAccessor.java:103)
	at java.base/java.lang.reflect.Method.invoke(Method.java:580)
	at org.springframework.aop.support.AopUtils.invokeJoinpointUsingReflection(AopUtils.java:359)
	at org.springframework.aop.framework.CglibAopProxy$DynamicAdvisedInterceptor.intercept(CglibAopProxy.java:723)
	at com.example.relation.global.DataInitializer$$SpringCGLIB$$0.run(<generated>)
	at org.springframework.boot.SpringApplication.lambda$callRunner$5(SpringApplication.java:788)
	at org.springframework.util.function.ThrowingConsumer$1.acceptWithException(ThrowingConsumer.java:82)
	at org.springframework.util.function.ThrowingConsumer.accept(ThrowingConsumer.java:60)
	at org.springframework.util.function.ThrowingConsumer$1.accept(ThrowingConsumer.java:86)
	at org.springframework.boot.SpringApplication.callRunner(SpringApplication.java:796)
	at org.springframework.boot.SpringApplication.callRunner(SpringApplication.java:787)
	at org.springframework.boot.SpringApplication.lambda$callRunners$3(SpringApplication.java:772)
	at java.base/java.util.stream.ForEachOps$ForEachOp$OfRef.accept(ForEachOps.java:184)
	at java.base/java.util.stream.SortedOps$SizedRefSortingSink.end(SortedOps.java:357)
	at java.base/java.util.stream.AbstractPipeline.copyInto(AbstractPipeline.java:510)
	at java.base/java.util.stream.AbstractPipeline.wrapAndCopyInto(AbstractPipeline.java:499)
	at java.base/java.util.stream.ForEachOps$ForEachOp.evaluateSequential(ForEachOps.java:151)
	at java.base/java.util.stream.ForEachOps$ForEachOp$OfRef.evaluateSequential(ForEachOps.java:174)
	at java.base/java.util.stream.AbstractPipeline.evaluate(AbstractPipeline.java:234)
	at java.base/java.util.stream.ReferencePipeline.forEach(ReferencePipeline.java:596)
	at org.springframework.boot.SpringApplication.callRunners(SpringApplication.java:772)
	at org.springframework.boot.SpringApplication.run(SpringApplication.java:325)
	at org.springframework.boot.SpringApplication.run(SpringApplication.java:1361)
	at org.springframework.boot.SpringApplication.run(SpringApplication.java:1350)
	at com.example.relation.RelationApplication.main(RelationApplication.java:11)
	at java.base/jdk.internal.reflect.DirectMethodHandleAccessor.invoke(DirectMethodHandleAccessor.java:103)
	at java.base/java.lang.reflect.Method.invoke(Method.java:580)
	at org.springframework.boot.devtools.restart.RestartLauncher.run(RestartLauncher.java:50)
2025-01-17 10:02:07 INFO  [restartedMain] o.s.b.w.e.tomcat.GracefulShutdown - Commencing graceful shutdown. Waiting for active requests to complete
2025-01-17 10:02:07 INFO  [tomcat-shutdown] o.s.b.w.e.tomcat.GracefulShutdown - Graceful shutdown complete
2025-01-17 10:02:07 INFO  [restartedMain] o.s.o.j.LocalContainerEntityManagerFactoryBean - Closing JPA EntityManagerFactory for persistence unit 'default'
2025-01-17 10:02:07 INFO  [restartedMain] com.zaxxer.hikari.HikariDataSource - HikariPool-1 - Shutdown initiated...
2025-01-17 10:02:07 INFO  [restartedMain] com.zaxxer.hikari.HikariDataSource - HikariPool-1 - Shutdown completed.
2025-01-17 10:04:05 INFO  [restartedMain] c.e.relation.RelationApplication - Starting RelationApplication using Java 21.0.5 with PID 28460 (C:\Users\Lee\SeSAC\SeSAC\javaproject\relation\build\classes\java\main started by Lee in C:\Users\Lee\SeSAC\SeSAC\javaproject\relation)
2025-01-17 10:04:05 INFO  [restartedMain] c.e.relation.RelationApplication - No active profile set, falling back to 1 default profile: "default"
2025-01-17 10:04:05 INFO  [restartedMain] o.s.b.d.e.DevToolsPropertyDefaultsPostProcessor - Devtools property defaults active! Set 'spring.devtools.add-properties' to 'false' to disable
2025-01-17 10:04:05 INFO  [restartedMain] o.s.b.d.e.DevToolsPropertyDefaultsPostProcessor - For additional web related logging consider setting the 'logging.level.web' property to 'DEBUG'
2025-01-17 10:04:07 INFO  [restartedMain] o.s.d.r.c.RepositoryConfigurationDelegate - Bootstrapping Spring Data JPA repositories in DEFAULT mode.
2025-01-17 10:04:07 INFO  [restartedMain] o.s.d.r.c.RepositoryConfigurationDelegate - Finished Spring Data repository scanning in 73 ms. Found 6 JPA repository interfaces.
2025-01-17 10:04:07 INFO  [restartedMain] o.s.b.w.e.tomcat.TomcatWebServer - Tomcat initialized with port 8080 (http)
2025-01-17 10:04:08 INFO  [restartedMain] o.a.catalina.core.StandardService - Starting service [Tomcat]
2025-01-17 10:04:08 INFO  [restartedMain] o.a.catalina.core.StandardEngine - Starting Servlet engine: [Apache Tomcat/10.1.34]
2025-01-17 10:04:08 INFO  [restartedMain] o.a.c.c.C.[Tomcat].[localhost].[/] - Initializing Spring embedded WebApplicationContext
2025-01-17 10:04:08 INFO  [restartedMain] o.s.b.w.s.c.ServletWebServerApplicationContext - Root WebApplicationContext: initialization completed in 2080 ms
2025-01-17 10:04:08 INFO  [restartedMain] o.h.jpa.internal.util.LogHelper - HHH000204: Processing PersistenceUnitInfo [name: default]
2025-01-17 10:04:08 INFO  [restartedMain] org.hibernate.Version - HHH000412: Hibernate ORM core version 6.6.4.Final
2025-01-17 10:04:08 INFO  [restartedMain] o.h.c.i.RegionFactoryInitiator - HHH000026: Second-level cache disabled
2025-01-17 10:04:08 INFO  [restartedMain] o.s.o.j.p.SpringPersistenceUnitInfo - No LoadTimeWeaver setup: ignoring JPA class transformer
2025-01-17 10:04:08 INFO  [restartedMain] com.zaxxer.hikari.HikariDataSource - HikariPool-1 - Starting...
2025-01-17 10:04:09 INFO  [restartedMain] com.zaxxer.hikari.pool.HikariPool - HikariPool-1 - Added connection com.mysql.cj.jdbc.ConnectionImpl@68c435a3
2025-01-17 10:04:09 INFO  [restartedMain] com.zaxxer.hikari.HikariDataSource - HikariPool-1 - Start completed.
2025-01-17 10:04:09 INFO  [restartedMain] o.hibernate.orm.connections.pooling - HHH10001005: Database info:
	Database JDBC URL [Connecting through datasource 'HikariDataSource (HikariPool-1)']
	Database driver: undefined/unknown
	Database version: 8.0.40
	Autocommit mode: undefined/unknown
	Isolation level: undefined/unknown
	Minimum pool size: undefined/unknown
	Maximum pool size: undefined/unknown
2025-01-17 10:04:10 INFO  [restartedMain] o.h.e.t.j.p.i.JtaPlatformInitiator - HHH000489: No JTA platform available (set 'hibernate.transaction.jta.platform' to enable JTA platform integration)
2025-01-17 10:04:10 INFO  [restartedMain] o.s.o.j.LocalContainerEntityManagerFactoryBean - Initialized JPA EntityManagerFactory for persistence unit 'default'
2025-01-17 10:04:10 DEBUG [restartedMain] o.s.w.f.ServerHttpObservationFilter - Filter 'webMvcObservationFilter' configured for use
2025-01-17 10:04:10 INFO  [restartedMain] o.s.d.j.r.query.QueryEnhancerFactory - Hibernate is in classpath; If applicable, HQL parser will be used.
2025-01-17 10:04:11 WARN  [restartedMain] o.s.b.a.o.j.JpaBaseConfiguration$JpaWebConfiguration - spring.jpa.open-in-view is enabled by default. Therefore, database queries may be performed during view rendering. Explicitly configure spring.jpa.open-in-view to disable this warning
2025-01-17 10:04:11 INFO  [restartedMain] o.s.s.c.a.a.c.InitializeUserDetailsBeanManagerConfigurer$InitializeUserDetailsManagerConfigurer - Global AuthenticationManager configured with UserDetailsService bean with name customUserDetailsService
2025-01-17 10:04:11 DEBUG [restartedMain] o.s.w.s.m.m.a.RequestMappingHandlerMapping - 35 mappings in 'requestMappingHandlerMapping'
2025-01-17 10:04:11 DEBUG [restartedMain] o.s.w.s.c.a.WebMvcConfigurer - Default resource handling disabled
2025-01-17 10:04:11 DEBUG [restartedMain] o.s.w.s.h.SimpleUrlHandlerMapping - Patterns [/images/**] in 'resourceHandlerMapping'
2025-01-17 10:04:12 INFO  [restartedMain] o.s.b.a.e.web.EndpointLinksResolver - Exposing 1 endpoint beneath base path '/actuator'
2025-01-17 10:04:12 DEBUG [restartedMain] o.s.w.s.m.m.a.RequestMappingHandlerAdapter - ControllerAdvice beans: 0 @ModelAttribute, 0 @InitBinder, 1 RequestBodyAdvice, 1 ResponseBodyAdvice
2025-01-17 10:04:12 DEBUG [restartedMain] o.s.w.s.m.m.a.ExceptionHandlerExceptionResolver - ControllerAdvice beans: 1 @ExceptionHandler, 1 ResponseBodyAdvice
2025-01-17 10:04:12 INFO  [restartedMain] o.s.b.d.a.OptionalLiveReloadServer - LiveReload server is running on port 35729
2025-01-17 10:04:12 INFO  [restartedMain] o.s.b.w.e.tomcat.TomcatWebServer - Tomcat started on port 8080 (http) with context path '/'
2025-01-17 10:04:12 INFO  [restartedMain] c.e.relation.RelationApplication - Started RelationApplication in 7.301 seconds (process running for 8.023)
2025-01-17 10:04:13 INFO  [RMI TCP Connection(2)-192.168.101.106] o.a.c.c.C.[Tomcat].[localhost].[/] - Initializing Spring DispatcherServlet 'dispatcherServlet'
2025-01-17 10:04:13 INFO  [RMI TCP Connection(2)-192.168.101.106] o.s.web.servlet.DispatcherServlet - Initializing Servlet 'dispatcherServlet'
2025-01-17 10:04:13 DEBUG [RMI TCP Connection(2)-192.168.101.106] o.s.web.servlet.DispatcherServlet - Detected StandardServletMultipartResolver
2025-01-17 10:04:13 DEBUG [RMI TCP Connection(2)-192.168.101.106] o.s.web.servlet.DispatcherServlet - Detected AcceptHeaderLocaleResolver
2025-01-17 10:04:13 DEBUG [RMI TCP Connection(2)-192.168.101.106] o.s.web.servlet.DispatcherServlet - Detected FixedThemeResolver
2025-01-17 10:04:13 DEBUG [RMI TCP Connection(2)-192.168.101.106] o.s.web.servlet.DispatcherServlet - Detected org.springframework.web.servlet.view.DefaultRequestToViewNameTranslator@4e9b85c7
2025-01-17 10:04:13 DEBUG [RMI TCP Connection(2)-192.168.101.106] o.s.web.servlet.DispatcherServlet - Detected org.springframework.web.servlet.support.SessionFlashMapManager@25ae3f99
2025-01-17 10:04:13 DEBUG [RMI TCP Connection(2)-192.168.101.106] o.s.web.servlet.DispatcherServlet - enableLoggingRequestDetails='false': request parameters and headers will be masked to prevent unsafe logging of potentially sensitive data
2025-01-17 10:04:13 INFO  [RMI TCP Connection(2)-192.168.101.106] o.s.web.servlet.DispatcherServlet - Completed initialization in 3 ms
2025-01-17 10:06:17 DEBUG [http-nio-8080-exec-2] o.s.web.cors.DefaultCorsProcessor - Reject: 'http://localhost:5173' origin is not allowed
2025-01-17 10:06:17 DEBUG [http-nio-8080-exec-1] o.s.web.cors.DefaultCorsProcessor - Reject: 'http://localhost:5173' origin is not allowed
2025-01-17 10:06:19 DEBUG [http-nio-8080-exec-3] o.s.web.cors.DefaultCorsProcessor - Reject: 'http://localhost:5173' origin is not allowed
2025-01-17 10:06:19 DEBUG [http-nio-8080-exec-4] o.s.web.cors.DefaultCorsProcessor - Reject: 'http://localhost:5173' origin is not allowed
2025-01-17 10:06:20 DEBUG [http-nio-8080-exec-6] o.s.web.cors.DefaultCorsProcessor - Reject: 'http://localhost:5173' origin is not allowed
2025-01-17 10:06:20 DEBUG [http-nio-8080-exec-5] o.s.web.cors.DefaultCorsProcessor - Reject: 'http://localhost:5173' origin is not allowed
2025-01-17 10:08:53 DEBUG [http-nio-8080-exec-9] o.s.web.cors.DefaultCorsProcessor - Reject: 'http://localhost:5173' origin is not allowed
2025-01-17 10:09:10 DEBUG [http-nio-8080-exec-10] o.s.web.cors.DefaultCorsProcessor - Reject: 'http://localhost:5173' origin is not allowed
2025-01-17 10:09:10 DEBUG [http-nio-8080-exec-1] o.s.web.cors.DefaultCorsProcessor - Reject: 'http://localhost:5173' origin is not allowed
2025-01-17 10:09:13 DEBUG [http-nio-8080-exec-2] o.s.web.cors.DefaultCorsProcessor - Reject: 'http://localhost:5173' origin is not allowed
2025-01-17 10:09:13 DEBUG [http-nio-8080-exec-3] o.s.web.cors.DefaultCorsProcessor - Reject: 'http://localhost:5173' origin is not allowed
2025-01-17 10:09:13 DEBUG [http-nio-8080-exec-4] o.s.web.cors.DefaultCorsProcessor - Reject: 'http://localhost:5173' origin is not allowed
2025-01-17 10:09:13 DEBUG [http-nio-8080-exec-5] o.s.web.cors.DefaultCorsProcessor - Reject: 'http://localhost:5173' origin is not allowed
2025-01-17 10:09:14 DEBUG [http-nio-8080-exec-6] o.s.web.cors.DefaultCorsProcessor - Reject: 'http://localhost:5173' origin is not allowed
2025-01-17 10:09:14 DEBUG [http-nio-8080-exec-7] o.s.web.cors.DefaultCorsProcessor - Reject: 'http://localhost:5173' origin is not allowed
2025-01-17 10:09:15 DEBUG [http-nio-8080-exec-8] o.s.web.cors.DefaultCorsProcessor - Reject: 'http://localhost:5173' origin is not allowed
2025-01-17 10:09:15 DEBUG [http-nio-8080-exec-9] o.s.web.cors.DefaultCorsProcessor - Reject: 'http://localhost:5173' origin is not allowed
2025-01-17 10:09:17 DEBUG [http-nio-8080-exec-10] o.s.web.cors.DefaultCorsProcessor - Reject: 'http://localhost:5173' origin is not allowed
2025-01-17 10:09:17 DEBUG [http-nio-8080-exec-1] o.s.web.cors.DefaultCorsProcessor - Reject: 'http://localhost:5173' origin is not allowed
2025-01-17 10:09:21 DEBUG [http-nio-8080-exec-2] o.s.web.cors.DefaultCorsProcessor - Reject: 'http://localhost:5173' origin is not allowed
2025-01-17 10:09:21 DEBUG [http-nio-8080-exec-3] o.s.web.cors.DefaultCorsProcessor - Reject: 'http://localhost:5173' origin is not allowed
2025-01-17 10:09:57 INFO  [SpringApplicationShutdownHook] o.s.b.w.e.tomcat.GracefulShutdown - Commencing graceful shutdown. Waiting for active requests to complete
2025-01-17 10:09:57 INFO  [tomcat-shutdown] o.s.b.w.e.tomcat.GracefulShutdown - Graceful shutdown complete
2025-01-17 10:09:57 INFO  [SpringApplicationShutdownHook] o.s.o.j.LocalContainerEntityManagerFactoryBean - Closing JPA EntityManagerFactory for persistence unit 'default'
2025-01-17 10:09:57 INFO  [SpringApplicationShutdownHook] com.zaxxer.hikari.HikariDataSource - HikariPool-1 - Shutdown initiated...
2025-01-17 10:09:57 INFO  [SpringApplicationShutdownHook] com.zaxxer.hikari.HikariDataSource - HikariPool-1 - Shutdown completed.
2025-01-17 10:10:01 INFO  [restartedMain] c.e.relation.RelationApplication - Starting RelationApplication using Java 21.0.5 with PID 24780 (C:\Users\Lee\SeSAC\SeSAC\javaproject\relation\build\classes\java\main started by Lee in C:\Users\Lee\SeSAC\SeSAC\javaproject\relation)
2025-01-17 10:10:01 INFO  [restartedMain] c.e.relation.RelationApplication - No active profile set, falling back to 1 default profile: "default"
2025-01-17 10:10:02 INFO  [restartedMain] o.s.b.d.e.DevToolsPropertyDefaultsPostProcessor - Devtools property defaults active! Set 'spring.devtools.add-properties' to 'false' to disable
2025-01-17 10:10:02 INFO  [restartedMain] o.s.b.d.e.DevToolsPropertyDefaultsPostProcessor - For additional web related logging consider setting the 'logging.level.web' property to 'DEBUG'
2025-01-17 10:10:03 INFO  [restartedMain] o.s.d.r.c.RepositoryConfigurationDelegate - Bootstrapping Spring Data JPA repositories in DEFAULT mode.
2025-01-17 10:10:03 INFO  [restartedMain] o.s.d.r.c.RepositoryConfigurationDelegate - Finished Spring Data repository scanning in 74 ms. Found 6 JPA repository interfaces.
2025-01-17 10:10:03 INFO  [restartedMain] o.s.b.w.e.tomcat.TomcatWebServer - Tomcat initialized with port 8080 (http)
2025-01-17 10:10:03 INFO  [restartedMain] o.a.catalina.core.StandardService - Starting service [Tomcat]
2025-01-17 10:10:03 INFO  [restartedMain] o.a.catalina.core.StandardEngine - Starting Servlet engine: [Apache Tomcat/10.1.34]
2025-01-17 10:10:03 INFO  [restartedMain] o.a.c.c.C.[Tomcat].[localhost].[/] - Initializing Spring embedded WebApplicationContext
2025-01-17 10:10:03 INFO  [restartedMain] o.s.b.w.s.c.ServletWebServerApplicationContext - Root WebApplicationContext: initialization completed in 1970 ms
2025-01-17 10:10:04 INFO  [restartedMain] o.h.jpa.internal.util.LogHelper - HHH000204: Processing PersistenceUnitInfo [name: default]
2025-01-17 10:10:04 INFO  [restartedMain] org.hibernate.Version - HHH000412: Hibernate ORM core version 6.6.4.Final
2025-01-17 10:10:04 INFO  [restartedMain] o.h.c.i.RegionFactoryInitiator - HHH000026: Second-level cache disabled
2025-01-17 10:10:04 INFO  [restartedMain] o.s.o.j.p.SpringPersistenceUnitInfo - No LoadTimeWeaver setup: ignoring JPA class transformer
2025-01-17 10:10:04 INFO  [restartedMain] com.zaxxer.hikari.HikariDataSource - HikariPool-1 - Starting...
2025-01-17 10:10:04 INFO  [restartedMain] com.zaxxer.hikari.pool.HikariPool - HikariPool-1 - Added connection com.mysql.cj.jdbc.ConnectionImpl@2e43180d
2025-01-17 10:10:04 INFO  [restartedMain] com.zaxxer.hikari.HikariDataSource - HikariPool-1 - Start completed.
2025-01-17 10:10:05 INFO  [restartedMain] o.hibernate.orm.connections.pooling - HHH10001005: Database info:
	Database JDBC URL [Connecting through datasource 'HikariDataSource (HikariPool-1)']
	Database driver: undefined/unknown
	Database version: 8.0.40
	Autocommit mode: undefined/unknown
	Isolation level: undefined/unknown
	Minimum pool size: undefined/unknown
	Maximum pool size: undefined/unknown
2025-01-17 10:10:05 INFO  [restartedMain] o.h.e.t.j.p.i.JtaPlatformInitiator - HHH000489: No JTA platform available (set 'hibernate.transaction.jta.platform' to enable JTA platform integration)
2025-01-17 10:10:05 INFO  [restartedMain] o.s.o.j.LocalContainerEntityManagerFactoryBean - Initialized JPA EntityManagerFactory for persistence unit 'default'
2025-01-17 10:10:06 DEBUG [restartedMain] o.s.w.f.ServerHttpObservationFilter - Filter 'webMvcObservationFilter' configured for use
2025-01-17 10:10:06 INFO  [restartedMain] o.s.d.j.r.query.QueryEnhancerFactory - Hibernate is in classpath; If applicable, HQL parser will be used.
2025-01-17 10:10:07 WARN  [restartedMain] o.s.b.a.o.j.JpaBaseConfiguration$JpaWebConfiguration - spring.jpa.open-in-view is enabled by default. Therefore, database queries may be performed during view rendering. Explicitly configure spring.jpa.open-in-view to disable this warning
2025-01-17 10:10:07 INFO  [restartedMain] o.s.s.c.a.a.c.InitializeUserDetailsBeanManagerConfigurer$InitializeUserDetailsManagerConfigurer - Global AuthenticationManager configured with UserDetailsService bean with name customUserDetailsService
2025-01-17 10:10:07 DEBUG [restartedMain] o.s.w.s.m.m.a.RequestMappingHandlerMapping - 35 mappings in 'requestMappingHandlerMapping'
2025-01-17 10:10:07 DEBUG [restartedMain] o.s.w.s.c.a.WebMvcConfigurer - Default resource handling disabled
2025-01-17 10:10:07 DEBUG [restartedMain] o.s.w.s.h.SimpleUrlHandlerMapping - Patterns [/images/**] in 'resourceHandlerMapping'
2025-01-17 10:10:07 INFO  [restartedMain] o.s.b.a.e.web.EndpointLinksResolver - Exposing 1 endpoint beneath base path '/actuator'
2025-01-17 10:10:07 DEBUG [restartedMain] o.s.w.s.m.m.a.RequestMappingHandlerAdapter - ControllerAdvice beans: 0 @ModelAttribute, 0 @InitBinder, 1 RequestBodyAdvice, 1 ResponseBodyAdvice
2025-01-17 10:10:07 DEBUG [restartedMain] o.s.w.s.m.m.a.ExceptionHandlerExceptionResolver - ControllerAdvice beans: 1 @ExceptionHandler, 1 ResponseBodyAdvice
2025-01-17 10:10:07 INFO  [restartedMain] o.s.b.d.a.OptionalLiveReloadServer - LiveReload server is running on port 35729
2025-01-17 10:10:08 INFO  [restartedMain] o.s.b.w.e.tomcat.TomcatWebServer - Tomcat started on port 8080 (http) with context path '/'
2025-01-17 10:10:08 INFO  [restartedMain] c.e.relation.RelationApplication - Started RelationApplication in 6.591 seconds (process running for 7.323)
2025-01-17 10:10:08 INFO  [RMI TCP Connection(2)-192.168.101.106] o.a.c.c.C.[Tomcat].[localhost].[/] - Initializing Spring DispatcherServlet 'dispatcherServlet'
2025-01-17 10:10:08 INFO  [RMI TCP Connection(2)-192.168.101.106] o.s.web.servlet.DispatcherServlet - Initializing Servlet 'dispatcherServlet'
2025-01-17 10:10:08 DEBUG [RMI TCP Connection(2)-192.168.101.106] o.s.web.servlet.DispatcherServlet - Detected StandardServletMultipartResolver
2025-01-17 10:10:08 DEBUG [RMI TCP Connection(2)-192.168.101.106] o.s.web.servlet.DispatcherServlet - Detected AcceptHeaderLocaleResolver
2025-01-17 10:10:08 DEBUG [RMI TCP Connection(2)-192.168.101.106] o.s.web.servlet.DispatcherServlet - Detected FixedThemeResolver
2025-01-17 10:10:08 DEBUG [RMI TCP Connection(2)-192.168.101.106] o.s.web.servlet.DispatcherServlet - Detected org.springframework.web.servlet.view.DefaultRequestToViewNameTranslator@7996d4fe
2025-01-17 10:10:08 DEBUG [RMI TCP Connection(2)-192.168.101.106] o.s.web.servlet.DispatcherServlet - Detected org.springframework.web.servlet.support.SessionFlashMapManager@4052d1b1
2025-01-17 10:10:08 DEBUG [RMI TCP Connection(2)-192.168.101.106] o.s.web.servlet.DispatcherServlet - enableLoggingRequestDetails='false': request parameters and headers will be masked to prevent unsafe logging of potentially sensitive data
2025-01-17 10:10:08 INFO  [RMI TCP Connection(2)-192.168.101.106] o.s.web.servlet.DispatcherServlet - Completed initialization in 2 ms
2025-01-17 10:10:15 DEBUG [http-nio-8080-exec-2] o.s.web.servlet.DispatcherServlet - GET "/posts", parameters={}
2025-01-17 10:10:15 DEBUG [http-nio-8080-exec-2] o.s.w.s.m.m.a.RequestMappingHandlerMapping - Mapped to com.example.relation.domain.post.PostController#readPosts()
2025-01-17 10:10:15 DEBUG [http-nio-8080-exec-2] o.s.w.s.m.m.a.HttpEntityMethodProcessor - Using 'application/json', given [application/json, text/plain, */*] and supported [application/json, application/*+json]
2025-01-17 10:10:15 DEBUG [http-nio-8080-exec-2] o.s.w.s.m.m.a.HttpEntityMethodProcessor - Writing [com.example.relation.global.response.ApiResponse@214629f3]
2025-01-17 10:10:15 DEBUG [http-nio-8080-exec-2] o.s.web.servlet.DispatcherServlet - Completed 200 OK
2025-01-17 10:10:15 DEBUG [http-nio-8080-exec-1] o.s.web.servlet.DispatcherServlet - GET "/posts", parameters={}
2025-01-17 10:10:15 DEBUG [http-nio-8080-exec-1] o.s.w.s.m.m.a.RequestMappingHandlerMapping - Mapped to com.example.relation.domain.post.PostController#readPosts()
2025-01-17 10:10:15 DEBUG [http-nio-8080-exec-1] o.s.w.s.m.m.a.HttpEntityMethodProcessor - Using 'application/json', given [application/json, text/plain, */*] and supported [application/json, application/*+json]
2025-01-17 10:10:15 DEBUG [http-nio-8080-exec-1] o.s.w.s.m.m.a.HttpEntityMethodProcessor - Writing [com.example.relation.global.response.ApiResponse@25fefa13]
2025-01-17 10:10:15 DEBUG [http-nio-8080-exec-1] o.s.web.servlet.DispatcherServlet - Completed 200 OK
2025-01-17 10:23:27 DEBUG [http-nio-8080-exec-5] o.s.web.servlet.DispatcherServlet - GET "/posts", parameters={}
2025-01-17 10:23:27 DEBUG [http-nio-8080-exec-5] o.s.w.s.m.m.a.RequestMappingHandlerMapping - Mapped to com.example.relation.domain.post.PostController#readPosts()
2025-01-17 10:23:27 DEBUG [http-nio-8080-exec-5] o.s.w.s.m.m.a.HttpEntityMethodProcessor - Using 'application/json', given [application/json, text/plain, */*] and supported [application/json, application/*+json]
2025-01-17 10:23:27 DEBUG [http-nio-8080-exec-5] o.s.w.s.m.m.a.HttpEntityMethodProcessor - Writing [com.example.relation.global.response.ApiResponse@7c194c99]
2025-01-17 10:23:27 DEBUG [http-nio-8080-exec-5] o.s.web.servlet.DispatcherServlet - Completed 200 OK
2025-01-17 10:23:31 DEBUG [http-nio-8080-exec-4] o.s.web.servlet.DispatcherServlet - GET "/posts", parameters={}
2025-01-17 10:23:31 DEBUG [http-nio-8080-exec-4] o.s.w.s.m.m.a.RequestMappingHandlerMapping - Mapped to com.example.relation.domain.post.PostController#readPosts()
2025-01-17 10:23:31 DEBUG [http-nio-8080-exec-7] o.s.web.servlet.DispatcherServlet - GET "/posts", parameters={}
2025-01-17 10:23:31 DEBUG [http-nio-8080-exec-7] o.s.w.s.m.m.a.RequestMappingHandlerMapping - Mapped to com.example.relation.domain.post.PostController#readPosts()
2025-01-17 10:23:31 DEBUG [http-nio-8080-exec-4] o.s.w.s.m.m.a.HttpEntityMethodProcessor - Using 'application/json', given [application/json, text/plain, */*] and supported [application/json, application/*+json]
2025-01-17 10:23:31 DEBUG [http-nio-8080-exec-4] o.s.w.s.m.m.a.HttpEntityMethodProcessor - Writing [com.example.relation.global.response.ApiResponse@325eb390]
2025-01-17 10:23:31 DEBUG [http-nio-8080-exec-7] o.s.w.s.m.m.a.HttpEntityMethodProcessor - Using 'application/json', given [application/json, text/plain, */*] and supported [application/json, application/*+json]
2025-01-17 10:23:31 DEBUG [http-nio-8080-exec-7] o.s.w.s.m.m.a.HttpEntityMethodProcessor - Writing [com.example.relation.global.response.ApiResponse@65935b7a]
2025-01-17 10:23:31 DEBUG [http-nio-8080-exec-7] o.s.web.servlet.DispatcherServlet - Completed 200 OK
2025-01-17 10:23:31 DEBUG [http-nio-8080-exec-4] o.s.web.servlet.DispatcherServlet - Completed 200 OK
2025-01-17 10:31:38 DEBUG [http-nio-8080-exec-10] o.s.web.servlet.DispatcherServlet - GET "/posts", parameters={}
2025-01-17 10:31:38 DEBUG [http-nio-8080-exec-10] o.s.w.s.m.m.a.RequestMappingHandlerMapping - Mapped to com.example.relation.domain.post.PostController#readPosts()
2025-01-17 10:31:38 DEBUG [http-nio-8080-exec-10] o.s.w.s.m.m.a.HttpEntityMethodProcessor - Using 'application/json', given [application/json, text/plain, */*] and supported [application/json, application/*+json]
2025-01-17 10:31:38 DEBUG [http-nio-8080-exec-10] o.s.w.s.m.m.a.HttpEntityMethodProcessor - Writing [com.example.relation.global.response.ApiResponse@5bcc0f6f]
2025-01-17 10:31:38 DEBUG [http-nio-8080-exec-10] o.s.web.servlet.DispatcherServlet - Completed 200 OK
2025-01-17 10:31:41 DEBUG [http-nio-8080-exec-1] o.s.web.servlet.DispatcherServlet - GET "/posts", parameters={}
2025-01-17 10:31:41 DEBUG [http-nio-8080-exec-2] o.s.web.servlet.DispatcherServlet - GET "/posts", parameters={}
2025-01-17 10:31:41 DEBUG [http-nio-8080-exec-1] o.s.w.s.m.m.a.RequestMappingHandlerMapping - Mapped to com.example.relation.domain.post.PostController#readPosts()
2025-01-17 10:31:41 DEBUG [http-nio-8080-exec-2] o.s.w.s.m.m.a.RequestMappingHandlerMapping - Mapped to com.example.relation.domain.post.PostController#readPosts()
2025-01-17 10:31:41 DEBUG [http-nio-8080-exec-2] o.s.w.s.m.m.a.HttpEntityMethodProcessor - Using 'application/json', given [application/json, text/plain, */*] and supported [application/json, application/*+json]
2025-01-17 10:31:41 DEBUG [http-nio-8080-exec-1] o.s.w.s.m.m.a.HttpEntityMethodProcessor - Using 'application/json', given [application/json, text/plain, */*] and supported [application/json, application/*+json]
2025-01-17 10:31:41 DEBUG [http-nio-8080-exec-2] o.s.w.s.m.m.a.HttpEntityMethodProcessor - Writing [com.example.relation.global.response.ApiResponse@62cb75ed]
2025-01-17 10:31:41 DEBUG [http-nio-8080-exec-1] o.s.w.s.m.m.a.HttpEntityMethodProcessor - Writing [com.example.relation.global.response.ApiResponse@560222b9]
2025-01-17 10:31:41 DEBUG [http-nio-8080-exec-2] o.s.web.servlet.DispatcherServlet - Completed 200 OK
2025-01-17 10:31:41 DEBUG [http-nio-8080-exec-1] o.s.web.servlet.DispatcherServlet - Completed 200 OK
2025-01-17 10:32:06 DEBUG [http-nio-8080-exec-6] o.s.web.servlet.DispatcherServlet - GET "/posts", parameters={}
2025-01-17 10:32:06 DEBUG [http-nio-8080-exec-6] o.s.w.s.m.m.a.RequestMappingHandlerMapping - Mapped to com.example.relation.domain.post.PostController#readPosts()
2025-01-17 10:32:06 DEBUG [http-nio-8080-exec-6] o.s.w.s.m.m.a.HttpEntityMethodProcessor - Using 'application/json', given [application/json, text/plain, */*] and supported [application/json, application/*+json]
2025-01-17 10:32:06 DEBUG [http-nio-8080-exec-6] o.s.w.s.m.m.a.HttpEntityMethodProcessor - Writing [com.example.relation.global.response.ApiResponse@19862f81]
2025-01-17 10:32:06 DEBUG [http-nio-8080-exec-6] o.s.web.servlet.DispatcherServlet - Completed 200 OK
2025-01-17 10:33:06 DEBUG [http-nio-8080-exec-5] o.s.web.servlet.DispatcherServlet - GET "/posts", parameters={}
2025-01-17 10:33:06 DEBUG [http-nio-8080-exec-5] o.s.w.s.m.m.a.RequestMappingHandlerMapping - Mapped to com.example.relation.domain.post.PostController#readPosts()
2025-01-17 10:33:06 DEBUG [http-nio-8080-exec-5] o.s.w.s.m.m.a.HttpEntityMethodProcessor - Using 'application/json', given [application/json, text/plain, */*] and supported [application/json, application/*+json]
2025-01-17 10:33:06 DEBUG [http-nio-8080-exec-5] o.s.w.s.m.m.a.HttpEntityMethodProcessor - Writing [com.example.relation.global.response.ApiResponse@4419bed1]
2025-01-17 10:33:06 DEBUG [http-nio-8080-exec-5] o.s.web.servlet.DispatcherServlet - Completed 200 OK
2025-01-17 10:33:06 DEBUG [http-nio-8080-exec-7] o.s.web.servlet.DispatcherServlet - GET "/posts", parameters={}
2025-01-17 10:33:06 DEBUG [http-nio-8080-exec-7] o.s.w.s.m.m.a.RequestMappingHandlerMapping - Mapped to com.example.relation.domain.post.PostController#readPosts()
2025-01-17 10:33:06 DEBUG [http-nio-8080-exec-7] o.s.w.s.m.m.a.HttpEntityMethodProcessor - Using 'application/json', given [application/json, text/plain, */*] and supported [application/json, application/*+json]
2025-01-17 10:33:06 DEBUG [http-nio-8080-exec-7] o.s.w.s.m.m.a.HttpEntityMethodProcessor - Writing [com.example.relation.global.response.ApiResponse@318495e2]
2025-01-17 10:33:06 DEBUG [http-nio-8080-exec-7] o.s.web.servlet.DispatcherServlet - Completed 200 OK
2025-01-17 10:36:58 DEBUG [http-nio-8080-exec-9] o.s.web.servlet.DispatcherServlet - GET "/posts", parameters={}
2025-01-17 10:36:58 DEBUG [http-nio-8080-exec-9] o.s.w.s.m.m.a.RequestMappingHandlerMapping - Mapped to com.example.relation.domain.post.PostController#readPosts()
2025-01-17 10:36:58 DEBUG [http-nio-8080-exec-9] o.s.w.s.m.m.a.HttpEntityMethodProcessor - Using 'application/json', given [application/json, text/plain, */*] and supported [application/json, application/*+json]
2025-01-17 10:36:58 DEBUG [http-nio-8080-exec-9] o.s.w.s.m.m.a.HttpEntityMethodProcessor - Writing [com.example.relation.global.response.ApiResponse@34acf101]
2025-01-17 10:36:58 DEBUG [http-nio-8080-exec-9] o.s.web.servlet.DispatcherServlet - Completed 200 OK
2025-01-17 10:56:58 DEBUG [http-nio-8080-exec-1] o.s.web.servlet.DispatcherServlet - GET "/posts", parameters={}
2025-01-17 10:56:58 DEBUG [http-nio-8080-exec-1] o.s.w.s.m.m.a.RequestMappingHandlerMapping - Mapped to com.example.relation.domain.post.PostController#readPosts()
2025-01-17 10:56:58 DEBUG [http-nio-8080-exec-1] o.s.w.s.m.m.a.HttpEntityMethodProcessor - Using 'application/json', given [application/json, text/plain, */*] and supported [application/json, application/*+json]
2025-01-17 10:56:58 DEBUG [http-nio-8080-exec-1] o.s.w.s.m.m.a.HttpEntityMethodProcessor - Writing [com.example.relation.global.response.ApiResponse@4f704e17]
2025-01-17 10:56:58 DEBUG [http-nio-8080-exec-1] o.s.web.servlet.DispatcherServlet - Completed 200 OK
2025-01-17 10:56:58 DEBUG [http-nio-8080-exec-1] o.s.web.servlet.DispatcherServlet - GET "/posts", parameters={}
2025-01-17 10:56:58 DEBUG [http-nio-8080-exec-1] o.s.w.s.m.m.a.RequestMappingHandlerMapping - Mapped to com.example.relation.domain.post.PostController#readPosts()
2025-01-17 10:56:58 DEBUG [http-nio-8080-exec-1] o.s.w.s.m.m.a.HttpEntityMethodProcessor - Using 'application/json', given [application/json, text/plain, */*] and supported [application/json, application/*+json]
2025-01-17 10:56:58 DEBUG [http-nio-8080-exec-1] o.s.w.s.m.m.a.HttpEntityMethodProcessor - Writing [com.example.relation.global.response.ApiResponse@40cafc91]
2025-01-17 10:56:58 DEBUG [http-nio-8080-exec-1] o.s.web.servlet.DispatcherServlet - Completed 200 OK
2025-01-17 10:56:59 DEBUG [http-nio-8080-exec-6] o.s.web.servlet.DispatcherServlet - GET "/posts/1/detail", parameters={}
2025-01-17 10:56:59 DEBUG [http-nio-8080-exec-6] o.s.w.s.m.m.a.RequestMappingHandlerMapping - Mapped to com.example.relation.domain.post.PostController#readPostByIdWithCommentAndTag(Long)
2025-01-17 10:56:59 TRACE [http-nio-8080-exec-6] org.hibernate.orm.jdbc.bind - binding parameter (1:BIGINT) <- [1]
2025-01-17 10:56:59 TRACE [http-nio-8080-exec-6] org.hibernate.orm.jdbc.bind - binding parameter (1:BIGINT) <- [1]
2025-01-17 10:56:59 DEBUG [http-nio-8080-exec-6] o.s.w.s.m.m.a.HttpEntityMethodProcessor - Using 'application/json', given [application/json, text/plain, */*] and supported [application/json, application/*+json]
2025-01-17 10:56:59 DEBUG [http-nio-8080-exec-6] o.s.w.s.m.m.a.HttpEntityMethodProcessor - Writing [com.example.relation.global.response.ApiResponse@44afc543]
2025-01-17 10:56:59 DEBUG [http-nio-8080-exec-6] o.s.web.servlet.DispatcherServlet - Completed 200 OK
2025-01-17 10:56:59 DEBUG [http-nio-8080-exec-3] o.s.web.servlet.DispatcherServlet - GET "/posts/1/detail", parameters={}
2025-01-17 10:56:59 DEBUG [http-nio-8080-exec-3] o.s.w.s.m.m.a.RequestMappingHandlerMapping - Mapped to com.example.relation.domain.post.PostController#readPostByIdWithCommentAndTag(Long)
2025-01-17 10:56:59 TRACE [http-nio-8080-exec-3] org.hibernate.orm.jdbc.bind - binding parameter (1:BIGINT) <- [1]
2025-01-17 10:56:59 TRACE [http-nio-8080-exec-3] org.hibernate.orm.jdbc.bind - binding parameter (1:BIGINT) <- [1]
2025-01-17 10:56:59 DEBUG [http-nio-8080-exec-3] o.s.w.s.m.m.a.HttpEntityMethodProcessor - Using 'application/json', given [application/json, text/plain, */*] and supported [application/json, application/*+json]
2025-01-17 10:56:59 DEBUG [http-nio-8080-exec-3] o.s.w.s.m.m.a.HttpEntityMethodProcessor - Writing [com.example.relation.global.response.ApiResponse@4b0164ae]
2025-01-17 10:56:59 DEBUG [http-nio-8080-exec-3] o.s.web.servlet.DispatcherServlet - Completed 200 OK
2025-01-17 10:57:01 DEBUG [http-nio-8080-exec-5] o.s.web.servlet.DispatcherServlet - GET "/posts", parameters={}
2025-01-17 10:57:01 DEBUG [http-nio-8080-exec-5] o.s.w.s.m.m.a.RequestMappingHandlerMapping - Mapped to com.example.relation.domain.post.PostController#readPosts()
2025-01-17 10:57:01 DEBUG [http-nio-8080-exec-5] o.s.w.s.m.m.a.HttpEntityMethodProcessor - Using 'application/json', given [application/json, text/plain, */*] and supported [application/json, application/*+json]
2025-01-17 10:57:01 DEBUG [http-nio-8080-exec-5] o.s.w.s.m.m.a.HttpEntityMethodProcessor - Writing [com.example.relation.global.response.ApiResponse@63e78981]
2025-01-17 10:57:01 DEBUG [http-nio-8080-exec-5] o.s.web.servlet.DispatcherServlet - Completed 200 OK
2025-01-17 10:57:01 DEBUG [http-nio-8080-exec-7] o.s.web.servlet.DispatcherServlet - GET "/posts", parameters={}
2025-01-17 10:57:01 DEBUG [http-nio-8080-exec-7] o.s.w.s.m.m.a.RequestMappingHandlerMapping - Mapped to com.example.relation.domain.post.PostController#readPosts()
2025-01-17 10:57:01 DEBUG [http-nio-8080-exec-7] o.s.w.s.m.m.a.HttpEntityMethodProcessor - Using 'application/json', given [application/json, text/plain, */*] and supported [application/json, application/*+json]
2025-01-17 10:57:01 DEBUG [http-nio-8080-exec-7] o.s.w.s.m.m.a.HttpEntityMethodProcessor - Writing [com.example.relation.global.response.ApiResponse@530a1805]
2025-01-17 10:57:01 DEBUG [http-nio-8080-exec-7] o.s.web.servlet.DispatcherServlet - Completed 200 OK
2025-01-17 10:57:01 DEBUG [http-nio-8080-exec-4] o.s.web.servlet.DispatcherServlet - GET "/posts/2/detail", parameters={}
2025-01-17 10:57:01 DEBUG [http-nio-8080-exec-4] o.s.w.s.m.m.a.RequestMappingHandlerMapping - Mapped to com.example.relation.domain.post.PostController#readPostByIdWithCommentAndTag(Long)
2025-01-17 10:57:01 TRACE [http-nio-8080-exec-4] org.hibernate.orm.jdbc.bind - binding parameter (1:BIGINT) <- [2]
2025-01-17 10:57:01 TRACE [http-nio-8080-exec-4] org.hibernate.orm.jdbc.bind - binding parameter (1:BIGINT) <- [2]
2025-01-17 10:57:01 DEBUG [http-nio-8080-exec-4] o.s.w.s.m.m.a.HttpEntityMethodProcessor - Using 'application/json', given [application/json, text/plain, */*] and supported [application/json, application/*+json]
2025-01-17 10:57:01 DEBUG [http-nio-8080-exec-4] o.s.w.s.m.m.a.HttpEntityMethodProcessor - Writing [com.example.relation.global.response.ApiResponse@4920d226]
2025-01-17 10:57:01 DEBUG [http-nio-8080-exec-4] o.s.web.servlet.DispatcherServlet - Completed 200 OK
2025-01-17 10:57:01 DEBUG [http-nio-8080-exec-8] o.s.web.servlet.DispatcherServlet - GET "/posts/2/detail", parameters={}
2025-01-17 10:57:01 DEBUG [http-nio-8080-exec-8] o.s.w.s.m.m.a.RequestMappingHandlerMapping - Mapped to com.example.relation.domain.post.PostController#readPostByIdWithCommentAndTag(Long)
2025-01-17 10:57:01 TRACE [http-nio-8080-exec-8] org.hibernate.orm.jdbc.bind - binding parameter (1:BIGINT) <- [2]
2025-01-17 10:57:01 TRACE [http-nio-8080-exec-8] org.hibernate.orm.jdbc.bind - binding parameter (1:BIGINT) <- [2]
2025-01-17 10:57:01 DEBUG [http-nio-8080-exec-8] o.s.w.s.m.m.a.HttpEntityMethodProcessor - Using 'application/json', given [application/json, text/plain, */*] and supported [application/json, application/*+json]
2025-01-17 10:57:01 DEBUG [http-nio-8080-exec-8] o.s.w.s.m.m.a.HttpEntityMethodProcessor - Writing [com.example.relation.global.response.ApiResponse@1183e15b]
2025-01-17 10:57:01 DEBUG [http-nio-8080-exec-8] o.s.web.servlet.DispatcherServlet - Completed 200 OK
2025-01-17 10:57:07 DEBUG [http-nio-8080-exec-9] o.s.web.servlet.DispatcherServlet - GET "/posts/2/detail", parameters={}
2025-01-17 10:57:07 DEBUG [http-nio-8080-exec-9] o.s.w.s.m.m.a.RequestMappingHandlerMapping - Mapped to com.example.relation.domain.post.PostController#readPostByIdWithCommentAndTag(Long)
2025-01-17 10:57:07 DEBUG [http-nio-8080-exec-10] o.s.web.servlet.DispatcherServlet - GET "/posts/2/detail", parameters={}
2025-01-17 10:57:07 DEBUG [http-nio-8080-exec-10] o.s.w.s.m.m.a.RequestMappingHandlerMapping - Mapped to com.example.relation.domain.post.PostController#readPostByIdWithCommentAndTag(Long)
2025-01-17 10:57:07 TRACE [http-nio-8080-exec-10] org.hibernate.orm.jdbc.bind - binding parameter (1:BIGINT) <- [2]
2025-01-17 10:57:07 TRACE [http-nio-8080-exec-9] org.hibernate.orm.jdbc.bind - binding parameter (1:BIGINT) <- [2]
2025-01-17 10:57:07 TRACE [http-nio-8080-exec-10] org.hibernate.orm.jdbc.bind - binding parameter (1:BIGINT) <- [2]
2025-01-17 10:57:07 TRACE [http-nio-8080-exec-9] org.hibernate.orm.jdbc.bind - binding parameter (1:BIGINT) <- [2]
2025-01-17 10:57:07 DEBUG [http-nio-8080-exec-9] o.s.w.s.m.m.a.HttpEntityMethodProcessor - Using 'application/json', given [application/json, text/plain, */*] and supported [application/json, application/*+json]
2025-01-17 10:57:07 DEBUG [http-nio-8080-exec-10] o.s.w.s.m.m.a.HttpEntityMethodProcessor - Using 'application/json', given [application/json, text/plain, */*] and supported [application/json, application/*+json]
2025-01-17 10:57:07 DEBUG [http-nio-8080-exec-9] o.s.w.s.m.m.a.HttpEntityMethodProcessor - Writing [com.example.relation.global.response.ApiResponse@463b5938]
2025-01-17 10:57:07 DEBUG [http-nio-8080-exec-10] o.s.w.s.m.m.a.HttpEntityMethodProcessor - Writing [com.example.relation.global.response.ApiResponse@3400a91e]
2025-01-17 10:57:07 DEBUG [http-nio-8080-exec-9] o.s.web.servlet.DispatcherServlet - Completed 200 OK
2025-01-17 10:57:07 DEBUG [http-nio-8080-exec-10] o.s.web.servlet.DispatcherServlet - Completed 200 OK
2025-01-17 10:57:20 DEBUG [http-nio-8080-exec-2] o.s.web.servlet.DispatcherServlet - GET "/posts/2/detail", parameters={}
2025-01-17 10:57:20 DEBUG [http-nio-8080-exec-2] o.s.w.s.m.m.a.RequestMappingHandlerMapping - Mapped to com.example.relation.domain.post.PostController#readPostByIdWithCommentAndTag(Long)
2025-01-17 10:57:20 TRACE [http-nio-8080-exec-2] org.hibernate.orm.jdbc.bind - binding parameter (1:BIGINT) <- [2]
2025-01-17 10:57:20 TRACE [http-nio-8080-exec-2] org.hibernate.orm.jdbc.bind - binding parameter (1:BIGINT) <- [2]
2025-01-17 10:57:20 DEBUG [http-nio-8080-exec-2] o.s.w.s.m.m.a.HttpEntityMethodProcessor - Using 'application/json', given [application/json, text/plain, */*] and supported [application/json, application/*+json]
2025-01-17 10:57:20 DEBUG [http-nio-8080-exec-2] o.s.w.s.m.m.a.HttpEntityMethodProcessor - Writing [com.example.relation.global.response.ApiResponse@6f152dc]
2025-01-17 10:57:20 DEBUG [http-nio-8080-exec-2] o.s.web.servlet.DispatcherServlet - Completed 200 OK
2025-01-17 10:57:59 DEBUG [http-nio-8080-exec-1] o.s.web.servlet.DispatcherServlet - GET "/posts/2/detail", parameters={}
2025-01-17 10:57:59 DEBUG [http-nio-8080-exec-1] o.s.w.s.m.m.a.RequestMappingHandlerMapping - Mapped to com.example.relation.domain.post.PostController#readPostByIdWithCommentAndTag(Long)
2025-01-17 10:57:59 TRACE [http-nio-8080-exec-1] org.hibernate.orm.jdbc.bind - binding parameter (1:BIGINT) <- [2]
2025-01-17 10:57:59 TRACE [http-nio-8080-exec-1] org.hibernate.orm.jdbc.bind - binding parameter (1:BIGINT) <- [2]
2025-01-17 10:57:59 DEBUG [http-nio-8080-exec-1] o.s.w.s.m.m.a.HttpEntityMethodProcessor - Using 'application/json', given [application/json, text/plain, */*] and supported [application/json, application/*+json]
2025-01-17 10:57:59 DEBUG [http-nio-8080-exec-1] o.s.w.s.m.m.a.HttpEntityMethodProcessor - Writing [com.example.relation.global.response.ApiResponse@d674f97]
2025-01-17 10:57:59 DEBUG [http-nio-8080-exec-1] o.s.web.servlet.DispatcherServlet - Completed 200 OK
2025-01-17 10:58:04 DEBUG [http-nio-8080-exec-6] o.s.web.servlet.DispatcherServlet - GET "/posts/6666/detail", parameters={}
2025-01-17 10:58:04 DEBUG [http-nio-8080-exec-6] o.s.w.s.m.m.a.RequestMappingHandlerMapping - Mapped to com.example.relation.domain.post.PostController#readPostByIdWithCommentAndTag(Long)
2025-01-17 10:58:04 TRACE [http-nio-8080-exec-6] org.hibernate.orm.jdbc.bind - binding parameter (1:BIGINT) <- [6666]
2025-01-17 10:58:04 DEBUG [http-nio-8080-exec-6] o.s.w.s.m.m.a.ExceptionHandlerExceptionResolver - Using @ExceptionHandler com.example.relation.global.exception.GlobalExceptionHandler#handleUserNotFound(ResourceNotFoundException)
2025-01-17 10:58:04 DEBUG [http-nio-8080-exec-6] o.s.w.s.m.m.a.HttpEntityMethodProcessor - Using 'application/json', given [application/json, text/plain, */*] and supported [application/json, application/*+json]
2025-01-17 10:58:04 DEBUG [http-nio-8080-exec-6] o.s.w.s.m.m.a.HttpEntityMethodProcessor - Writing [com.example.relation.global.response.ApiResponse@50841e55]
2025-01-17 10:58:04 WARN  [http-nio-8080-exec-6] o.s.w.s.m.m.a.ExceptionHandlerExceptionResolver - Resolved [com.example.relation.global.exception.ResourceNotFoundException: 리소스를 찾을 수 없습니다.]
2025-01-17 10:58:04 DEBUG [http-nio-8080-exec-6] o.s.web.servlet.DispatcherServlet - Completed 404 NOT_FOUND
2025-01-17 10:58:04 DEBUG [http-nio-8080-exec-3] o.s.web.servlet.DispatcherServlet - GET "/posts/6666/detail", parameters={}
2025-01-17 10:58:04 DEBUG [http-nio-8080-exec-3] o.s.w.s.m.m.a.RequestMappingHandlerMapping - Mapped to com.example.relation.domain.post.PostController#readPostByIdWithCommentAndTag(Long)
2025-01-17 10:58:04 TRACE [http-nio-8080-exec-3] org.hibernate.orm.jdbc.bind - binding parameter (1:BIGINT) <- [6666]
2025-01-17 10:58:04 DEBUG [http-nio-8080-exec-3] o.s.w.s.m.m.a.ExceptionHandlerExceptionResolver - Using @ExceptionHandler com.example.relation.global.exception.GlobalExceptionHandler#handleUserNotFound(ResourceNotFoundException)
2025-01-17 10:58:04 DEBUG [http-nio-8080-exec-3] o.s.w.s.m.m.a.HttpEntityMethodProcessor - Using 'application/json', given [application/json, text/plain, */*] and supported [application/json, application/*+json]
2025-01-17 10:58:04 DEBUG [http-nio-8080-exec-3] o.s.w.s.m.m.a.HttpEntityMethodProcessor - Writing [com.example.relation.global.response.ApiResponse@ea8dd5f]
2025-01-17 10:58:04 WARN  [http-nio-8080-exec-3] o.s.w.s.m.m.a.ExceptionHandlerExceptionResolver - Resolved [com.example.relation.global.exception.ResourceNotFoundException: 리소스를 찾을 수 없습니다.]
2025-01-17 10:58:04 DEBUG [http-nio-8080-exec-3] o.s.web.servlet.DispatcherServlet - Completed 404 NOT_FOUND
2025-01-17 10:58:22 DEBUG [http-nio-8080-exec-5] o.s.web.servlet.DispatcherServlet - GET "/posts/2/detail", parameters={}
2025-01-17 10:58:22 DEBUG [http-nio-8080-exec-5] o.s.w.s.m.m.a.RequestMappingHandlerMapping - Mapped to com.example.relation.domain.post.PostController#readPostByIdWithCommentAndTag(Long)
2025-01-17 10:58:22 TRACE [http-nio-8080-exec-5] org.hibernate.orm.jdbc.bind - binding parameter (1:BIGINT) <- [2]
2025-01-17 10:58:22 TRACE [http-nio-8080-exec-5] org.hibernate.orm.jdbc.bind - binding parameter (1:BIGINT) <- [2]
2025-01-17 10:58:22 DEBUG [http-nio-8080-exec-5] o.s.w.s.m.m.a.HttpEntityMethodProcessor - Using 'application/json', given [application/json, text/plain, */*] and supported [application/json, application/*+json]
2025-01-17 10:58:22 DEBUG [http-nio-8080-exec-5] o.s.w.s.m.m.a.HttpEntityMethodProcessor - Writing [com.example.relation.global.response.ApiResponse@31300dc5]
2025-01-17 10:58:22 DEBUG [http-nio-8080-exec-5] o.s.web.servlet.DispatcherServlet - Completed 200 OK
2025-01-17 10:58:22 DEBUG [http-nio-8080-exec-7] o.s.web.servlet.DispatcherServlet - GET "/posts/2/detail", parameters={}
2025-01-17 10:58:22 DEBUG [http-nio-8080-exec-7] o.s.w.s.m.m.a.RequestMappingHandlerMapping - Mapped to com.example.relation.domain.post.PostController#readPostByIdWithCommentAndTag(Long)
2025-01-17 10:58:22 TRACE [http-nio-8080-exec-7] org.hibernate.orm.jdbc.bind - binding parameter (1:BIGINT) <- [2]
2025-01-17 10:58:22 TRACE [http-nio-8080-exec-7] org.hibernate.orm.jdbc.bind - binding parameter (1:BIGINT) <- [2]
2025-01-17 10:58:22 DEBUG [http-nio-8080-exec-7] o.s.w.s.m.m.a.HttpEntityMethodProcessor - Using 'application/json', given [application/json, text/plain, */*] and supported [application/json, application/*+json]
2025-01-17 10:58:22 DEBUG [http-nio-8080-exec-7] o.s.w.s.m.m.a.HttpEntityMethodProcessor - Writing [com.example.relation.global.response.ApiResponse@7063b29c]
2025-01-17 10:58:22 DEBUG [http-nio-8080-exec-7] o.s.web.servlet.DispatcherServlet - Completed 200 OK
2025-01-17 10:58:54 DEBUG [http-nio-8080-exec-4] o.s.web.servlet.DispatcherServlet - GET "/posts/2/detail", parameters={}
2025-01-17 10:58:54 DEBUG [http-nio-8080-exec-4] o.s.w.s.m.m.a.RequestMappingHandlerMapping - Mapped to com.example.relation.domain.post.PostController#readPostByIdWithCommentAndTag(Long)
2025-01-17 10:58:54 TRACE [http-nio-8080-exec-4] org.hibernate.orm.jdbc.bind - binding parameter (1:BIGINT) <- [2]
2025-01-17 10:58:54 TRACE [http-nio-8080-exec-4] org.hibernate.orm.jdbc.bind - binding parameter (1:BIGINT) <- [2]
2025-01-17 10:58:54 DEBUG [http-nio-8080-exec-4] o.s.w.s.m.m.a.HttpEntityMethodProcessor - Using 'application/json', given [application/json, text/plain, */*] and supported [application/json, application/*+json]
2025-01-17 10:58:54 DEBUG [http-nio-8080-exec-4] o.s.w.s.m.m.a.HttpEntityMethodProcessor - Writing [com.example.relation.global.response.ApiResponse@376cb381]
2025-01-17 10:58:54 DEBUG [http-nio-8080-exec-4] o.s.web.servlet.DispatcherServlet - Completed 200 OK
2025-01-17 10:58:59 DEBUG [http-nio-8080-exec-8] o.s.web.servlet.DispatcherServlet - GET "/posts/14141414/detail", parameters={}
2025-01-17 10:58:59 DEBUG [http-nio-8080-exec-8] o.s.w.s.m.m.a.RequestMappingHandlerMapping - Mapped to com.example.relation.domain.post.PostController#readPostByIdWithCommentAndTag(Long)
2025-01-17 10:58:59 TRACE [http-nio-8080-exec-8] org.hibernate.orm.jdbc.bind - binding parameter (1:BIGINT) <- [14141414]
2025-01-17 10:58:59 DEBUG [http-nio-8080-exec-8] o.s.w.s.m.m.a.ExceptionHandlerExceptionResolver - Using @ExceptionHandler com.example.relation.global.exception.GlobalExceptionHandler#handleUserNotFound(ResourceNotFoundException)
2025-01-17 10:58:59 DEBUG [http-nio-8080-exec-8] o.s.w.s.m.m.a.HttpEntityMethodProcessor - Using 'application/json', given [application/json, text/plain, */*] and supported [application/json, application/*+json]
2025-01-17 10:58:59 DEBUG [http-nio-8080-exec-8] o.s.w.s.m.m.a.HttpEntityMethodProcessor - Writing [com.example.relation.global.response.ApiResponse@11cd54fe]
2025-01-17 10:58:59 WARN  [http-nio-8080-exec-8] o.s.w.s.m.m.a.ExceptionHandlerExceptionResolver - Resolved [com.example.relation.global.exception.ResourceNotFoundException: 리소스를 찾을 수 없습니다.]
2025-01-17 10:58:59 DEBUG [http-nio-8080-exec-8] o.s.web.servlet.DispatcherServlet - Completed 404 NOT_FOUND
2025-01-17 10:58:59 DEBUG [http-nio-8080-exec-10] o.s.web.servlet.DispatcherServlet - GET "/posts/14141414/detail", parameters={}
2025-01-17 10:58:59 DEBUG [http-nio-8080-exec-10] o.s.w.s.m.m.a.RequestMappingHandlerMapping - Mapped to com.example.relation.domain.post.PostController#readPostByIdWithCommentAndTag(Long)
2025-01-17 10:58:59 TRACE [http-nio-8080-exec-10] org.hibernate.orm.jdbc.bind - binding parameter (1:BIGINT) <- [14141414]
2025-01-17 10:58:59 DEBUG [http-nio-8080-exec-10] o.s.w.s.m.m.a.ExceptionHandlerExceptionResolver - Using @ExceptionHandler com.example.relation.global.exception.GlobalExceptionHandler#handleUserNotFound(ResourceNotFoundException)
2025-01-17 10:58:59 DEBUG [http-nio-8080-exec-10] o.s.w.s.m.m.a.HttpEntityMethodProcessor - Using 'application/json', given [application/json, text/plain, */*] and supported [application/json, application/*+json]
2025-01-17 10:58:59 DEBUG [http-nio-8080-exec-10] o.s.w.s.m.m.a.HttpEntityMethodProcessor - Writing [com.example.relation.global.response.ApiResponse@18b0b855]
2025-01-17 10:58:59 WARN  [http-nio-8080-exec-10] o.s.w.s.m.m.a.ExceptionHandlerExceptionResolver - Resolved [com.example.relation.global.exception.ResourceNotFoundException: 리소스를 찾을 수 없습니다.]
2025-01-17 10:58:59 DEBUG [http-nio-8080-exec-10] o.s.web.servlet.DispatcherServlet - Completed 404 NOT_FOUND
2025-01-17 10:59:18 DEBUG [http-nio-8080-exec-9] o.s.web.servlet.DispatcherServlet - GET "/posts/2/detail", parameters={}
2025-01-17 10:59:18 DEBUG [http-nio-8080-exec-9] o.s.w.s.m.m.a.RequestMappingHandlerMapping - Mapped to com.example.relation.domain.post.PostController#readPostByIdWithCommentAndTag(Long)
2025-01-17 10:59:18 TRACE [http-nio-8080-exec-9] org.hibernate.orm.jdbc.bind - binding parameter (1:BIGINT) <- [2]
2025-01-17 10:59:18 TRACE [http-nio-8080-exec-9] org.hibernate.orm.jdbc.bind - binding parameter (1:BIGINT) <- [2]
2025-01-17 10:59:18 DEBUG [http-nio-8080-exec-9] o.s.w.s.m.m.a.HttpEntityMethodProcessor - Using 'application/json', given [application/json, text/plain, */*] and supported [application/json, application/*+json]
2025-01-17 10:59:18 DEBUG [http-nio-8080-exec-9] o.s.w.s.m.m.a.HttpEntityMethodProcessor - Writing [com.example.relation.global.response.ApiResponse@4f1d0211]
2025-01-17 10:59:18 DEBUG [http-nio-8080-exec-9] o.s.web.servlet.DispatcherServlet - Completed 200 OK
2025-01-17 10:59:18 DEBUG [http-nio-8080-exec-2] o.s.web.servlet.DispatcherServlet - GET "/posts/2/detail", parameters={}
2025-01-17 10:59:18 DEBUG [http-nio-8080-exec-2] o.s.w.s.m.m.a.RequestMappingHandlerMapping - Mapped to com.example.relation.domain.post.PostController#readPostByIdWithCommentAndTag(Long)
2025-01-17 10:59:18 TRACE [http-nio-8080-exec-2] org.hibernate.orm.jdbc.bind - binding parameter (1:BIGINT) <- [2]
2025-01-17 10:59:18 TRACE [http-nio-8080-exec-2] org.hibernate.orm.jdbc.bind - binding parameter (1:BIGINT) <- [2]
2025-01-17 10:59:18 DEBUG [http-nio-8080-exec-2] o.s.w.s.m.m.a.HttpEntityMethodProcessor - Using 'application/json', given [application/json, text/plain, */*] and supported [application/json, application/*+json]
2025-01-17 10:59:18 DEBUG [http-nio-8080-exec-2] o.s.w.s.m.m.a.HttpEntityMethodProcessor - Writing [com.example.relation.global.response.ApiResponse@2234e29c]
2025-01-17 10:59:18 DEBUG [http-nio-8080-exec-2] o.s.web.servlet.DispatcherServlet - Completed 200 OK
2025-01-17 10:59:42 DEBUG [http-nio-8080-exec-1] o.s.web.servlet.DispatcherServlet - GET "/posts/2/detail", parameters={}
2025-01-17 10:59:42 DEBUG [http-nio-8080-exec-1] o.s.w.s.m.m.a.RequestMappingHandlerMapping - Mapped to com.example.relation.domain.post.PostController#readPostByIdWithCommentAndTag(Long)
2025-01-17 10:59:42 TRACE [http-nio-8080-exec-1] org.hibernate.orm.jdbc.bind - binding parameter (1:BIGINT) <- [2]
2025-01-17 10:59:42 TRACE [http-nio-8080-exec-1] org.hibernate.orm.jdbc.bind - binding parameter (1:BIGINT) <- [2]
2025-01-17 10:59:42 DEBUG [http-nio-8080-exec-1] o.s.w.s.m.m.a.HttpEntityMethodProcessor - Using 'application/json', given [application/json, text/plain, */*] and supported [application/json, application/*+json]
2025-01-17 10:59:42 DEBUG [http-nio-8080-exec-1] o.s.w.s.m.m.a.HttpEntityMethodProcessor - Writing [com.example.relation.global.response.ApiResponse@54833344]
2025-01-17 10:59:42 DEBUG [http-nio-8080-exec-1] o.s.web.servlet.DispatcherServlet - Completed 200 OK
2025-01-17 11:01:27 DEBUG [http-nio-8080-exec-5] o.s.web.servlet.DispatcherServlet - GET "/posts/123123123/detail", parameters={}
2025-01-17 11:01:27 DEBUG [http-nio-8080-exec-5] o.s.w.s.m.m.a.RequestMappingHandlerMapping - Mapped to com.example.relation.domain.post.PostController#readPostByIdWithCommentAndTag(Long)
2025-01-17 11:01:27 TRACE [http-nio-8080-exec-5] org.hibernate.orm.jdbc.bind - binding parameter (1:BIGINT) <- [123123123]
2025-01-17 11:01:27 DEBUG [http-nio-8080-exec-5] o.s.w.s.m.m.a.ExceptionHandlerExceptionResolver - Using @ExceptionHandler com.example.relation.global.exception.GlobalExceptionHandler#handleUserNotFound(ResourceNotFoundException)
2025-01-17 11:01:27 DEBUG [http-nio-8080-exec-5] o.s.w.s.m.m.a.HttpEntityMethodProcessor - Using 'application/json', given [application/json, text/plain, */*] and supported [application/json, application/*+json]
2025-01-17 11:01:27 DEBUG [http-nio-8080-exec-5] o.s.w.s.m.m.a.HttpEntityMethodProcessor - Writing [com.example.relation.global.response.ApiResponse@56beb197]
2025-01-17 11:01:27 WARN  [http-nio-8080-exec-5] o.s.w.s.m.m.a.ExceptionHandlerExceptionResolver - Resolved [com.example.relation.global.exception.ResourceNotFoundException: 리소스를 찾을 수 없습니다.]
2025-01-17 11:01:27 DEBUG [http-nio-8080-exec-5] o.s.web.servlet.DispatcherServlet - Completed 404 NOT_FOUND
2025-01-17 11:01:27 DEBUG [http-nio-8080-exec-7] o.s.web.servlet.DispatcherServlet - GET "/posts/123123123/detail", parameters={}
2025-01-17 11:01:27 DEBUG [http-nio-8080-exec-7] o.s.w.s.m.m.a.RequestMappingHandlerMapping - Mapped to com.example.relation.domain.post.PostController#readPostByIdWithCommentAndTag(Long)
2025-01-17 11:01:27 TRACE [http-nio-8080-exec-7] org.hibernate.orm.jdbc.bind - binding parameter (1:BIGINT) <- [123123123]
2025-01-17 11:01:27 DEBUG [http-nio-8080-exec-7] o.s.w.s.m.m.a.ExceptionHandlerExceptionResolver - Using @ExceptionHandler com.example.relation.global.exception.GlobalExceptionHandler#handleUserNotFound(ResourceNotFoundException)
2025-01-17 11:01:27 DEBUG [http-nio-8080-exec-7] o.s.w.s.m.m.a.HttpEntityMethodProcessor - Using 'application/json', given [application/json, text/plain, */*] and supported [application/json, application/*+json]
2025-01-17 11:01:27 DEBUG [http-nio-8080-exec-7] o.s.w.s.m.m.a.HttpEntityMethodProcessor - Writing [com.example.relation.global.response.ApiResponse@75fc2b79]
2025-01-17 11:01:27 WARN  [http-nio-8080-exec-7] o.s.w.s.m.m.a.ExceptionHandlerExceptionResolver - Resolved [com.example.relation.global.exception.ResourceNotFoundException: 리소스를 찾을 수 없습니다.]
2025-01-17 11:01:27 DEBUG [http-nio-8080-exec-7] o.s.web.servlet.DispatcherServlet - Completed 404 NOT_FOUND
2025-01-17 11:02:49 DEBUG [http-nio-8080-exec-10] o.s.web.servlet.DispatcherServlet - GET "/posts/123123123/detail", parameters={}
2025-01-17 11:02:49 DEBUG [http-nio-8080-exec-10] o.s.w.s.m.m.a.RequestMappingHandlerMapping - Mapped to com.example.relation.domain.post.PostController#readPostByIdWithCommentAndTag(Long)
2025-01-17 11:02:49 TRACE [http-nio-8080-exec-10] org.hibernate.orm.jdbc.bind - binding parameter (1:BIGINT) <- [123123123]
2025-01-17 11:02:49 DEBUG [http-nio-8080-exec-10] o.s.w.s.m.m.a.ExceptionHandlerExceptionResolver - Using @ExceptionHandler com.example.relation.global.exception.GlobalExceptionHandler#handleUserNotFound(ResourceNotFoundException)
2025-01-17 11:02:49 DEBUG [http-nio-8080-exec-10] o.s.w.s.m.m.a.HttpEntityMethodProcessor - Using 'application/json', given [application/json, text/plain, */*] and supported [application/json, application/*+json]
2025-01-17 11:02:49 DEBUG [http-nio-8080-exec-10] o.s.w.s.m.m.a.HttpEntityMethodProcessor - Writing [com.example.relation.global.response.ApiResponse@1d6e055a]
2025-01-17 11:02:49 WARN  [http-nio-8080-exec-10] o.s.w.s.m.m.a.ExceptionHandlerExceptionResolver - Resolved [com.example.relation.global.exception.ResourceNotFoundException: 리소스를 찾을 수 없습니다.]
2025-01-17 11:02:49 DEBUG [http-nio-8080-exec-10] o.s.web.servlet.DispatcherServlet - Completed 404 NOT_FOUND
2025-01-17 11:02:51 DEBUG [http-nio-8080-exec-9] o.s.web.servlet.DispatcherServlet - GET "/posts/123123123/detail", parameters={}
2025-01-17 11:02:51 DEBUG [http-nio-8080-exec-9] o.s.w.s.m.m.a.RequestMappingHandlerMapping - Mapped to com.example.relation.domain.post.PostController#readPostByIdWithCommentAndTag(Long)
2025-01-17 11:02:51 DEBUG [http-nio-8080-exec-2] o.s.web.servlet.DispatcherServlet - GET "/posts/123123123/detail", parameters={}
2025-01-17 11:02:51 DEBUG [http-nio-8080-exec-2] o.s.w.s.m.m.a.RequestMappingHandlerMapping - Mapped to com.example.relation.domain.post.PostController#readPostByIdWithCommentAndTag(Long)
2025-01-17 11:02:51 TRACE [http-nio-8080-exec-9] org.hibernate.orm.jdbc.bind - binding parameter (1:BIGINT) <- [123123123]
2025-01-17 11:02:51 TRACE [http-nio-8080-exec-2] org.hibernate.orm.jdbc.bind - binding parameter (1:BIGINT) <- [123123123]
2025-01-17 11:02:51 DEBUG [http-nio-8080-exec-9] o.s.w.s.m.m.a.ExceptionHandlerExceptionResolver - Using @ExceptionHandler com.example.relation.global.exception.GlobalExceptionHandler#handleUserNotFound(ResourceNotFoundException)
2025-01-17 11:02:51 DEBUG [http-nio-8080-exec-2] o.s.w.s.m.m.a.ExceptionHandlerExceptionResolver - Using @ExceptionHandler com.example.relation.global.exception.GlobalExceptionHandler#handleUserNotFound(ResourceNotFoundException)
2025-01-17 11:02:51 DEBUG [http-nio-8080-exec-9] o.s.w.s.m.m.a.HttpEntityMethodProcessor - Using 'application/json', given [application/json, text/plain, */*] and supported [application/json, application/*+json]
2025-01-17 11:02:51 DEBUG [http-nio-8080-exec-2] o.s.w.s.m.m.a.HttpEntityMethodProcessor - Using 'application/json', given [application/json, text/plain, */*] and supported [application/json, application/*+json]
2025-01-17 11:02:51 DEBUG [http-nio-8080-exec-9] o.s.w.s.m.m.a.HttpEntityMethodProcessor - Writing [com.example.relation.global.response.ApiResponse@25accd4d]
2025-01-17 11:02:51 DEBUG [http-nio-8080-exec-2] o.s.w.s.m.m.a.HttpEntityMethodProcessor - Writing [com.example.relation.global.response.ApiResponse@27881144]
2025-01-17 11:02:51 WARN  [http-nio-8080-exec-9] o.s.w.s.m.m.a.ExceptionHandlerExceptionResolver - Resolved [com.example.relation.global.exception.ResourceNotFoundException: 리소스를 찾을 수 없습니다.]
2025-01-17 11:02:51 WARN  [http-nio-8080-exec-2] o.s.w.s.m.m.a.ExceptionHandlerExceptionResolver - Resolved [com.example.relation.global.exception.ResourceNotFoundException: 리소스를 찾을 수 없습니다.]
2025-01-17 11:02:51 DEBUG [http-nio-8080-exec-9] o.s.web.servlet.DispatcherServlet - Completed 404 NOT_FOUND
2025-01-17 11:02:51 DEBUG [http-nio-8080-exec-2] o.s.web.servlet.DispatcherServlet - Completed 404 NOT_FOUND
2025-01-17 11:09:58 DEBUG [http-nio-8080-exec-3] o.s.web.servlet.DispatcherServlet - GET "/posts/123123123/detail", parameters={}
2025-01-17 11:09:58 DEBUG [http-nio-8080-exec-3] o.s.w.s.m.m.a.RequestMappingHandlerMapping - Mapped to com.example.relation.domain.post.PostController#readPostByIdWithCommentAndTag(Long)
2025-01-17 11:09:58 TRACE [http-nio-8080-exec-3] org.hibernate.orm.jdbc.bind - binding parameter (1:BIGINT) <- [123123123]
2025-01-17 11:09:58 DEBUG [http-nio-8080-exec-3] o.s.w.s.m.m.a.ExceptionHandlerExceptionResolver - Using @ExceptionHandler com.example.relation.global.exception.GlobalExceptionHandler#handleUserNotFound(ResourceNotFoundException)
2025-01-17 11:09:58 DEBUG [http-nio-8080-exec-3] o.s.w.s.m.m.a.HttpEntityMethodProcessor - Using 'application/json', given [application/json, text/plain, */*] and supported [application/json, application/*+json]
2025-01-17 11:09:58 DEBUG [http-nio-8080-exec-3] o.s.w.s.m.m.a.HttpEntityMethodProcessor - Writing [com.example.relation.global.response.ApiResponse@3b7f7925]
2025-01-17 11:09:58 WARN  [http-nio-8080-exec-3] o.s.w.s.m.m.a.ExceptionHandlerExceptionResolver - Resolved [com.example.relation.global.exception.ResourceNotFoundException: 리소스를 찾을 수 없습니다.]
2025-01-17 11:09:58 DEBUG [http-nio-8080-exec-3] o.s.web.servlet.DispatcherServlet - Completed 404 NOT_FOUND
2025-01-17 11:09:59 DEBUG [http-nio-8080-exec-5] o.s.web.servlet.DispatcherServlet - GET "/posts/123123123/detail", parameters={}
2025-01-17 11:09:59 DEBUG [http-nio-8080-exec-5] o.s.w.s.m.m.a.RequestMappingHandlerMapping - Mapped to com.example.relation.domain.post.PostController#readPostByIdWithCommentAndTag(Long)
2025-01-17 11:09:59 DEBUG [http-nio-8080-exec-7] o.s.web.servlet.DispatcherServlet - GET "/posts/123123123/detail", parameters={}
2025-01-17 11:09:59 DEBUG [http-nio-8080-exec-7] o.s.w.s.m.m.a.RequestMappingHandlerMapping - Mapped to com.example.relation.domain.post.PostController#readPostByIdWithCommentAndTag(Long)
2025-01-17 11:09:59 TRACE [http-nio-8080-exec-5] org.hibernate.orm.jdbc.bind - binding parameter (1:BIGINT) <- [123123123]
2025-01-17 11:09:59 TRACE [http-nio-8080-exec-7] org.hibernate.orm.jdbc.bind - binding parameter (1:BIGINT) <- [123123123]
2025-01-17 11:09:59 DEBUG [http-nio-8080-exec-5] o.s.w.s.m.m.a.ExceptionHandlerExceptionResolver - Using @ExceptionHandler com.example.relation.global.exception.GlobalExceptionHandler#handleUserNotFound(ResourceNotFoundException)
2025-01-17 11:09:59 DEBUG [http-nio-8080-exec-5] o.s.w.s.m.m.a.HttpEntityMethodProcessor - Using 'application/json', given [application/json, text/plain, */*] and supported [application/json, application/*+json]
2025-01-17 11:09:59 DEBUG [http-nio-8080-exec-5] o.s.w.s.m.m.a.HttpEntityMethodProcessor - Writing [com.example.relation.global.response.ApiResponse@39eec5fa]
2025-01-17 11:09:59 WARN  [http-nio-8080-exec-5] o.s.w.s.m.m.a.ExceptionHandlerExceptionResolver - Resolved [com.example.relation.global.exception.ResourceNotFoundException: 리소스를 찾을 수 없습니다.]
2025-01-17 11:09:59 DEBUG [http-nio-8080-exec-5] o.s.web.servlet.DispatcherServlet - Completed 404 NOT_FOUND
2025-01-17 11:09:59 DEBUG [http-nio-8080-exec-7] o.s.w.s.m.m.a.ExceptionHandlerExceptionResolver - Using @ExceptionHandler com.example.relation.global.exception.GlobalExceptionHandler#handleUserNotFound(ResourceNotFoundException)
2025-01-17 11:09:59 DEBUG [http-nio-8080-exec-7] o.s.w.s.m.m.a.HttpEntityMethodProcessor - Using 'application/json', given [application/json, text/plain, */*] and supported [application/json, application/*+json]
2025-01-17 11:09:59 DEBUG [http-nio-8080-exec-7] o.s.w.s.m.m.a.HttpEntityMethodProcessor - Writing [com.example.relation.global.response.ApiResponse@b254c37]
2025-01-17 11:09:59 WARN  [http-nio-8080-exec-7] o.s.w.s.m.m.a.ExceptionHandlerExceptionResolver - Resolved [com.example.relation.global.exception.ResourceNotFoundException: 리소스를 찾을 수 없습니다.]
2025-01-17 11:09:59 DEBUG [http-nio-8080-exec-7] o.s.web.servlet.DispatcherServlet - Completed 404 NOT_FOUND
2025-01-17 11:10:02 DEBUG [http-nio-8080-exec-4] o.s.web.servlet.DispatcherServlet - GET "/posts/1/detail", parameters={}
2025-01-17 11:10:02 DEBUG [http-nio-8080-exec-4] o.s.w.s.m.m.a.RequestMappingHandlerMapping - Mapped to com.example.relation.domain.post.PostController#readPostByIdWithCommentAndTag(Long)
2025-01-17 11:10:02 TRACE [http-nio-8080-exec-4] org.hibernate.orm.jdbc.bind - binding parameter (1:BIGINT) <- [1]
2025-01-17 11:10:02 TRACE [http-nio-8080-exec-4] org.hibernate.orm.jdbc.bind - binding parameter (1:BIGINT) <- [1]
2025-01-17 11:10:02 DEBUG [http-nio-8080-exec-4] o.s.w.s.m.m.a.HttpEntityMethodProcessor - Using 'application/json', given [application/json, text/plain, */*] and supported [application/json, application/*+json]
2025-01-17 11:10:02 DEBUG [http-nio-8080-exec-4] o.s.w.s.m.m.a.HttpEntityMethodProcessor - Writing [com.example.relation.global.response.ApiResponse@3ec01239]
2025-01-17 11:10:02 DEBUG [http-nio-8080-exec-4] o.s.web.servlet.DispatcherServlet - Completed 200 OK
2025-01-17 11:10:02 DEBUG [http-nio-8080-exec-8] o.s.web.servlet.DispatcherServlet - GET "/posts/1/detail", parameters={}
2025-01-17 11:10:02 DEBUG [http-nio-8080-exec-8] o.s.w.s.m.m.a.RequestMappingHandlerMapping - Mapped to com.example.relation.domain.post.PostController#readPostByIdWithCommentAndTag(Long)
2025-01-17 11:10:02 TRACE [http-nio-8080-exec-8] org.hibernate.orm.jdbc.bind - binding parameter (1:BIGINT) <- [1]
2025-01-17 11:10:02 TRACE [http-nio-8080-exec-8] org.hibernate.orm.jdbc.bind - binding parameter (1:BIGINT) <- [1]
2025-01-17 11:10:02 DEBUG [http-nio-8080-exec-8] o.s.w.s.m.m.a.HttpEntityMethodProcessor - Using 'application/json', given [application/json, text/plain, */*] and supported [application/json, application/*+json]
2025-01-17 11:10:02 DEBUG [http-nio-8080-exec-8] o.s.w.s.m.m.a.HttpEntityMethodProcessor - Writing [com.example.relation.global.response.ApiResponse@a59fefc]
2025-01-17 11:10:02 DEBUG [http-nio-8080-exec-8] o.s.web.servlet.DispatcherServlet - Completed 200 OK
2025-01-17 11:10:07 DEBUG [http-nio-8080-exec-10] o.s.web.servlet.DispatcherServlet - GET "/posts/1/detail", parameters={}
2025-01-17 11:10:07 DEBUG [http-nio-8080-exec-10] o.s.w.s.m.m.a.RequestMappingHandlerMapping - Mapped to com.example.relation.domain.post.PostController#readPostByIdWithCommentAndTag(Long)
2025-01-17 11:10:07 DEBUG [http-nio-8080-exec-9] o.s.web.servlet.DispatcherServlet - GET "/posts/1/detail", parameters={}
2025-01-17 11:10:07 DEBUG [http-nio-8080-exec-9] o.s.w.s.m.m.a.RequestMappingHandlerMapping - Mapped to com.example.relation.domain.post.PostController#readPostByIdWithCommentAndTag(Long)
2025-01-17 11:10:07 TRACE [http-nio-8080-exec-9] org.hibernate.orm.jdbc.bind - binding parameter (1:BIGINT) <- [1]
2025-01-17 11:10:07 TRACE [http-nio-8080-exec-10] org.hibernate.orm.jdbc.bind - binding parameter (1:BIGINT) <- [1]
2025-01-17 11:10:07 TRACE [http-nio-8080-exec-10] org.hibernate.orm.jdbc.bind - binding parameter (1:BIGINT) <- [1]
2025-01-17 11:10:07 TRACE [http-nio-8080-exec-9] org.hibernate.orm.jdbc.bind - binding parameter (1:BIGINT) <- [1]
2025-01-17 11:10:07 DEBUG [http-nio-8080-exec-9] o.s.w.s.m.m.a.HttpEntityMethodProcessor - Using 'application/json', given [application/json, text/plain, */*] and supported [application/json, application/*+json]
2025-01-17 11:10:07 DEBUG [http-nio-8080-exec-10] o.s.w.s.m.m.a.HttpEntityMethodProcessor - Using 'application/json', given [application/json, text/plain, */*] and supported [application/json, application/*+json]
2025-01-17 11:10:07 DEBUG [http-nio-8080-exec-9] o.s.w.s.m.m.a.HttpEntityMethodProcessor - Writing [com.example.relation.global.response.ApiResponse@675019d5]
2025-01-17 11:10:07 DEBUG [http-nio-8080-exec-10] o.s.w.s.m.m.a.HttpEntityMethodProcessor - Writing [com.example.relation.global.response.ApiResponse@75798f56]
2025-01-17 11:10:07 DEBUG [http-nio-8080-exec-9] o.s.web.servlet.DispatcherServlet - Completed 200 OK
2025-01-17 11:10:07 DEBUG [http-nio-8080-exec-10] o.s.web.servlet.DispatcherServlet - Completed 200 OK
2025-01-17 11:10:23 DEBUG [http-nio-8080-exec-2] o.s.web.servlet.DispatcherServlet - GET "/posts/1/detail", parameters={}
2025-01-17 11:10:23 DEBUG [http-nio-8080-exec-2] o.s.w.s.m.m.a.RequestMappingHandlerMapping - Mapped to com.example.relation.domain.post.PostController#readPostByIdWithCommentAndTag(Long)
2025-01-17 11:10:23 TRACE [http-nio-8080-exec-2] org.hibernate.orm.jdbc.bind - binding parameter (1:BIGINT) <- [1]
2025-01-17 11:10:23 TRACE [http-nio-8080-exec-2] org.hibernate.orm.jdbc.bind - binding parameter (1:BIGINT) <- [1]
2025-01-17 11:10:23 DEBUG [http-nio-8080-exec-2] o.s.w.s.m.m.a.HttpEntityMethodProcessor - Using 'application/json', given [application/json, text/plain, */*] and supported [application/json, application/*+json]
2025-01-17 11:10:23 DEBUG [http-nio-8080-exec-2] o.s.w.s.m.m.a.HttpEntityMethodProcessor - Writing [com.example.relation.global.response.ApiResponse@1154397c]
2025-01-17 11:10:23 DEBUG [http-nio-8080-exec-2] o.s.web.servlet.DispatcherServlet - Completed 200 OK
2025-01-17 11:10:36 DEBUG [http-nio-8080-exec-6] o.s.web.servlet.DispatcherServlet - GET "/posts/1/detail", parameters={}
2025-01-17 11:10:36 DEBUG [http-nio-8080-exec-6] o.s.w.s.m.m.a.RequestMappingHandlerMapping - Mapped to com.example.relation.domain.post.PostController#readPostByIdWithCommentAndTag(Long)
2025-01-17 11:10:36 DEBUG [http-nio-8080-exec-1] o.s.web.servlet.DispatcherServlet - GET "/posts/1/detail", parameters={}
2025-01-17 11:10:36 DEBUG [http-nio-8080-exec-1] o.s.w.s.m.m.a.RequestMappingHandlerMapping - Mapped to com.example.relation.domain.post.PostController#readPostByIdWithCommentAndTag(Long)
2025-01-17 11:10:36 TRACE [http-nio-8080-exec-1] org.hibernate.orm.jdbc.bind - binding parameter (1:BIGINT) <- [1]
2025-01-17 11:10:36 TRACE [http-nio-8080-exec-6] org.hibernate.orm.jdbc.bind - binding parameter (1:BIGINT) <- [1]
2025-01-17 11:10:36 TRACE [http-nio-8080-exec-6] org.hibernate.orm.jdbc.bind - binding parameter (1:BIGINT) <- [1]
2025-01-17 11:10:36 TRACE [http-nio-8080-exec-1] org.hibernate.orm.jdbc.bind - binding parameter (1:BIGINT) <- [1]
2025-01-17 11:10:36 DEBUG [http-nio-8080-exec-1] o.s.w.s.m.m.a.HttpEntityMethodProcessor - Using 'application/json', given [application/json, text/plain, */*] and supported [application/json, application/*+json]
2025-01-17 11:10:36 DEBUG [http-nio-8080-exec-6] o.s.w.s.m.m.a.HttpEntityMethodProcessor - Using 'application/json', given [application/json, text/plain, */*] and supported [application/json, application/*+json]
2025-01-17 11:10:36 DEBUG [http-nio-8080-exec-1] o.s.w.s.m.m.a.HttpEntityMethodProcessor - Writing [com.example.relation.global.response.ApiResponse@55a2b04d]
2025-01-17 11:10:36 DEBUG [http-nio-8080-exec-6] o.s.w.s.m.m.a.HttpEntityMethodProcessor - Writing [com.example.relation.global.response.ApiResponse@2e59fc21]
2025-01-17 11:10:36 DEBUG [http-nio-8080-exec-6] o.s.web.servlet.DispatcherServlet - Completed 200 OK
2025-01-17 11:10:36 DEBUG [http-nio-8080-exec-1] o.s.web.servlet.DispatcherServlet - Completed 200 OK
2025-01-17 11:11:53 DEBUG [http-nio-8080-exec-7] o.s.web.servlet.DispatcherServlet - GET "/posts/1/detail", parameters={}
2025-01-17 11:11:53 DEBUG [http-nio-8080-exec-7] o.s.w.s.m.m.a.RequestMappingHandlerMapping - Mapped to com.example.relation.domain.post.PostController#readPostByIdWithCommentAndTag(Long)
2025-01-17 11:11:53 TRACE [http-nio-8080-exec-7] org.hibernate.orm.jdbc.bind - binding parameter (1:BIGINT) <- [1]
2025-01-17 11:11:53 TRACE [http-nio-8080-exec-7] org.hibernate.orm.jdbc.bind - binding parameter (1:BIGINT) <- [1]
2025-01-17 11:11:53 DEBUG [http-nio-8080-exec-7] o.s.w.s.m.m.a.HttpEntityMethodProcessor - Using 'application/json', given [application/json, text/plain, */*] and supported [application/json, application/*+json]
2025-01-17 11:11:53 DEBUG [http-nio-8080-exec-7] o.s.w.s.m.m.a.HttpEntityMethodProcessor - Writing [com.example.relation.global.response.ApiResponse@290feaeb]
2025-01-17 11:11:53 DEBUG [http-nio-8080-exec-7] o.s.web.servlet.DispatcherServlet - Completed 200 OK
2025-01-17 13:13:19 WARN  [HikariPool-1 housekeeper] com.zaxxer.hikari.pool.HikariPool - HikariPool-1 - Thread starvation or clock leap detected (housekeeper delta=48m12s496ms537µs600ns).
2025-01-17 13:23:58 DEBUG [http-nio-8080-exec-8] o.s.web.servlet.DispatcherServlet - GET "/posts/1/detail", parameters={}
2025-01-17 13:23:58 DEBUG [http-nio-8080-exec-8] o.s.w.s.m.m.a.RequestMappingHandlerMapping - Mapped to com.example.relation.domain.post.PostController#readPostByIdWithCommentAndTag(Long)
2025-01-17 13:23:58 TRACE [http-nio-8080-exec-8] org.hibernate.orm.jdbc.bind - binding parameter (1:BIGINT) <- [1]
2025-01-17 13:23:58 TRACE [http-nio-8080-exec-8] org.hibernate.orm.jdbc.bind - binding parameter (1:BIGINT) <- [1]
2025-01-17 13:23:58 DEBUG [http-nio-8080-exec-8] o.s.w.s.m.m.a.HttpEntityMethodProcessor - Using 'application/json', given [application/json, text/plain, */*] and supported [application/json, application/*+json]
2025-01-17 13:23:58 DEBUG [http-nio-8080-exec-8] o.s.w.s.m.m.a.HttpEntityMethodProcessor - Writing [com.example.relation.global.response.ApiResponse@164ce4bb]
2025-01-17 13:23:58 DEBUG [http-nio-8080-exec-8] o.s.web.servlet.DispatcherServlet - Completed 200 OK
2025-01-17 13:23:58 DEBUG [http-nio-8080-exec-10] o.s.web.servlet.DispatcherServlet - GET "/posts/1/detail", parameters={}
2025-01-17 13:23:58 DEBUG [http-nio-8080-exec-10] o.s.w.s.m.m.a.RequestMappingHandlerMapping - Mapped to com.example.relation.domain.post.PostController#readPostByIdWithCommentAndTag(Long)
2025-01-17 13:23:58 TRACE [http-nio-8080-exec-10] org.hibernate.orm.jdbc.bind - binding parameter (1:BIGINT) <- [1]
2025-01-17 13:23:58 TRACE [http-nio-8080-exec-10] org.hibernate.orm.jdbc.bind - binding parameter (1:BIGINT) <- [1]
2025-01-17 13:23:58 DEBUG [http-nio-8080-exec-10] o.s.w.s.m.m.a.HttpEntityMethodProcessor - Using 'application/json', given [application/json, text/plain, */*] and supported [application/json, application/*+json]
2025-01-17 13:23:58 DEBUG [http-nio-8080-exec-10] o.s.w.s.m.m.a.HttpEntityMethodProcessor - Writing [com.example.relation.global.response.ApiResponse@6c11b75b]
2025-01-17 13:23:58 DEBUG [http-nio-8080-exec-10] o.s.web.servlet.DispatcherServlet - Completed 200 OK
2025-01-17 14:03:15 DEBUG [http-nio-8080-exec-1] o.s.web.servlet.DispatcherServlet - GET "/posts/1/detail", parameters={}
2025-01-17 14:03:15 DEBUG [http-nio-8080-exec-1] o.s.w.s.m.m.a.RequestMappingHandlerMapping - Mapped to com.example.relation.domain.post.PostController#readPostByIdWithCommentAndTag(Long)
2025-01-17 14:03:15 TRACE [http-nio-8080-exec-1] org.hibernate.orm.jdbc.bind - binding parameter (1:BIGINT) <- [1]
2025-01-17 14:03:15 TRACE [http-nio-8080-exec-1] org.hibernate.orm.jdbc.bind - binding parameter (1:BIGINT) <- [1]
2025-01-17 14:03:15 DEBUG [http-nio-8080-exec-1] o.s.w.s.m.m.a.HttpEntityMethodProcessor - Using 'application/json', given [application/json, text/plain, */*] and supported [application/json, application/*+json]
2025-01-17 14:03:15 DEBUG [http-nio-8080-exec-1] o.s.w.s.m.m.a.HttpEntityMethodProcessor - Writing [com.example.relation.global.response.ApiResponse@3d444702]
2025-01-17 14:03:15 DEBUG [http-nio-8080-exec-1] o.s.web.servlet.DispatcherServlet - Completed 200 OK
2025-01-17 14:03:16 DEBUG [http-nio-8080-exec-6] o.s.web.servlet.DispatcherServlet - GET "/posts/1/detail", parameters={}
2025-01-17 14:03:16 DEBUG [http-nio-8080-exec-6] o.s.w.s.m.m.a.RequestMappingHandlerMapping - Mapped to com.example.relation.domain.post.PostController#readPostByIdWithCommentAndTag(Long)
2025-01-17 14:03:16 TRACE [http-nio-8080-exec-6] org.hibernate.orm.jdbc.bind - binding parameter (1:BIGINT) <- [1]
2025-01-17 14:03:17 TRACE [http-nio-8080-exec-6] org.hibernate.orm.jdbc.bind - binding parameter (1:BIGINT) <- [1]
2025-01-17 14:03:17 DEBUG [http-nio-8080-exec-6] o.s.w.s.m.m.a.HttpEntityMethodProcessor - Using 'application/json', given [application/json, text/plain, */*] and supported [application/json, application/*+json]
2025-01-17 14:03:17 DEBUG [http-nio-8080-exec-6] o.s.w.s.m.m.a.HttpEntityMethodProcessor - Writing [com.example.relation.global.response.ApiResponse@76abe887]
2025-01-17 14:03:17 DEBUG [http-nio-8080-exec-6] o.s.web.servlet.DispatcherServlet - Completed 200 OK
2025-01-17 14:03:18 DEBUG [http-nio-8080-exec-3] o.s.web.servlet.DispatcherServlet - GET "/posts/1/detail", parameters={}
2025-01-17 14:03:18 DEBUG [http-nio-8080-exec-3] o.s.w.s.m.m.a.RequestMappingHandlerMapping - Mapped to com.example.relation.domain.post.PostController#readPostByIdWithCommentAndTag(Long)
2025-01-17 14:03:18 TRACE [http-nio-8080-exec-3] org.hibernate.orm.jdbc.bind - binding parameter (1:BIGINT) <- [1]
2025-01-17 14:03:18 TRACE [http-nio-8080-exec-3] org.hibernate.orm.jdbc.bind - binding parameter (1:BIGINT) <- [1]
2025-01-17 14:03:18 DEBUG [http-nio-8080-exec-3] o.s.w.s.m.m.a.HttpEntityMethodProcessor - Using 'application/json', given [application/json, text/plain, */*] and supported [application/json, application/*+json]
2025-01-17 14:03:18 DEBUG [http-nio-8080-exec-3] o.s.w.s.m.m.a.HttpEntityMethodProcessor - Writing [com.example.relation.global.response.ApiResponse@10548c17]
2025-01-17 14:03:18 DEBUG [http-nio-8080-exec-3] o.s.web.servlet.DispatcherServlet - Completed 200 OK
2025-01-17 14:03:19 DEBUG [http-nio-8080-exec-5] o.s.web.servlet.DispatcherServlet - GET "/posts/1/detail", parameters={}
2025-01-17 14:03:19 DEBUG [http-nio-8080-exec-5] o.s.w.s.m.m.a.RequestMappingHandlerMapping - Mapped to com.example.relation.domain.post.PostController#readPostByIdWithCommentAndTag(Long)
2025-01-17 14:03:19 TRACE [http-nio-8080-exec-5] org.hibernate.orm.jdbc.bind - binding parameter (1:BIGINT) <- [1]
2025-01-17 14:03:19 TRACE [http-nio-8080-exec-5] org.hibernate.orm.jdbc.bind - binding parameter (1:BIGINT) <- [1]
2025-01-17 14:03:19 DEBUG [http-nio-8080-exec-5] o.s.w.s.m.m.a.HttpEntityMethodProcessor - Using 'application/json', given [application/json, text/plain, */*] and supported [application/json, application/*+json]
2025-01-17 14:03:19 DEBUG [http-nio-8080-exec-5] o.s.w.s.m.m.a.HttpEntityMethodProcessor - Writing [com.example.relation.global.response.ApiResponse@7dd2f1bc]
2025-01-17 14:03:19 DEBUG [http-nio-8080-exec-5] o.s.web.servlet.DispatcherServlet - Completed 200 OK
2025-01-17 14:03:22 DEBUG [http-nio-8080-exec-7] o.s.web.servlet.DispatcherServlet - GET "/posts/1/detail", parameters={}
2025-01-17 14:03:22 DEBUG [http-nio-8080-exec-7] o.s.w.s.m.m.a.RequestMappingHandlerMapping - Mapped to com.example.relation.domain.post.PostController#readPostByIdWithCommentAndTag(Long)
2025-01-17 14:03:22 TRACE [http-nio-8080-exec-7] org.hibernate.orm.jdbc.bind - binding parameter (1:BIGINT) <- [1]
2025-01-17 14:03:22 TRACE [http-nio-8080-exec-7] org.hibernate.orm.jdbc.bind - binding parameter (1:BIGINT) <- [1]
2025-01-17 14:03:22 DEBUG [http-nio-8080-exec-7] o.s.w.s.m.m.a.HttpEntityMethodProcessor - Using 'application/json', given [application/json, text/plain, */*] and supported [application/json, application/*+json]
2025-01-17 14:03:22 DEBUG [http-nio-8080-exec-7] o.s.w.s.m.m.a.HttpEntityMethodProcessor - Writing [com.example.relation.global.response.ApiResponse@68001d96]
2025-01-17 14:03:22 DEBUG [http-nio-8080-exec-7] o.s.web.servlet.DispatcherServlet - Completed 200 OK
2025-01-17 14:26:20 INFO  [File Watcher] o.s.b.d.a.LocalDevToolsAutoConfiguration$RestartingClassPathChangeChangedEventListener - Restarting due to 2 class path changes (0 additions, 0 deletions, 2 modifications)
2025-01-17 14:26:20 INFO  [Thread-5] o.s.b.w.e.tomcat.GracefulShutdown - Commencing graceful shutdown. Waiting for active requests to complete
2025-01-17 14:26:20 INFO  [tomcat-shutdown] o.s.b.w.e.tomcat.GracefulShutdown - Graceful shutdown complete
2025-01-17 14:26:20 INFO  [Thread-5] o.s.o.j.LocalContainerEntityManagerFactoryBean - Closing JPA EntityManagerFactory for persistence unit 'default'
2025-01-17 14:26:20 INFO  [Thread-5] com.zaxxer.hikari.HikariDataSource - HikariPool-1 - Shutdown initiated...
2025-01-17 14:26:20 INFO  [Thread-5] com.zaxxer.hikari.HikariDataSource - HikariPool-1 - Shutdown completed.
2025-01-17 14:26:20 INFO  [restartedMain] c.e.relation.RelationApplication - Starting RelationApplication using Java 21.0.5 with PID 24780 (C:\Users\Lee\SeSAC\SeSAC\javaproject\relation\build\classes\java\main started by Lee in C:\Users\Lee\SeSAC\SeSAC\javaproject\relation)
2025-01-17 14:26:20 INFO  [restartedMain] c.e.relation.RelationApplication - No active profile set, falling back to 1 default profile: "default"
2025-01-17 14:26:21 INFO  [restartedMain] o.s.d.r.c.RepositoryConfigurationDelegate - Bootstrapping Spring Data JPA repositories in DEFAULT mode.
2025-01-17 14:26:21 INFO  [restartedMain] o.s.d.r.c.RepositoryConfigurationDelegate - Finished Spring Data repository scanning in 41 ms. Found 6 JPA repository interfaces.
2025-01-17 14:26:21 INFO  [restartedMain] o.s.b.w.e.tomcat.TomcatWebServer - Tomcat initialized with port 8080 (http)
2025-01-17 14:26:21 INFO  [restartedMain] o.a.catalina.core.StandardService - Starting service [Tomcat]
2025-01-17 14:26:21 INFO  [restartedMain] o.a.catalina.core.StandardEngine - Starting Servlet engine: [Apache Tomcat/10.1.34]
2025-01-17 14:26:21 INFO  [restartedMain] o.a.c.c.C.[Tomcat].[localhost].[/] - Initializing Spring embedded WebApplicationContext
2025-01-17 14:26:21 INFO  [restartedMain] o.s.b.w.s.c.ServletWebServerApplicationContext - Root WebApplicationContext: initialization completed in 855 ms
2025-01-17 14:26:21 INFO  [restartedMain] o.h.jpa.internal.util.LogHelper - HHH000204: Processing PersistenceUnitInfo [name: default]
2025-01-17 14:26:21 INFO  [restartedMain] o.h.c.i.RegionFactoryInitiator - HHH000026: Second-level cache disabled
2025-01-17 14:26:21 INFO  [restartedMain] o.s.o.j.p.SpringPersistenceUnitInfo - No LoadTimeWeaver setup: ignoring JPA class transformer
2025-01-17 14:26:21 INFO  [restartedMain] com.zaxxer.hikari.HikariDataSource - HikariPool-2 - Starting...
2025-01-17 14:26:21 INFO  [restartedMain] com.zaxxer.hikari.pool.HikariPool - HikariPool-2 - Added connection com.mysql.cj.jdbc.ConnectionImpl@4a08ece7
2025-01-17 14:26:21 INFO  [restartedMain] com.zaxxer.hikari.HikariDataSource - HikariPool-2 - Start completed.
2025-01-17 14:26:21 INFO  [restartedMain] o.hibernate.orm.connections.pooling - HHH10001005: Database info:
	Database JDBC URL [Connecting through datasource 'HikariDataSource (HikariPool-2)']
	Database driver: undefined/unknown
	Database version: 8.0.40
	Autocommit mode: undefined/unknown
	Isolation level: undefined/unknown
	Minimum pool size: undefined/unknown
	Maximum pool size: undefined/unknown
2025-01-17 14:26:22 INFO  [restartedMain] o.h.e.t.j.p.i.JtaPlatformInitiator - HHH000489: No JTA platform available (set 'hibernate.transaction.jta.platform' to enable JTA platform integration)
2025-01-17 14:26:22 INFO  [restartedMain] o.s.o.j.LocalContainerEntityManagerFactoryBean - Initialized JPA EntityManagerFactory for persistence unit 'default'
2025-01-17 14:26:22 DEBUG [restartedMain] o.s.w.f.ServerHttpObservationFilter - Filter 'webMvcObservationFilter' configured for use
2025-01-17 14:26:22 WARN  [restartedMain] o.s.b.a.o.j.JpaBaseConfiguration$JpaWebConfiguration - spring.jpa.open-in-view is enabled by default. Therefore, database queries may be performed during view rendering. Explicitly configure spring.jpa.open-in-view to disable this warning
2025-01-17 14:26:22 INFO  [restartedMain] o.s.s.c.a.a.c.InitializeUserDetailsBeanManagerConfigurer$InitializeUserDetailsManagerConfigurer - Global AuthenticationManager configured with UserDetailsService bean with name customUserDetailsService
2025-01-17 14:26:22 DEBUG [restartedMain] o.s.w.s.m.m.a.RequestMappingHandlerMapping - 35 mappings in 'requestMappingHandlerMapping'
2025-01-17 14:26:22 DEBUG [restartedMain] o.s.w.s.c.a.WebMvcConfigurer - Default resource handling disabled
2025-01-17 14:26:22 DEBUG [restartedMain] o.s.w.s.h.SimpleUrlHandlerMapping - Patterns [/images/**] in 'resourceHandlerMapping'
2025-01-17 14:26:22 INFO  [restartedMain] o.s.b.a.e.web.EndpointLinksResolver - Exposing 1 endpoint beneath base path '/actuator'
2025-01-17 14:26:22 DEBUG [restartedMain] o.s.w.s.m.m.a.RequestMappingHandlerAdapter - ControllerAdvice beans: 0 @ModelAttribute, 0 @InitBinder, 1 RequestBodyAdvice, 1 ResponseBodyAdvice
2025-01-17 14:26:23 DEBUG [restartedMain] o.s.w.s.m.m.a.ExceptionHandlerExceptionResolver - ControllerAdvice beans: 1 @ExceptionHandler, 1 ResponseBodyAdvice
2025-01-17 14:26:23 INFO  [restartedMain] o.s.b.d.a.OptionalLiveReloadServer - LiveReload server is running on port 35729
2025-01-17 14:26:23 INFO  [restartedMain] o.s.b.w.e.tomcat.TomcatWebServer - Tomcat started on port 8080 (http) with context path '/'
2025-01-17 14:26:23 INFO  [restartedMain] c.e.relation.RelationApplication - Started RelationApplication in 2.386 seconds (process running for 15382.452)
2025-01-17 14:26:23 INFO  [restartedMain] o.s.b.d.a.ConditionEvaluationDeltaLoggingListener - Condition evaluation unchanged
2025-01-17 14:26:38 INFO  [http-nio-8080-exec-1] o.a.c.c.C.[Tomcat].[localhost].[/] - Initializing Spring DispatcherServlet 'dispatcherServlet'
2025-01-17 14:26:38 INFO  [http-nio-8080-exec-1] o.s.web.servlet.DispatcherServlet - Initializing Servlet 'dispatcherServlet'
2025-01-17 14:26:38 DEBUG [http-nio-8080-exec-1] o.s.web.servlet.DispatcherServlet - Detected StandardServletMultipartResolver
2025-01-17 14:26:38 DEBUG [http-nio-8080-exec-1] o.s.web.servlet.DispatcherServlet - Detected AcceptHeaderLocaleResolver
2025-01-17 14:26:38 DEBUG [http-nio-8080-exec-1] o.s.web.servlet.DispatcherServlet - Detected FixedThemeResolver
2025-01-17 14:26:38 DEBUG [http-nio-8080-exec-1] o.s.web.servlet.DispatcherServlet - Detected org.springframework.web.servlet.view.DefaultRequestToViewNameTranslator@678473f2
2025-01-17 14:26:38 DEBUG [http-nio-8080-exec-1] o.s.web.servlet.DispatcherServlet - Detected org.springframework.web.servlet.support.SessionFlashMapManager@4a178621
2025-01-17 14:26:38 DEBUG [http-nio-8080-exec-1] o.s.web.servlet.DispatcherServlet - enableLoggingRequestDetails='false': request parameters and headers will be masked to prevent unsafe logging of potentially sensitive data
2025-01-17 14:26:38 INFO  [http-nio-8080-exec-1] o.s.web.servlet.DispatcherServlet - Completed initialization in 2 ms
2025-01-17 14:31:31 INFO  [SpringApplicationShutdownHook] o.s.b.w.e.tomcat.GracefulShutdown - Commencing graceful shutdown. Waiting for active requests to complete
2025-01-17 14:31:31 INFO  [tomcat-shutdown] o.s.b.w.e.tomcat.GracefulShutdown - Graceful shutdown complete
2025-01-17 14:31:31 INFO  [SpringApplicationShutdownHook] o.s.o.j.LocalContainerEntityManagerFactoryBean - Closing JPA EntityManagerFactory for persistence unit 'default'
2025-01-17 14:31:31 INFO  [SpringApplicationShutdownHook] com.zaxxer.hikari.HikariDataSource - HikariPool-2 - Shutdown initiated...
2025-01-17 14:31:31 INFO  [SpringApplicationShutdownHook] com.zaxxer.hikari.HikariDataSource - HikariPool-2 - Shutdown completed.
2025-01-17 14:31:34 INFO  [restartedMain] c.e.relation.RelationApplication - Starting RelationApplication using Java 21.0.5 with PID 32068 (C:\Users\Lee\SeSAC\SeSAC\javaproject\relation\build\classes\java\main started by Lee in C:\Users\Lee\SeSAC\SeSAC\javaproject\relation)
2025-01-17 14:31:34 INFO  [restartedMain] c.e.relation.RelationApplication - No active profile set, falling back to 1 default profile: "default"
2025-01-17 14:31:34 INFO  [restartedMain] o.s.b.d.e.DevToolsPropertyDefaultsPostProcessor - Devtools property defaults active! Set 'spring.devtools.add-properties' to 'false' to disable
2025-01-17 14:31:34 INFO  [restartedMain] o.s.b.d.e.DevToolsPropertyDefaultsPostProcessor - For additional web related logging consider setting the 'logging.level.web' property to 'DEBUG'
2025-01-17 14:31:34 INFO  [restartedMain] o.s.d.r.c.RepositoryConfigurationDelegate - Bootstrapping Spring Data JPA repositories in DEFAULT mode.
2025-01-17 14:31:35 INFO  [restartedMain] o.s.d.r.c.RepositoryConfigurationDelegate - Finished Spring Data repository scanning in 54 ms. Found 6 JPA repository interfaces.
2025-01-17 14:31:35 INFO  [restartedMain] o.s.b.w.e.tomcat.TomcatWebServer - Tomcat initialized with port 8080 (http)
2025-01-17 14:31:35 INFO  [restartedMain] o.a.catalina.core.StandardService - Starting service [Tomcat]
2025-01-17 14:31:35 INFO  [restartedMain] o.a.catalina.core.StandardEngine - Starting Servlet engine: [Apache Tomcat/10.1.34]
2025-01-17 14:31:35 INFO  [restartedMain] o.a.c.c.C.[Tomcat].[localhost].[/] - Initializing Spring embedded WebApplicationContext
2025-01-17 14:31:35 INFO  [restartedMain] o.s.b.w.s.c.ServletWebServerApplicationContext - Root WebApplicationContext: initialization completed in 1556 ms
2025-01-17 14:31:35 INFO  [restartedMain] o.h.jpa.internal.util.LogHelper - HHH000204: Processing PersistenceUnitInfo [name: default]
2025-01-17 14:31:35 INFO  [restartedMain] org.hibernate.Version - HHH000412: Hibernate ORM core version 6.6.4.Final
2025-01-17 14:31:36 INFO  [restartedMain] o.h.c.i.RegionFactoryInitiator - HHH000026: Second-level cache disabled
2025-01-17 14:31:36 INFO  [restartedMain] o.s.o.j.p.SpringPersistenceUnitInfo - No LoadTimeWeaver setup: ignoring JPA class transformer
2025-01-17 14:31:36 INFO  [restartedMain] com.zaxxer.hikari.HikariDataSource - HikariPool-1 - Starting...
2025-01-17 14:31:36 INFO  [restartedMain] com.zaxxer.hikari.pool.HikariPool - HikariPool-1 - Added connection com.mysql.cj.jdbc.ConnectionImpl@2703750a
2025-01-17 14:31:36 INFO  [restartedMain] com.zaxxer.hikari.HikariDataSource - HikariPool-1 - Start completed.
2025-01-17 14:31:36 INFO  [restartedMain] o.hibernate.orm.connections.pooling - HHH10001005: Database info:
	Database JDBC URL [Connecting through datasource 'HikariDataSource (HikariPool-1)']
	Database driver: undefined/unknown
	Database version: 8.0.40
	Autocommit mode: undefined/unknown
	Isolation level: undefined/unknown
	Minimum pool size: undefined/unknown
	Maximum pool size: undefined/unknown
2025-01-17 14:31:37 INFO  [restartedMain] o.h.e.t.j.p.i.JtaPlatformInitiator - HHH000489: No JTA platform available (set 'hibernate.transaction.jta.platform' to enable JTA platform integration)
2025-01-17 14:31:37 INFO  [restartedMain] o.s.o.j.LocalContainerEntityManagerFactoryBean - Initialized JPA EntityManagerFactory for persistence unit 'default'
2025-01-17 14:31:37 DEBUG [restartedMain] o.s.w.f.ServerHttpObservationFilter - Filter 'webMvcObservationFilter' configured for use
2025-01-17 14:31:37 INFO  [restartedMain] o.s.d.j.r.query.QueryEnhancerFactory - Hibernate is in classpath; If applicable, HQL parser will be used.
2025-01-17 14:31:38 WARN  [restartedMain] o.s.b.a.o.j.JpaBaseConfiguration$JpaWebConfiguration - spring.jpa.open-in-view is enabled by default. Therefore, database queries may be performed during view rendering. Explicitly configure spring.jpa.open-in-view to disable this warning
2025-01-17 14:31:38 INFO  [restartedMain] o.s.s.c.a.a.c.InitializeUserDetailsBeanManagerConfigurer$InitializeUserDetailsManagerConfigurer - Global AuthenticationManager configured with UserDetailsService bean with name customUserDetailsService
2025-01-17 14:31:38 DEBUG [restartedMain] o.s.w.s.m.m.a.RequestMappingHandlerMapping - 35 mappings in 'requestMappingHandlerMapping'
2025-01-17 14:31:38 DEBUG [restartedMain] o.s.w.s.c.a.WebMvcConfigurer - Default resource handling disabled
2025-01-17 14:31:38 DEBUG [restartedMain] o.s.w.s.h.SimpleUrlHandlerMapping - Patterns [/images/**] in 'resourceHandlerMapping'
2025-01-17 14:31:39 INFO  [restartedMain] o.s.b.a.e.web.EndpointLinksResolver - Exposing 1 endpoint beneath base path '/actuator'
2025-01-17 14:31:39 DEBUG [restartedMain] o.s.w.s.m.m.a.RequestMappingHandlerAdapter - ControllerAdvice beans: 0 @ModelAttribute, 0 @InitBinder, 1 RequestBodyAdvice, 1 ResponseBodyAdvice
2025-01-17 14:31:39 DEBUG [restartedMain] o.s.w.s.m.m.a.ExceptionHandlerExceptionResolver - ControllerAdvice beans: 1 @ExceptionHandler, 1 ResponseBodyAdvice
2025-01-17 14:31:39 INFO  [restartedMain] o.s.b.d.a.OptionalLiveReloadServer - LiveReload server is running on port 35729
2025-01-17 14:31:39 INFO  [restartedMain] o.s.b.w.e.tomcat.TomcatWebServer - Tomcat started on port 8080 (http) with context path '/'
2025-01-17 14:31:39 INFO  [restartedMain] c.e.relation.RelationApplication - Started RelationApplication in 5.971 seconds (process running for 6.501)
2025-01-17 14:31:39 INFO  [RMI TCP Connection(1)-192.168.101.106] o.a.c.c.C.[Tomcat].[localhost].[/] - Initializing Spring DispatcherServlet 'dispatcherServlet'
2025-01-17 14:31:39 INFO  [RMI TCP Connection(1)-192.168.101.106] o.s.web.servlet.DispatcherServlet - Initializing Servlet 'dispatcherServlet'
2025-01-17 14:31:39 DEBUG [RMI TCP Connection(1)-192.168.101.106] o.s.web.servlet.DispatcherServlet - Detected StandardServletMultipartResolver
2025-01-17 14:31:39 DEBUG [RMI TCP Connection(1)-192.168.101.106] o.s.web.servlet.DispatcherServlet - Detected AcceptHeaderLocaleResolver
2025-01-17 14:31:39 DEBUG [RMI TCP Connection(1)-192.168.101.106] o.s.web.servlet.DispatcherServlet - Detected FixedThemeResolver
2025-01-17 14:31:39 DEBUG [RMI TCP Connection(1)-192.168.101.106] o.s.web.servlet.DispatcherServlet - Detected org.springframework.web.servlet.view.DefaultRequestToViewNameTranslator@7996d4fe
2025-01-17 14:31:39 DEBUG [RMI TCP Connection(1)-192.168.101.106] o.s.web.servlet.DispatcherServlet - Detected org.springframework.web.servlet.support.SessionFlashMapManager@4052d1b1
2025-01-17 14:31:39 DEBUG [RMI TCP Connection(1)-192.168.101.106] o.s.web.servlet.DispatcherServlet - enableLoggingRequestDetails='false': request parameters and headers will be masked to prevent unsafe logging of potentially sensitive data
2025-01-17 14:31:39 INFO  [RMI TCP Connection(1)-192.168.101.106] o.s.web.servlet.DispatcherServlet - Completed initialization in 2 ms
2025-01-17 14:31:42 DEBUG [http-nio-8080-exec-2] o.s.web.servlet.DispatcherServlet - POST "/auth/signup", parameters={}
2025-01-17 14:31:42 DEBUG [http-nio-8080-exec-2] o.s.w.s.m.m.a.RequestMappingHandlerMapping - Mapped to com.example.relation.domain.user.controller.AuthController#signup(SignupRequestDto)
2025-01-17 14:31:42 DEBUG [http-nio-8080-exec-2] o.s.w.s.m.m.a.RequestResponseBodyMethodProcessor - Read "application/json;charset=UTF-8" to [com.example.relation.domain.user.dto.requset.SignupRequestDto@63f95147]
2025-01-17 14:31:42 TRACE [http-nio-8080-exec-2] org.hibernate.orm.jdbc.bind - binding parameter (1:VARCHAR) <- [grandfather]
2025-01-17 14:31:42 TRACE [http-nio-8080-exec-2] org.hibernate.orm.jdbc.bind - binding parameter (2:INTEGER) <- [1]
2025-01-17 14:31:42 TRACE [http-nio-8080-exec-2] org.hibernate.orm.jdbc.bind - binding parameter (1:VARCHAR) <- [123123@123123.com]
2025-01-17 14:31:42 TRACE [http-nio-8080-exec-2] org.hibernate.orm.jdbc.bind - binding parameter (2:INTEGER) <- [1]
2025-01-17 14:31:42 TRACE [http-nio-8080-exec-2] org.hibernate.orm.jdbc.bind - binding parameter (1:VARCHAR) <- [123123@123123.com]
2025-01-17 14:31:42 TRACE [http-nio-8080-exec-2] org.hibernate.orm.jdbc.bind - binding parameter (2:VARCHAR) <- [$2a$10$SoodE5DTE8b8znwWeGE9Fen/BYgeZpfKwjz8G5IFF51MONgKmQ.we]
2025-01-17 14:31:42 TRACE [http-nio-8080-exec-2] org.hibernate.orm.jdbc.bind - binding parameter (3:ENUM) <- [ROLE_USER]
2025-01-17 14:31:42 TRACE [http-nio-8080-exec-2] org.hibernate.orm.jdbc.bind - binding parameter (4:VARCHAR) <- [grandfather]
2025-01-17 14:31:42 DEBUG [http-nio-8080-exec-2] o.s.w.s.m.m.a.HttpEntityMethodProcessor - Using 'application/json', given [application/json, text/plain, */*] and supported [application/json, application/*+json]
2025-01-17 14:31:42 DEBUG [http-nio-8080-exec-2] o.s.w.s.m.m.a.HttpEntityMethodProcessor - Writing [com.example.relation.global.response.ApiResponse@1fe16d02]
2025-01-17 14:31:42 DEBUG [http-nio-8080-exec-2] o.s.web.servlet.DispatcherServlet - Completed 201 CREATED
2025-01-17 15:56:39 DEBUG [http-nio-8080-exec-3] o.s.web.servlet.DispatcherServlet - POST "/auth/login", parameters={}
2025-01-17 15:56:39 DEBUG [http-nio-8080-exec-3] o.s.w.s.m.m.a.RequestMappingHandlerMapping - Mapped to com.example.relation.domain.user.controller.AuthController#login(LoginRequestDto)
2025-01-17 15:56:39 DEBUG [http-nio-8080-exec-3] o.s.w.s.m.m.a.RequestResponseBodyMethodProcessor - Read "application/json;charset=UTF-8" to [com.example.relation.domain.user.dto.requset.LoginRequestDto@ac40980]
2025-01-17 15:56:39 TRACE [http-nio-8080-exec-3] org.hibernate.orm.jdbc.bind - binding parameter (1:VARCHAR) <- [grandfather]
2025-01-17 15:56:39 DEBUG [http-nio-8080-exec-3] o.s.w.s.m.m.a.HttpEntityMethodProcessor - Using 'application/json', given [application/json, text/plain, */*] and supported [application/json, application/*+json]
2025-01-17 15:56:39 DEBUG [http-nio-8080-exec-3] o.s.w.s.m.m.a.HttpEntityMethodProcessor - Writing [com.example.relation.global.response.ApiResponse@7945bcd2]
2025-01-17 15:56:39 DEBUG [http-nio-8080-exec-3] o.s.web.servlet.DispatcherServlet - Completed 200 OK
2025-01-17 15:57:16 TRACE [http-nio-8080-exec-6] org.hibernate.orm.jdbc.bind - binding parameter (1:VARCHAR) <- [grandfather]
2025-01-17 15:57:16 DEBUG [http-nio-8080-exec-6] o.s.web.servlet.DispatcherServlet - POST "/posts/post2", parameters={}
2025-01-17 15:57:16 DEBUG [http-nio-8080-exec-6] o.s.w.s.m.m.a.ExceptionHandlerExceptionResolver - Using @ExceptionHandler com.example.relation.global.exception.GlobalExceptionHandler#handleMethodNotAllowed(HttpRequestMethodNotSupportedException)
2025-01-17 15:57:16 DEBUG [http-nio-8080-exec-6] o.s.w.s.m.m.a.HttpEntityMethodProcessor - Using 'application/json', given [application/json, text/plain, */*] and supported [application/json, application/*+json]
2025-01-17 15:57:16 DEBUG [http-nio-8080-exec-6] o.s.w.s.m.m.a.HttpEntityMethodProcessor - Writing [com.example.relation.global.response.ApiResponse@603c2202]
2025-01-17 15:57:16 WARN  [http-nio-8080-exec-6] o.s.w.s.m.m.a.ExceptionHandlerExceptionResolver - Resolved [org.springframework.web.HttpRequestMethodNotSupportedException: Request method 'POST' is not supported]
2025-01-17 15:57:16 DEBUG [http-nio-8080-exec-6] o.s.web.servlet.DispatcherServlet - Completed 405 METHOD_NOT_ALLOWED
2025-01-17 16:00:46 TRACE [http-nio-8080-exec-1] org.hibernate.orm.jdbc.bind - binding parameter (1:VARCHAR) <- [grandfather]
2025-01-17 16:00:46 DEBUG [http-nio-8080-exec-1] o.s.web.servlet.DispatcherServlet - GET "/posts", parameters={}
2025-01-17 16:00:46 DEBUG [http-nio-8080-exec-1] o.s.w.s.m.m.a.RequestMappingHandlerMapping - Mapped to com.example.relation.domain.post.PostController#readPosts()
2025-01-17 16:00:46 DEBUG [http-nio-8080-exec-1] o.s.w.s.m.m.a.HttpEntityMethodProcessor - Using 'application/json', given [application/json, text/plain, */*] and supported [application/json, application/*+json]
2025-01-17 16:00:46 DEBUG [http-nio-8080-exec-1] o.s.w.s.m.m.a.HttpEntityMethodProcessor - Writing [com.example.relation.global.response.ApiResponse@589bc735]
2025-01-17 16:00:46 DEBUG [http-nio-8080-exec-1] o.s.web.servlet.DispatcherServlet - Completed 200 OK
2025-01-17 16:00:46 TRACE [http-nio-8080-exec-2] org.hibernate.orm.jdbc.bind - binding parameter (1:VARCHAR) <- [grandfather]
2025-01-17 16:00:46 DEBUG [http-nio-8080-exec-2] o.s.web.servlet.DispatcherServlet - GET "/posts", parameters={}
2025-01-17 16:00:46 DEBUG [http-nio-8080-exec-2] o.s.w.s.m.m.a.RequestMappingHandlerMapping - Mapped to com.example.relation.domain.post.PostController#readPosts()
2025-01-17 16:00:46 DEBUG [http-nio-8080-exec-2] o.s.w.s.m.m.a.HttpEntityMethodProcessor - Using 'application/json', given [application/json, text/plain, */*] and supported [application/json, application/*+json]
2025-01-17 16:00:46 DEBUG [http-nio-8080-exec-2] o.s.w.s.m.m.a.HttpEntityMethodProcessor - Writing [com.example.relation.global.response.ApiResponse@2dec4960]
2025-01-17 16:00:46 DEBUG [http-nio-8080-exec-2] o.s.web.servlet.DispatcherServlet - Completed 200 OK
2025-01-17 16:00:47 TRACE [http-nio-8080-exec-3] org.hibernate.orm.jdbc.bind - binding parameter (1:VARCHAR) <- [grandfather]
2025-01-17 16:00:47 DEBUG [http-nio-8080-exec-3] o.s.web.servlet.DispatcherServlet - GET "/posts/2/detail", parameters={}
2025-01-17 16:00:47 DEBUG [http-nio-8080-exec-3] o.s.w.s.m.m.a.RequestMappingHandlerMapping - Mapped to com.example.relation.domain.post.PostController#readPostByIdWithCommentAndTag(Long)
2025-01-17 16:00:47 TRACE [http-nio-8080-exec-3] org.hibernate.orm.jdbc.bind - binding parameter (1:BIGINT) <- [2]
2025-01-17 16:00:47 TRACE [http-nio-8080-exec-3] org.hibernate.orm.jdbc.bind - binding parameter (1:BIGINT) <- [2]
2025-01-17 16:00:47 DEBUG [http-nio-8080-exec-3] o.s.w.s.m.m.a.HttpEntityMethodProcessor - Using 'application/json', given [application/json, text/plain, */*] and supported [application/json, application/*+json]
2025-01-17 16:00:47 DEBUG [http-nio-8080-exec-3] o.s.w.s.m.m.a.HttpEntityMethodProcessor - Writing [com.example.relation.global.response.ApiResponse@60850837]
2025-01-17 16:00:47 DEBUG [http-nio-8080-exec-3] o.s.web.servlet.DispatcherServlet - Completed 200 OK
2025-01-17 16:00:47 TRACE [http-nio-8080-exec-7] org.hibernate.orm.jdbc.bind - binding parameter (1:VARCHAR) <- [grandfather]
2025-01-17 16:00:47 DEBUG [http-nio-8080-exec-7] o.s.web.servlet.DispatcherServlet - GET "/posts/2/detail", parameters={}
2025-01-17 16:00:47 DEBUG [http-nio-8080-exec-7] o.s.w.s.m.m.a.RequestMappingHandlerMapping - Mapped to com.example.relation.domain.post.PostController#readPostByIdWithCommentAndTag(Long)
2025-01-17 16:00:47 TRACE [http-nio-8080-exec-7] org.hibernate.orm.jdbc.bind - binding parameter (1:BIGINT) <- [2]
2025-01-17 16:00:47 TRACE [http-nio-8080-exec-7] org.hibernate.orm.jdbc.bind - binding parameter (1:BIGINT) <- [2]
2025-01-17 16:00:47 DEBUG [http-nio-8080-exec-7] o.s.w.s.m.m.a.HttpEntityMethodProcessor - Using 'application/json', given [application/json, text/plain, */*] and supported [application/json, application/*+json]
2025-01-17 16:00:47 DEBUG [http-nio-8080-exec-7] o.s.w.s.m.m.a.HttpEntityMethodProcessor - Writing [com.example.relation.global.response.ApiResponse@728ddeb1]
2025-01-17 16:00:47 DEBUG [http-nio-8080-exec-7] o.s.web.servlet.DispatcherServlet - Completed 200 OK
2025-01-17 16:00:51 TRACE [http-nio-8080-exec-9] org.hibernate.orm.jdbc.bind - binding parameter (1:VARCHAR) <- [grandfather]
2025-01-17 16:00:51 DEBUG [http-nio-8080-exec-9] o.s.web.servlet.DispatcherServlet - GET "/my/posts", parameters={}
2025-01-17 16:00:51 DEBUG [http-nio-8080-exec-9] o.s.w.s.m.m.a.RequestMappingHandlerMapping - Mapped to com.example.relation.domain.user.controller.UserController#getMyPosts(User, Pageable)
2025-01-17 16:00:51 TRACE [http-nio-8080-exec-9] org.hibernate.orm.jdbc.bind - binding parameter (1:BIGINT) <- [2]
2025-01-17 16:00:51 TRACE [http-nio-8080-exec-9] org.hibernate.orm.jdbc.bind - binding parameter (2:INTEGER) <- [20]
2025-01-17 16:00:51 DEBUG [http-nio-8080-exec-9] o.s.w.s.m.m.a.HttpEntityMethodProcessor - Using 'application/json', given [application/json, text/plain, */*] and supported [application/json, application/*+json]
2025-01-17 16:00:51 DEBUG [http-nio-8080-exec-9] o.s.w.s.m.m.a.HttpEntityMethodProcessor - Writing [com.example.relation.global.response.ApiResponse@8bb491a]
2025-01-17 16:00:51 DEBUG [http-nio-8080-exec-9] o.s.web.servlet.DispatcherServlet - Completed 200 OK
2025-01-17 16:00:51 TRACE [http-nio-8080-exec-10] org.hibernate.orm.jdbc.bind - binding parameter (1:VARCHAR) <- [grandfather]
2025-01-17 16:00:51 DEBUG [http-nio-8080-exec-10] o.s.web.servlet.DispatcherServlet - GET "/my/posts", parameters={}
2025-01-17 16:00:51 DEBUG [http-nio-8080-exec-10] o.s.w.s.m.m.a.RequestMappingHandlerMapping - Mapped to com.example.relation.domain.user.controller.UserController#getMyPosts(User, Pageable)
2025-01-17 16:00:51 TRACE [http-nio-8080-exec-10] org.hibernate.orm.jdbc.bind - binding parameter (1:BIGINT) <- [2]
2025-01-17 16:00:51 TRACE [http-nio-8080-exec-10] org.hibernate.orm.jdbc.bind - binding parameter (2:INTEGER) <- [20]
2025-01-17 16:00:51 DEBUG [http-nio-8080-exec-10] o.s.w.s.m.m.a.HttpEntityMethodProcessor - Using 'application/json', given [application/json, text/plain, */*] and supported [application/json, application/*+json]
2025-01-17 16:00:51 DEBUG [http-nio-8080-exec-10] o.s.w.s.m.m.a.HttpEntityMethodProcessor - Writing [com.example.relation.global.response.ApiResponse@4a7e59ea]
2025-01-17 16:00:51 DEBUG [http-nio-8080-exec-10] o.s.web.servlet.DispatcherServlet - Completed 200 OK
2025-01-17 16:00:52 TRACE [http-nio-8080-exec-2] org.hibernate.orm.jdbc.bind - binding parameter (1:VARCHAR) <- [grandfather]
2025-01-17 16:00:52 DEBUG [http-nio-8080-exec-2] o.s.web.servlet.DispatcherServlet - GET "/posts", parameters={}
2025-01-17 16:00:52 DEBUG [http-nio-8080-exec-2] o.s.w.s.m.m.a.RequestMappingHandlerMapping - Mapped to com.example.relation.domain.post.PostController#readPosts()
2025-01-17 16:00:52 DEBUG [http-nio-8080-exec-2] o.s.w.s.m.m.a.HttpEntityMethodProcessor - Using 'application/json', given [application/json, text/plain, */*] and supported [application/json, application/*+json]
2025-01-17 16:00:52 DEBUG [http-nio-8080-exec-2] o.s.w.s.m.m.a.HttpEntityMethodProcessor - Writing [com.example.relation.global.response.ApiResponse@37bc6f04]
2025-01-17 16:00:52 DEBUG [http-nio-8080-exec-2] o.s.web.servlet.DispatcherServlet - Completed 200 OK
2025-01-17 16:00:52 TRACE [http-nio-8080-exec-5] org.hibernate.orm.jdbc.bind - binding parameter (1:VARCHAR) <- [grandfather]
2025-01-17 16:00:52 DEBUG [http-nio-8080-exec-5] o.s.web.servlet.DispatcherServlet - GET "/posts", parameters={}
2025-01-17 16:00:52 DEBUG [http-nio-8080-exec-5] o.s.w.s.m.m.a.RequestMappingHandlerMapping - Mapped to com.example.relation.domain.post.PostController#readPosts()
2025-01-17 16:00:52 DEBUG [http-nio-8080-exec-5] o.s.w.s.m.m.a.HttpEntityMethodProcessor - Using 'application/json', given [application/json, text/plain, */*] and supported [application/json, application/*+json]
2025-01-17 16:00:52 DEBUG [http-nio-8080-exec-5] o.s.w.s.m.m.a.HttpEntityMethodProcessor - Writing [com.example.relation.global.response.ApiResponse@72912bd3]
2025-01-17 16:00:52 DEBUG [http-nio-8080-exec-5] o.s.web.servlet.DispatcherServlet - Completed 200 OK
2025-01-17 16:00:55 TRACE [http-nio-8080-exec-4] org.hibernate.orm.jdbc.bind - binding parameter (1:VARCHAR) <- [grandfather]
2025-01-17 16:00:55 DEBUG [http-nio-8080-exec-4] o.s.web.servlet.DispatcherServlet - GET "/posts", parameters={}
2025-01-17 16:00:55 DEBUG [http-nio-8080-exec-4] o.s.w.s.m.m.a.RequestMappingHandlerMapping - Mapped to com.example.relation.domain.post.PostController#readPosts()
2025-01-17 16:00:55 DEBUG [http-nio-8080-exec-4] o.s.w.s.m.m.a.HttpEntityMethodProcessor - Using 'application/json', given [application/json, text/plain, */*] and supported [application/json, application/*+json]
2025-01-17 16:00:55 DEBUG [http-nio-8080-exec-4] o.s.w.s.m.m.a.HttpEntityMethodProcessor - Writing [com.example.relation.global.response.ApiResponse@734856d2]
2025-01-17 16:00:55 DEBUG [http-nio-8080-exec-4] o.s.web.servlet.DispatcherServlet - Completed 200 OK
2025-01-17 16:00:55 TRACE [http-nio-8080-exec-3] org.hibernate.orm.jdbc.bind - binding parameter (1:VARCHAR) <- [grandfather]
2025-01-17 16:00:55 DEBUG [http-nio-8080-exec-3] o.s.web.servlet.DispatcherServlet - GET "/posts", parameters={}
2025-01-17 16:00:55 DEBUG [http-nio-8080-exec-3] o.s.w.s.m.m.a.RequestMappingHandlerMapping - Mapped to com.example.relation.domain.post.PostController#readPosts()
2025-01-17 16:00:55 DEBUG [http-nio-8080-exec-3] o.s.w.s.m.m.a.HttpEntityMethodProcessor - Using 'application/json', given [application/json, text/plain, */*] and supported [application/json, application/*+json]
2025-01-17 16:00:55 DEBUG [http-nio-8080-exec-3] o.s.w.s.m.m.a.HttpEntityMethodProcessor - Writing [com.example.relation.global.response.ApiResponse@48c3a381]
2025-01-17 16:00:55 DEBUG [http-nio-8080-exec-3] o.s.web.servlet.DispatcherServlet - Completed 200 OK
2025-01-17 16:01:05 TRACE [http-nio-8080-exec-6] org.hibernate.orm.jdbc.bind - binding parameter (1:VARCHAR) <- [grandfather]
2025-01-17 16:01:05 DEBUG [http-nio-8080-exec-6] o.s.web.servlet.DispatcherServlet - GET "/posts", parameters={}
2025-01-17 16:01:05 DEBUG [http-nio-8080-exec-6] o.s.w.s.m.m.a.RequestMappingHandlerMapping - Mapped to com.example.relation.domain.post.PostController#readPosts()
2025-01-17 16:01:05 DEBUG [http-nio-8080-exec-6] o.s.w.s.m.m.a.HttpEntityMethodProcessor - Using 'application/json', given [application/json, text/plain, */*] and supported [application/json, application/*+json]
2025-01-17 16:01:05 DEBUG [http-nio-8080-exec-6] o.s.w.s.m.m.a.HttpEntityMethodProcessor - Writing [com.example.relation.global.response.ApiResponse@7c7edf14]
2025-01-17 16:01:05 DEBUG [http-nio-8080-exec-6] o.s.web.servlet.DispatcherServlet - Completed 200 OK
2025-01-17 16:03:48 TRACE [http-nio-8080-exec-1] org.hibernate.orm.jdbc.bind - binding parameter (1:VARCHAR) <- [grandfather]
2025-01-17 16:03:48 DEBUG [http-nio-8080-exec-1] o.s.web.servlet.DispatcherServlet - POST "/posts/post2", parameters={}
2025-01-17 16:03:48 DEBUG [http-nio-8080-exec-1] o.s.w.s.m.m.a.ExceptionHandlerExceptionResolver - Using @ExceptionHandler com.example.relation.global.exception.GlobalExceptionHandler#handleMethodNotAllowed(HttpRequestMethodNotSupportedException)
2025-01-17 16:03:48 DEBUG [http-nio-8080-exec-1] o.s.w.s.m.m.a.HttpEntityMethodProcessor - Using 'application/json', given [application/json, text/plain, */*] and supported [application/json, application/*+json]
2025-01-17 16:03:48 DEBUG [http-nio-8080-exec-1] o.s.w.s.m.m.a.HttpEntityMethodProcessor - Writing [com.example.relation.global.response.ApiResponse@41d6d672]
2025-01-17 16:03:48 WARN  [http-nio-8080-exec-1] o.s.w.s.m.m.a.ExceptionHandlerExceptionResolver - Resolved [org.springframework.web.HttpRequestMethodNotSupportedException: Request method 'POST' is not supported]
2025-01-17 16:03:48 DEBUG [http-nio-8080-exec-1] o.s.web.servlet.DispatcherServlet - Completed 405 METHOD_NOT_ALLOWED
2025-01-17 16:12:26 DEBUG [http-nio-8080-exec-4] o.s.web.servlet.DispatcherServlet - POST "/auth/signup", parameters={}
2025-01-17 16:12:26 DEBUG [http-nio-8080-exec-4] o.s.w.s.m.m.a.RequestMappingHandlerMapping - Mapped to com.example.relation.domain.user.controller.AuthController#signup(SignupRequestDto)
2025-01-17 16:12:26 DEBUG [http-nio-8080-exec-4] o.s.w.s.m.m.a.RequestResponseBodyMethodProcessor - Read "application/json;charset=UTF-8" to [com.example.relation.domain.user.dto.requset.SignupRequestDto@12e9ef5a]
2025-01-17 16:12:26 TRACE [http-nio-8080-exec-4] org.hibernate.orm.jdbc.bind - binding parameter (1:VARCHAR) <- [grandfather1]
2025-01-17 16:12:26 TRACE [http-nio-8080-exec-4] org.hibernate.orm.jdbc.bind - binding parameter (2:INTEGER) <- [1]
2025-01-17 16:12:26 TRACE [http-nio-8080-exec-4] org.hibernate.orm.jdbc.bind - binding parameter (1:VARCHAR) <- [12@123.com]
2025-01-17 16:12:26 TRACE [http-nio-8080-exec-4] org.hibernate.orm.jdbc.bind - binding parameter (2:INTEGER) <- [1]
2025-01-17 16:12:26 TRACE [http-nio-8080-exec-4] org.hibernate.orm.jdbc.bind - binding parameter (1:VARCHAR) <- [12@123.com]
2025-01-17 16:12:26 TRACE [http-nio-8080-exec-4] org.hibernate.orm.jdbc.bind - binding parameter (2:VARCHAR) <- [$2a$10$GESJKCcLVo7ZQIDRKBAUNupIjlwI7i1CQ96M1ScpTTPLpWYM.DohK]
2025-01-17 16:12:26 TRACE [http-nio-8080-exec-4] org.hibernate.orm.jdbc.bind - binding parameter (3:ENUM) <- [ROLE_USER]
2025-01-17 16:12:26 TRACE [http-nio-8080-exec-4] org.hibernate.orm.jdbc.bind - binding parameter (4:VARCHAR) <- [grandfather1]
2025-01-17 16:12:26 DEBUG [http-nio-8080-exec-4] o.s.w.s.m.m.a.HttpEntityMethodProcessor - Using 'application/json', given [application/json, text/plain, */*] and supported [application/json, application/*+json]
2025-01-17 16:12:26 DEBUG [http-nio-8080-exec-4] o.s.w.s.m.m.a.HttpEntityMethodProcessor - Writing [com.example.relation.global.response.ApiResponse@1eb80e50]
2025-01-17 16:12:26 DEBUG [http-nio-8080-exec-4] o.s.web.servlet.DispatcherServlet - Completed 201 CREATED
2025-01-17 16:12:52 DEBUG [http-nio-8080-exec-7] o.s.web.servlet.DispatcherServlet - POST "/auth/login", parameters={}
2025-01-17 16:12:52 DEBUG [http-nio-8080-exec-7] o.s.w.s.m.m.a.RequestMappingHandlerMapping - Mapped to com.example.relation.domain.user.controller.AuthController#login(LoginRequestDto)
2025-01-17 16:12:52 DEBUG [http-nio-8080-exec-7] o.s.w.s.m.m.a.RequestResponseBodyMethodProcessor - Read "application/json;charset=UTF-8" to [com.example.relation.domain.user.dto.requset.LoginRequestDto@4ff41550]
2025-01-17 16:12:52 TRACE [http-nio-8080-exec-7] org.hibernate.orm.jdbc.bind - binding parameter (1:VARCHAR) <- [grandfather1]
2025-01-17 16:12:52 DEBUG [http-nio-8080-exec-7] o.s.w.s.m.m.a.HttpEntityMethodProcessor - Using 'application/json', given [application/json, text/plain, */*] and supported [application/json, application/*+json]
2025-01-17 16:12:52 DEBUG [http-nio-8080-exec-7] o.s.w.s.m.m.a.HttpEntityMethodProcessor - Writing [com.example.relation.global.response.ApiResponse@15f9bfd7]
2025-01-17 16:12:52 DEBUG [http-nio-8080-exec-7] o.s.web.servlet.DispatcherServlet - Completed 200 OK
2025-01-17 16:15:13 DEBUG [http-nio-8080-exec-9] o.s.web.servlet.DispatcherServlet - POST "/auth/login", parameters={}
2025-01-17 16:15:13 DEBUG [http-nio-8080-exec-9] o.s.w.s.m.m.a.RequestMappingHandlerMapping - Mapped to com.example.relation.domain.user.controller.AuthController#login(LoginRequestDto)
2025-01-17 16:15:13 DEBUG [http-nio-8080-exec-9] o.s.w.s.m.m.a.RequestResponseBodyMethodProcessor - Read "application/json;charset=UTF-8" to [com.example.relation.domain.user.dto.requset.LoginRequestDto@26504e00]
2025-01-17 16:15:13 TRACE [http-nio-8080-exec-9] org.hibernate.orm.jdbc.bind - binding parameter (1:VARCHAR) <- [grandfather1]
2025-01-17 16:15:14 DEBUG [http-nio-8080-exec-9] o.s.w.s.m.m.a.HttpEntityMethodProcessor - Using 'application/json', given [application/json, text/plain, */*] and supported [application/json, application/*+json]
2025-01-17 16:15:14 DEBUG [http-nio-8080-exec-9] o.s.w.s.m.m.a.HttpEntityMethodProcessor - Writing [com.example.relation.global.response.ApiResponse@1b4e6a4d]
2025-01-17 16:15:14 DEBUG [http-nio-8080-exec-9] o.s.web.servlet.DispatcherServlet - Completed 200 OK
2025-01-17 16:15:28 DEBUG [http-nio-8080-exec-1] o.s.web.servlet.DispatcherServlet - POST "/auth/login", parameters={}
2025-01-17 16:15:28 DEBUG [http-nio-8080-exec-1] o.s.w.s.m.m.a.RequestMappingHandlerMapping - Mapped to com.example.relation.domain.user.controller.AuthController#login(LoginRequestDto)
2025-01-17 16:15:28 DEBUG [http-nio-8080-exec-1] o.s.w.s.m.m.a.RequestResponseBodyMethodProcessor - Read "application/json;charset=UTF-8" to [com.example.relation.domain.user.dto.requset.LoginRequestDto@556c238e]
2025-01-17 16:15:28 TRACE [http-nio-8080-exec-1] org.hibernate.orm.jdbc.bind - binding parameter (1:VARCHAR) <- [grandfather1]
2025-01-17 16:15:28 DEBUG [http-nio-8080-exec-1] o.s.w.s.m.m.a.HttpEntityMethodProcessor - Using 'application/json', given [application/json, text/plain, */*] and supported [application/json, application/*+json]
2025-01-17 16:15:28 DEBUG [http-nio-8080-exec-1] o.s.w.s.m.m.a.HttpEntityMethodProcessor - Writing [com.example.relation.global.response.ApiResponse@7b95be0b]
2025-01-17 16:15:28 DEBUG [http-nio-8080-exec-1] o.s.web.servlet.DispatcherServlet - Completed 200 OK
2025-01-17 16:22:39 DEBUG [http-nio-8080-exec-4] o.s.web.servlet.DispatcherServlet - POST "/auth/login", parameters={}
2025-01-17 16:22:39 DEBUG [http-nio-8080-exec-4] o.s.w.s.m.m.a.RequestMappingHandlerMapping - Mapped to com.example.relation.domain.user.controller.AuthController#login(LoginRequestDto)
2025-01-17 16:22:39 DEBUG [http-nio-8080-exec-4] o.s.w.s.m.m.a.RequestResponseBodyMethodProcessor - Read "application/json;charset=UTF-8" to [com.example.relation.domain.user.dto.requset.LoginRequestDto@59f8dd80]
2025-01-17 16:22:39 TRACE [http-nio-8080-exec-4] org.hibernate.orm.jdbc.bind - binding parameter (1:VARCHAR) <- [123123]
2025-01-17 16:22:39 DEBUG [http-nio-8080-exec-4] o.s.web.servlet.DispatcherServlet - Failed to complete request: org.springframework.security.authentication.BadCredentialsException: 자격 증명에 실패하였습니다.
2025-01-17 16:22:41 DEBUG [http-nio-8080-exec-3] o.s.web.servlet.DispatcherServlet - POST "/auth/login", parameters={}
2025-01-17 16:22:41 DEBUG [http-nio-8080-exec-3] o.s.w.s.m.m.a.RequestMappingHandlerMapping - Mapped to com.example.relation.domain.user.controller.AuthController#login(LoginRequestDto)
2025-01-17 16:22:41 DEBUG [http-nio-8080-exec-3] o.s.w.s.m.m.a.RequestResponseBodyMethodProcessor - Read "application/json;charset=UTF-8" to [com.example.relation.domain.user.dto.requset.LoginRequestDto@352b9ca]
2025-01-17 16:22:41 TRACE [http-nio-8080-exec-3] org.hibernate.orm.jdbc.bind - binding parameter (1:VARCHAR) <- [123123]
2025-01-17 16:22:41 DEBUG [http-nio-8080-exec-3] o.s.web.servlet.DispatcherServlet - Failed to complete request: org.springframework.security.authentication.BadCredentialsException: 자격 증명에 실패하였습니다.
2025-01-17 16:22:41 DEBUG [http-nio-8080-exec-7] o.s.web.servlet.DispatcherServlet - POST "/auth/login", parameters={}
2025-01-17 16:22:41 DEBUG [http-nio-8080-exec-7] o.s.w.s.m.m.a.RequestMappingHandlerMapping - Mapped to com.example.relation.domain.user.controller.AuthController#login(LoginRequestDto)
2025-01-17 16:22:41 DEBUG [http-nio-8080-exec-7] o.s.w.s.m.m.a.RequestResponseBodyMethodProcessor - Read "application/json;charset=UTF-8" to [com.example.relation.domain.user.dto.requset.LoginRequestDto@1522b454]
2025-01-17 16:22:41 TRACE [http-nio-8080-exec-7] org.hibernate.orm.jdbc.bind - binding parameter (1:VARCHAR) <- [123123]
2025-01-17 16:22:41 DEBUG [http-nio-8080-exec-7] o.s.web.servlet.DispatcherServlet - Failed to complete request: org.springframework.security.authentication.BadCredentialsException: 자격 증명에 실패하였습니다.
2025-01-17 16:22:41 DEBUG [http-nio-8080-exec-6] o.s.web.servlet.DispatcherServlet - POST "/auth/login", parameters={}
2025-01-17 16:22:41 DEBUG [http-nio-8080-exec-6] o.s.w.s.m.m.a.RequestMappingHandlerMapping - Mapped to com.example.relation.domain.user.controller.AuthController#login(LoginRequestDto)
2025-01-17 16:22:41 DEBUG [http-nio-8080-exec-6] o.s.w.s.m.m.a.RequestResponseBodyMethodProcessor - Read "application/json;charset=UTF-8" to [com.example.relation.domain.user.dto.requset.LoginRequestDto@4023e98c]
2025-01-17 16:22:41 TRACE [http-nio-8080-exec-6] org.hibernate.orm.jdbc.bind - binding parameter (1:VARCHAR) <- [123123]
2025-01-17 16:22:41 DEBUG [http-nio-8080-exec-6] o.s.web.servlet.DispatcherServlet - Failed to complete request: org.springframework.security.authentication.BadCredentialsException: 자격 증명에 실패하였습니다.
2025-01-17 16:22:49 DEBUG [http-nio-8080-exec-9] o.s.web.servlet.DispatcherServlet - POST "/auth/login", parameters={}
2025-01-17 16:22:49 DEBUG [http-nio-8080-exec-9] o.s.w.s.m.m.a.RequestMappingHandlerMapping - Mapped to com.example.relation.domain.user.controller.AuthController#login(LoginRequestDto)
2025-01-17 16:22:49 DEBUG [http-nio-8080-exec-9] o.s.w.s.m.m.a.RequestResponseBodyMethodProcessor - Read "application/json;charset=UTF-8" to [com.example.relation.domain.user.dto.requset.LoginRequestDto@afa03f]
2025-01-17 16:22:49 TRACE [http-nio-8080-exec-9] org.hibernate.orm.jdbc.bind - binding parameter (1:VARCHAR) <- [grandfather1]
2025-01-17 16:22:49 DEBUG [http-nio-8080-exec-9] o.s.web.servlet.DispatcherServlet - Failed to complete request: org.springframework.security.authentication.BadCredentialsException: 자격 증명에 실패하였습니다.
2025-01-17 16:23:10 DEBUG [http-nio-8080-exec-1] o.s.web.servlet.DispatcherServlet - POST "/auth/login", parameters={}
2025-01-17 16:23:10 DEBUG [http-nio-8080-exec-1] o.s.w.s.m.m.a.RequestMappingHandlerMapping - Mapped to com.example.relation.domain.user.controller.AuthController#login(LoginRequestDto)
2025-01-17 16:23:10 DEBUG [http-nio-8080-exec-1] o.s.w.s.m.m.a.RequestResponseBodyMethodProcessor - Read "application/json;charset=UTF-8" to [com.example.relation.domain.user.dto.requset.LoginRequestDto@64800f86]
2025-01-17 16:23:10 TRACE [http-nio-8080-exec-1] org.hibernate.orm.jdbc.bind - binding parameter (1:VARCHAR) <- [grandfather1]
2025-01-17 16:23:10 DEBUG [http-nio-8080-exec-1] o.s.w.s.m.m.a.HttpEntityMethodProcessor - Using 'application/json', given [application/json, text/plain, */*] and supported [application/json, application/*+json]
2025-01-17 16:23:10 DEBUG [http-nio-8080-exec-1] o.s.w.s.m.m.a.HttpEntityMethodProcessor - Writing [com.example.relation.global.response.ApiResponse@119e3cde]
2025-01-17 16:23:10 DEBUG [http-nio-8080-exec-1] o.s.web.servlet.DispatcherServlet - Completed 200 OK
2025-01-17 16:25:43 DEBUG [http-nio-8080-exec-4] o.s.web.servlet.DispatcherServlet - POST "/auth/login", parameters={}
2025-01-17 16:25:43 DEBUG [http-nio-8080-exec-4] o.s.w.s.m.m.a.RequestMappingHandlerMapping - Mapped to com.example.relation.domain.user.controller.AuthController#login(LoginRequestDto)
2025-01-17 16:25:43 DEBUG [http-nio-8080-exec-4] o.s.w.s.m.m.a.RequestResponseBodyMethodProcessor - Read "application/json;charset=UTF-8" to [com.example.relation.domain.user.dto.requset.LoginRequestDto@7d92854a]
2025-01-17 16:25:43 TRACE [http-nio-8080-exec-4] org.hibernate.orm.jdbc.bind - binding parameter (1:VARCHAR) <- [grandfather1]
2025-01-17 16:25:43 DEBUG [http-nio-8080-exec-4] o.s.w.s.m.m.a.HttpEntityMethodProcessor - Using 'application/json', given [application/json, text/plain, */*] and supported [application/json, application/*+json]
2025-01-17 16:25:43 DEBUG [http-nio-8080-exec-4] o.s.w.s.m.m.a.HttpEntityMethodProcessor - Writing [com.example.relation.global.response.ApiResponse@32b2bf6a]
2025-01-17 16:25:43 DEBUG [http-nio-8080-exec-4] o.s.web.servlet.DispatcherServlet - Completed 200 OK
2025-01-17 16:26:54 DEBUG [http-nio-8080-exec-6] o.s.web.servlet.DispatcherServlet - POST "/auth/login", parameters={}
2025-01-17 16:26:54 DEBUG [http-nio-8080-exec-6] o.s.w.s.m.m.a.RequestMappingHandlerMapping - Mapped to com.example.relation.domain.user.controller.AuthController#login(LoginRequestDto)
2025-01-17 16:26:54 DEBUG [http-nio-8080-exec-6] o.s.w.s.m.m.a.RequestResponseBodyMethodProcessor - Read "application/json;charset=UTF-8" to [com.example.relation.domain.user.dto.requset.LoginRequestDto@21a6bf10]
2025-01-17 16:26:54 TRACE [http-nio-8080-exec-6] org.hibernate.orm.jdbc.bind - binding parameter (1:VARCHAR) <- [grandfather1]
2025-01-17 16:26:54 DEBUG [http-nio-8080-exec-6] o.s.w.s.m.m.a.HttpEntityMethodProcessor - Using 'application/json', given [application/json, text/plain, */*] and supported [application/json, application/*+json]
2025-01-17 16:26:54 DEBUG [http-nio-8080-exec-6] o.s.w.s.m.m.a.HttpEntityMethodProcessor - Writing [com.example.relation.global.response.ApiResponse@6bf6d259]
2025-01-17 16:26:54 DEBUG [http-nio-8080-exec-6] o.s.web.servlet.DispatcherServlet - Completed 200 OK
2025-01-17 16:26:59 TRACE [http-nio-8080-exec-10] org.hibernate.orm.jdbc.bind - binding parameter (1:VARCHAR) <- [grandfather1]
2025-01-17 16:26:59 DEBUG [http-nio-8080-exec-10] o.s.web.servlet.DispatcherServlet - GET "/posts", parameters={}
2025-01-17 16:26:59 DEBUG [http-nio-8080-exec-10] o.s.w.s.m.m.a.RequestMappingHandlerMapping - Mapped to com.example.relation.domain.post.PostController#readPosts()
2025-01-17 16:26:59 DEBUG [http-nio-8080-exec-10] o.s.w.s.m.m.a.HttpEntityMethodProcessor - Using 'application/json', given [application/json, text/plain, */*] and supported [application/json, application/*+json]
2025-01-17 16:26:59 DEBUG [http-nio-8080-exec-10] o.s.w.s.m.m.a.HttpEntityMethodProcessor - Writing [com.example.relation.global.response.ApiResponse@5c1fc6eb]
2025-01-17 16:26:59 DEBUG [http-nio-8080-exec-10] o.s.web.servlet.DispatcherServlet - Completed 200 OK
2025-01-17 16:26:59 TRACE [http-nio-8080-exec-1] org.hibernate.orm.jdbc.bind - binding parameter (1:VARCHAR) <- [grandfather1]
2025-01-17 16:26:59 DEBUG [http-nio-8080-exec-1] o.s.web.servlet.DispatcherServlet - GET "/posts", parameters={}
2025-01-17 16:26:59 DEBUG [http-nio-8080-exec-1] o.s.w.s.m.m.a.RequestMappingHandlerMapping - Mapped to com.example.relation.domain.post.PostController#readPosts()
2025-01-17 16:26:59 DEBUG [http-nio-8080-exec-1] o.s.w.s.m.m.a.HttpEntityMethodProcessor - Using 'application/json', given [application/json, text/plain, */*] and supported [application/json, application/*+json]
2025-01-17 16:26:59 DEBUG [http-nio-8080-exec-1] o.s.w.s.m.m.a.HttpEntityMethodProcessor - Writing [com.example.relation.global.response.ApiResponse@44a370a4]
2025-01-17 16:26:59 DEBUG [http-nio-8080-exec-1] o.s.web.servlet.DispatcherServlet - Completed 200 OK
2025-01-17 16:37:38 TRACE [http-nio-8080-exec-3] org.hibernate.orm.jdbc.bind - binding parameter (1:VARCHAR) <- [grandfather1]
2025-01-17 16:37:38 DEBUG [http-nio-8080-exec-3] o.s.web.servlet.DispatcherServlet - POST "/posts", parameters={}
2025-01-17 16:37:38 DEBUG [http-nio-8080-exec-3] o.s.w.s.m.m.a.RequestMappingHandlerMapping - Mapped to com.example.relation.domain.post.PostController#createPost(PostCreateRequestDto)
2025-01-17 16:37:38 DEBUG [http-nio-8080-exec-3] o.s.w.s.m.m.a.RequestResponseBodyMethodProcessor - Read "application/json;charset=UTF-8" to [com.example.relation.domain.post.dto.PostCreateRequestDto@47145489]
2025-01-17 16:37:38 TRACE [http-nio-8080-exec-3] org.hibernate.orm.jdbc.bind - binding parameter (1:VARCHAR) <- [null]
2025-01-17 16:37:38 TRACE [http-nio-8080-exec-3] org.hibernate.orm.jdbc.bind - binding parameter (2:VARCHAR) <- [123123123123]
2025-01-17 16:37:38 TRACE [http-nio-8080-exec-3] org.hibernate.orm.jdbc.bind - binding parameter (3:TIMESTAMP) <- [2025-01-17T16:37:38.172915700]
2025-01-17 16:37:38 TRACE [http-nio-8080-exec-3] org.hibernate.orm.jdbc.bind - binding parameter (4:VARCHAR) <- [null]
2025-01-17 16:37:38 TRACE [http-nio-8080-exec-3] org.hibernate.orm.jdbc.bind - binding parameter (5:VARCHAR) <- [123123123]
2025-01-17 16:37:38 TRACE [http-nio-8080-exec-3] org.hibernate.orm.jdbc.bind - binding parameter (6:TIMESTAMP) <- [2025-01-17T16:37:38.172915700]
2025-01-17 16:37:38 DEBUG [http-nio-8080-exec-3] o.s.w.s.m.m.a.HttpEntityMethodProcessor - Using 'application/json', given [application/json, text/plain, */*] and supported [application/json, application/*+json]
2025-01-17 16:37:38 DEBUG [http-nio-8080-exec-3] o.s.w.s.m.m.a.HttpEntityMethodProcessor - Writing [com.example.relation.global.response.ApiResponse@192ee1ee]
2025-01-17 16:37:38 DEBUG [http-nio-8080-exec-3] o.s.web.servlet.DispatcherServlet - Completed 201 CREATED
2025-01-17 16:38:19 TRACE [http-nio-8080-exec-6] org.hibernate.orm.jdbc.bind - binding parameter (1:VARCHAR) <- [grandfather1]
2025-01-17 16:38:19 DEBUG [http-nio-8080-exec-6] o.s.web.servlet.DispatcherServlet - POST "/posts", parameters={}
2025-01-17 16:38:19 DEBUG [http-nio-8080-exec-6] o.s.w.s.m.m.a.RequestMappingHandlerMapping - Mapped to com.example.relation.domain.post.PostController#createPost(PostCreateRequestDto)
2025-01-17 16:38:19 DEBUG [http-nio-8080-exec-6] o.s.w.s.m.m.a.RequestResponseBodyMethodProcessor - Read "application/json;charset=UTF-8" to [com.example.relation.domain.post.dto.PostCreateRequestDto@76ee3cf5]
2025-01-17 16:38:19 TRACE [http-nio-8080-exec-6] org.hibernate.orm.jdbc.bind - binding parameter (1:VARCHAR) <- [null]
2025-01-17 16:38:19 TRACE [http-nio-8080-exec-6] org.hibernate.orm.jdbc.bind - binding parameter (2:VARCHAR) <- [123123123123]
2025-01-17 16:38:19 TRACE [http-nio-8080-exec-6] org.hibernate.orm.jdbc.bind - binding parameter (3:TIMESTAMP) <- [2025-01-17T16:38:19.006045]
2025-01-17 16:38:19 TRACE [http-nio-8080-exec-6] org.hibernate.orm.jdbc.bind - binding parameter (4:VARCHAR) <- [null]
2025-01-17 16:38:19 TRACE [http-nio-8080-exec-6] org.hibernate.orm.jdbc.bind - binding parameter (5:VARCHAR) <- [123123123123]
2025-01-17 16:38:19 TRACE [http-nio-8080-exec-6] org.hibernate.orm.jdbc.bind - binding parameter (6:TIMESTAMP) <- [2025-01-17T16:38:19.006045]
2025-01-17 16:38:19 DEBUG [http-nio-8080-exec-6] o.s.w.s.m.m.a.HttpEntityMethodProcessor - Using 'application/json', given [application/json, text/plain, */*] and supported [application/json, application/*+json]
2025-01-17 16:38:19 DEBUG [http-nio-8080-exec-6] o.s.w.s.m.m.a.HttpEntityMethodProcessor - Writing [com.example.relation.global.response.ApiResponse@13bd7806]
2025-01-17 16:38:19 DEBUG [http-nio-8080-exec-6] o.s.web.servlet.DispatcherServlet - Completed 201 CREATED
2025-01-17 16:38:19 TRACE [http-nio-8080-exec-10] org.hibernate.orm.jdbc.bind - binding parameter (1:VARCHAR) <- [grandfather1]
2025-01-17 16:38:19 DEBUG [http-nio-8080-exec-10] o.s.web.servlet.DispatcherServlet - GET "/posts/5/detail", parameters={}
2025-01-17 16:38:19 DEBUG [http-nio-8080-exec-10] o.s.w.s.m.m.a.RequestMappingHandlerMapping - Mapped to com.example.relation.domain.post.PostController#readPostByIdWithCommentAndTag(Long)
2025-01-17 16:38:19 TRACE [http-nio-8080-exec-10] org.hibernate.orm.jdbc.bind - binding parameter (1:BIGINT) <- [5]
2025-01-17 16:38:19 TRACE [http-nio-8080-exec-10] org.hibernate.orm.jdbc.bind - binding parameter (1:BIGINT) <- [5]
2025-01-17 16:38:19 DEBUG [http-nio-8080-exec-10] o.s.w.s.m.m.a.HttpEntityMethodProcessor - Using 'application/json', given [application/json, text/plain, */*] and supported [application/json, application/*+json]
2025-01-17 16:38:19 DEBUG [http-nio-8080-exec-10] o.s.w.s.m.m.a.HttpEntityMethodProcessor - Writing [com.example.relation.global.response.ApiResponse@5065b287]
2025-01-17 16:38:19 DEBUG [http-nio-8080-exec-10] o.s.web.servlet.DispatcherServlet - Completed 200 OK
2025-01-17 16:38:19 TRACE [http-nio-8080-exec-1] org.hibernate.orm.jdbc.bind - binding parameter (1:VARCHAR) <- [grandfather1]
2025-01-17 16:38:19 DEBUG [http-nio-8080-exec-1] o.s.web.servlet.DispatcherServlet - GET "/posts/5/detail", parameters={}
2025-01-17 16:38:19 DEBUG [http-nio-8080-exec-1] o.s.w.s.m.m.a.RequestMappingHandlerMapping - Mapped to com.example.relation.domain.post.PostController#readPostByIdWithCommentAndTag(Long)
2025-01-17 16:38:19 TRACE [http-nio-8080-exec-1] org.hibernate.orm.jdbc.bind - binding parameter (1:BIGINT) <- [5]
2025-01-17 16:38:19 TRACE [http-nio-8080-exec-1] org.hibernate.orm.jdbc.bind - binding parameter (1:BIGINT) <- [5]
2025-01-17 16:38:19 DEBUG [http-nio-8080-exec-1] o.s.w.s.m.m.a.HttpEntityMethodProcessor - Using 'application/json', given [application/json, text/plain, */*] and supported [application/json, application/*+json]
2025-01-17 16:38:19 DEBUG [http-nio-8080-exec-1] o.s.w.s.m.m.a.HttpEntityMethodProcessor - Writing [com.example.relation.global.response.ApiResponse@3fdd9e5b]
2025-01-17 16:38:19 DEBUG [http-nio-8080-exec-1] o.s.web.servlet.DispatcherServlet - Completed 200 OK
2025-01-17 16:42:34 TRACE [http-nio-8080-exec-3] org.hibernate.orm.jdbc.bind - binding parameter (1:VARCHAR) <- [grandfather1]
2025-01-17 16:42:34 DEBUG [http-nio-8080-exec-3] o.s.web.servlet.DispatcherServlet - POST "/posts/posts2", parameters={}
2025-01-17 16:42:34 DEBUG [http-nio-8080-exec-3] o.s.w.s.m.m.a.RequestMappingHandlerMapping - Mapped to com.example.relation.domain.post.PostController#createPost2(Post2CreateWithAuthorRequestDto, User)
2025-01-17 16:42:34 DEBUG [http-nio-8080-exec-3] o.s.w.s.m.m.a.RequestResponseBodyMethodProcessor - Read "application/json;charset=UTF-8" to [com.example.relation.domain.post.dto.Post2CreateWithAuthorRequestDto@37237221]
2025-01-17 16:42:34 TRACE [http-nio-8080-exec-3] org.hibernate.orm.jdbc.bind - binding parameter (1:BIGINT) <- [3]
2025-01-17 16:42:34 TRACE [http-nio-8080-exec-3] org.hibernate.orm.jdbc.bind - binding parameter (2:VARCHAR) <- [sddfasdfjlk]
2025-01-17 16:42:34 TRACE [http-nio-8080-exec-3] org.hibernate.orm.jdbc.bind - binding parameter (3:VARCHAR) <- [asdfasdfj]
2025-01-17 16:42:34 DEBUG [http-nio-8080-exec-3] o.s.w.s.m.m.a.HttpEntityMethodProcessor - Using 'application/json', given [application/json, text/plain, */*] and supported [application/json, application/*+json]
2025-01-17 16:42:34 DEBUG [http-nio-8080-exec-3] o.s.w.s.m.m.a.HttpEntityMethodProcessor - Writing [com.example.relation.global.response.ApiResponse@38e46626]
2025-01-17 16:42:34 DEBUG [http-nio-8080-exec-3] o.s.web.servlet.DispatcherServlet - Completed 201 CREATED
2025-01-17 16:42:34 TRACE [http-nio-8080-exec-8] org.hibernate.orm.jdbc.bind - binding parameter (1:VARCHAR) <- [grandfather1]
2025-01-17 16:42:34 DEBUG [http-nio-8080-exec-8] o.s.web.servlet.DispatcherServlet - GET "/my/posts", parameters={}
2025-01-17 16:42:34 DEBUG [http-nio-8080-exec-8] o.s.w.s.m.m.a.RequestMappingHandlerMapping - Mapped to com.example.relation.domain.user.controller.UserController#getMyPosts(User, Pageable)
2025-01-17 16:42:34 TRACE [http-nio-8080-exec-8] org.hibernate.orm.jdbc.bind - binding parameter (1:BIGINT) <- [3]
2025-01-17 16:42:34 TRACE [http-nio-8080-exec-8] org.hibernate.orm.jdbc.bind - binding parameter (2:INTEGER) <- [20]
2025-01-17 16:42:34 TRACE [http-nio-8080-exec-8] org.hibernate.orm.jdbc.bind - binding parameter (1:BIGINT) <- [3]
2025-01-17 16:42:34 DEBUG [http-nio-8080-exec-8] o.s.w.s.m.m.a.HttpEntityMethodProcessor - Using 'application/json', given [application/json, text/plain, */*] and supported [application/json, application/*+json]
2025-01-17 16:42:34 DEBUG [http-nio-8080-exec-8] o.s.w.s.m.m.a.HttpEntityMethodProcessor - Writing [com.example.relation.global.response.ApiResponse@e05d988]
2025-01-17 16:42:34 DEBUG [http-nio-8080-exec-8] o.s.web.servlet.DispatcherServlet - Completed 200 OK
2025-01-17 16:42:34 TRACE [http-nio-8080-exec-9] org.hibernate.orm.jdbc.bind - binding parameter (1:VARCHAR) <- [grandfather1]
2025-01-17 16:42:34 DEBUG [http-nio-8080-exec-9] o.s.web.servlet.DispatcherServlet - GET "/my/posts", parameters={}
2025-01-17 16:42:34 DEBUG [http-nio-8080-exec-9] o.s.w.s.m.m.a.RequestMappingHandlerMapping - Mapped to com.example.relation.domain.user.controller.UserController#getMyPosts(User, Pageable)
2025-01-17 16:42:34 TRACE [http-nio-8080-exec-9] org.hibernate.orm.jdbc.bind - binding parameter (1:BIGINT) <- [3]
2025-01-17 16:42:34 TRACE [http-nio-8080-exec-9] org.hibernate.orm.jdbc.bind - binding parameter (2:INTEGER) <- [20]
2025-01-17 16:42:34 TRACE [http-nio-8080-exec-9] org.hibernate.orm.jdbc.bind - binding parameter (1:BIGINT) <- [3]
2025-01-17 16:42:34 DEBUG [http-nio-8080-exec-9] o.s.w.s.m.m.a.HttpEntityMethodProcessor - Using 'application/json', given [application/json, text/plain, */*] and supported [application/json, application/*+json]
2025-01-17 16:42:34 DEBUG [http-nio-8080-exec-9] o.s.w.s.m.m.a.HttpEntityMethodProcessor - Writing [com.example.relation.global.response.ApiResponse@40c807c3]
2025-01-17 16:42:34 DEBUG [http-nio-8080-exec-9] o.s.web.servlet.DispatcherServlet - Completed 200 OK
2025-01-17 16:42:58 TRACE [http-nio-8080-exec-5] org.hibernate.orm.jdbc.bind - binding parameter (1:VARCHAR) <- [grandfather1]
2025-01-17 16:42:58 DEBUG [http-nio-8080-exec-5] o.s.web.servlet.DispatcherServlet - GET "/posts", parameters={}
2025-01-17 16:42:58 DEBUG [http-nio-8080-exec-5] o.s.w.s.m.m.a.RequestMappingHandlerMapping - Mapped to com.example.relation.domain.post.PostController#readPosts()
2025-01-17 16:42:58 DEBUG [http-nio-8080-exec-5] o.s.w.s.m.m.a.HttpEntityMethodProcessor - Using 'application/json', given [application/json, text/plain, */*] and supported [application/json, application/*+json]
2025-01-17 16:42:58 DEBUG [http-nio-8080-exec-5] o.s.w.s.m.m.a.HttpEntityMethodProcessor - Writing [com.example.relation.global.response.ApiResponse@ae9ec9e]
2025-01-17 16:42:58 DEBUG [http-nio-8080-exec-5] o.s.web.servlet.DispatcherServlet - Completed 200 OK
2025-01-17 16:42:58 TRACE [http-nio-8080-exec-2] org.hibernate.orm.jdbc.bind - binding parameter (1:VARCHAR) <- [grandfather1]
2025-01-17 16:42:58 DEBUG [http-nio-8080-exec-2] o.s.web.servlet.DispatcherServlet - GET "/posts", parameters={}
2025-01-17 16:42:58 DEBUG [http-nio-8080-exec-2] o.s.w.s.m.m.a.RequestMappingHandlerMapping - Mapped to com.example.relation.domain.post.PostController#readPosts()
2025-01-17 16:42:58 DEBUG [http-nio-8080-exec-2] o.s.w.s.m.m.a.HttpEntityMethodProcessor - Using 'application/json', given [application/json, text/plain, */*] and supported [application/json, application/*+json]
2025-01-17 16:42:58 DEBUG [http-nio-8080-exec-2] o.s.w.s.m.m.a.HttpEntityMethodProcessor - Writing [com.example.relation.global.response.ApiResponse@7efda860]
2025-01-17 16:42:58 DEBUG [http-nio-8080-exec-2] o.s.web.servlet.DispatcherServlet - Completed 200 OK
2025-01-17 16:43:00 TRACE [http-nio-8080-exec-7] org.hibernate.orm.jdbc.bind - binding parameter (1:VARCHAR) <- [grandfather1]
2025-01-17 16:43:00 DEBUG [http-nio-8080-exec-7] o.s.web.servlet.DispatcherServlet - GET "/posts/5/detail", parameters={}
2025-01-17 16:43:00 DEBUG [http-nio-8080-exec-7] o.s.w.s.m.m.a.RequestMappingHandlerMapping - Mapped to com.example.relation.domain.post.PostController#readPostByIdWithCommentAndTag(Long)
2025-01-17 16:43:00 TRACE [http-nio-8080-exec-7] org.hibernate.orm.jdbc.bind - binding parameter (1:BIGINT) <- [5]
2025-01-17 16:43:00 TRACE [http-nio-8080-exec-7] org.hibernate.orm.jdbc.bind - binding parameter (1:BIGINT) <- [5]
2025-01-17 16:43:00 DEBUG [http-nio-8080-exec-7] o.s.w.s.m.m.a.HttpEntityMethodProcessor - Using 'application/json', given [application/json, text/plain, */*] and supported [application/json, application/*+json]
2025-01-17 16:43:00 DEBUG [http-nio-8080-exec-7] o.s.w.s.m.m.a.HttpEntityMethodProcessor - Writing [com.example.relation.global.response.ApiResponse@23c1c92]
2025-01-17 16:43:00 DEBUG [http-nio-8080-exec-7] o.s.web.servlet.DispatcherServlet - Completed 200 OK
2025-01-17 16:43:00 TRACE [http-nio-8080-exec-6] org.hibernate.orm.jdbc.bind - binding parameter (1:VARCHAR) <- [grandfather1]
2025-01-17 16:43:00 DEBUG [http-nio-8080-exec-6] o.s.web.servlet.DispatcherServlet - GET "/posts/5/detail", parameters={}
2025-01-17 16:43:00 DEBUG [http-nio-8080-exec-6] o.s.w.s.m.m.a.RequestMappingHandlerMapping - Mapped to com.example.relation.domain.post.PostController#readPostByIdWithCommentAndTag(Long)
2025-01-17 16:43:00 TRACE [http-nio-8080-exec-6] org.hibernate.orm.jdbc.bind - binding parameter (1:BIGINT) <- [5]
2025-01-17 16:43:00 TRACE [http-nio-8080-exec-6] org.hibernate.orm.jdbc.bind - binding parameter (1:BIGINT) <- [5]
2025-01-17 16:43:00 DEBUG [http-nio-8080-exec-6] o.s.w.s.m.m.a.HttpEntityMethodProcessor - Using 'application/json', given [application/json, text/plain, */*] and supported [application/json, application/*+json]
2025-01-17 16:43:00 DEBUG [http-nio-8080-exec-6] o.s.w.s.m.m.a.HttpEntityMethodProcessor - Writing [com.example.relation.global.response.ApiResponse@549ff35a]
2025-01-17 16:43:00 DEBUG [http-nio-8080-exec-6] o.s.web.servlet.DispatcherServlet - Completed 200 OK
2025-01-17 16:43:04 TRACE [http-nio-8080-exec-1] org.hibernate.orm.jdbc.bind - binding parameter (1:VARCHAR) <- [grandfather1]
2025-01-17 16:43:04 DEBUG [http-nio-8080-exec-1] o.s.web.servlet.DispatcherServlet - GET "/my/posts", parameters={}
2025-01-17 16:43:04 DEBUG [http-nio-8080-exec-1] o.s.w.s.m.m.a.RequestMappingHandlerMapping - Mapped to com.example.relation.domain.user.controller.UserController#getMyPosts(User, Pageable)
2025-01-17 16:43:04 TRACE [http-nio-8080-exec-1] org.hibernate.orm.jdbc.bind - binding parameter (1:BIGINT) <- [3]
2025-01-17 16:43:04 TRACE [http-nio-8080-exec-1] org.hibernate.orm.jdbc.bind - binding parameter (2:INTEGER) <- [20]
2025-01-17 16:43:04 TRACE [http-nio-8080-exec-1] org.hibernate.orm.jdbc.bind - binding parameter (1:BIGINT) <- [3]
2025-01-17 16:43:04 DEBUG [http-nio-8080-exec-1] o.s.w.s.m.m.a.HttpEntityMethodProcessor - Using 'application/json', given [application/json, text/plain, */*] and supported [application/json, application/*+json]
2025-01-17 16:43:04 DEBUG [http-nio-8080-exec-1] o.s.w.s.m.m.a.HttpEntityMethodProcessor - Writing [com.example.relation.global.response.ApiResponse@56e7cf72]
2025-01-17 16:43:04 DEBUG [http-nio-8080-exec-1] o.s.web.servlet.DispatcherServlet - Completed 200 OK
2025-01-17 16:43:04 TRACE [http-nio-8080-exec-10] org.hibernate.orm.jdbc.bind - binding parameter (1:VARCHAR) <- [grandfather1]
2025-01-17 16:43:04 DEBUG [http-nio-8080-exec-10] o.s.web.servlet.DispatcherServlet - GET "/my/posts", parameters={}
2025-01-17 16:43:04 DEBUG [http-nio-8080-exec-10] o.s.w.s.m.m.a.RequestMappingHandlerMapping - Mapped to com.example.relation.domain.user.controller.UserController#getMyPosts(User, Pageable)
2025-01-17 16:43:04 TRACE [http-nio-8080-exec-10] org.hibernate.orm.jdbc.bind - binding parameter (1:BIGINT) <- [3]
2025-01-17 16:43:04 TRACE [http-nio-8080-exec-10] org.hibernate.orm.jdbc.bind - binding parameter (2:INTEGER) <- [20]
2025-01-17 16:43:04 TRACE [http-nio-8080-exec-10] org.hibernate.orm.jdbc.bind - binding parameter (1:BIGINT) <- [3]
2025-01-17 16:43:04 DEBUG [http-nio-8080-exec-10] o.s.w.s.m.m.a.HttpEntityMethodProcessor - Using 'application/json', given [application/json, text/plain, */*] and supported [application/json, application/*+json]
2025-01-17 16:43:04 DEBUG [http-nio-8080-exec-10] o.s.w.s.m.m.a.HttpEntityMethodProcessor - Writing [com.example.relation.global.response.ApiResponse@31645959]
2025-01-17 16:43:04 DEBUG [http-nio-8080-exec-10] o.s.web.servlet.DispatcherServlet - Completed 200 OK
2025-01-17 16:43:26 TRACE [http-nio-8080-exec-2] org.hibernate.orm.jdbc.bind - binding parameter (1:VARCHAR) <- [grandfather1]
2025-01-17 16:43:26 DEBUG [http-nio-8080-exec-2] o.s.web.servlet.DispatcherServlet - POST "/posts/posts2", parameters={}
2025-01-17 16:43:26 DEBUG [http-nio-8080-exec-2] o.s.w.s.m.m.a.RequestMappingHandlerMapping - Mapped to com.example.relation.domain.post.PostController#createPost2(Post2CreateWithAuthorRequestDto, User)
2025-01-17 16:43:26 DEBUG [http-nio-8080-exec-2] o.s.w.s.m.m.a.RequestResponseBodyMethodProcessor - Read "application/json;charset=UTF-8" to [com.example.relation.domain.post.dto.Post2CreateWithAuthorRequestDto@1c5a2f15]
2025-01-17 16:43:26 TRACE [http-nio-8080-exec-2] org.hibernate.orm.jdbc.bind - binding parameter (1:BIGINT) <- [3]
2025-01-17 16:43:26 TRACE [http-nio-8080-exec-2] org.hibernate.orm.jdbc.bind - binding parameter (2:VARCHAR) <- [dadasd]
2025-01-17 16:43:26 TRACE [http-nio-8080-exec-2] org.hibernate.orm.jdbc.bind - binding parameter (3:VARCHAR) <- [123123]
2025-01-17 16:43:26 DEBUG [http-nio-8080-exec-2] o.s.w.s.m.m.a.HttpEntityMethodProcessor - Using 'application/json', given [application/json, text/plain, */*] and supported [application/json, application/*+json]
2025-01-17 16:43:26 DEBUG [http-nio-8080-exec-2] o.s.w.s.m.m.a.HttpEntityMethodProcessor - Writing [com.example.relation.global.response.ApiResponse@764f7de2]
2025-01-17 16:43:26 DEBUG [http-nio-8080-exec-2] o.s.web.servlet.DispatcherServlet - Completed 201 CREATED
2025-01-17 16:43:26 TRACE [http-nio-8080-exec-7] org.hibernate.orm.jdbc.bind - binding parameter (1:VARCHAR) <- [grandfather1]
2025-01-17 16:43:26 DEBUG [http-nio-8080-exec-7] o.s.web.servlet.DispatcherServlet - GET "/my/posts", parameters={}
2025-01-17 16:43:26 DEBUG [http-nio-8080-exec-7] o.s.w.s.m.m.a.RequestMappingHandlerMapping - Mapped to com.example.relation.domain.user.controller.UserController#getMyPosts(User, Pageable)
2025-01-17 16:43:26 TRACE [http-nio-8080-exec-7] org.hibernate.orm.jdbc.bind - binding parameter (1:BIGINT) <- [3]
2025-01-17 16:43:26 TRACE [http-nio-8080-exec-7] org.hibernate.orm.jdbc.bind - binding parameter (2:INTEGER) <- [20]
2025-01-17 16:43:26 TRACE [http-nio-8080-exec-7] org.hibernate.orm.jdbc.bind - binding parameter (1:BIGINT) <- [3]
2025-01-17 16:43:26 DEBUG [http-nio-8080-exec-7] o.s.w.s.m.m.a.HttpEntityMethodProcessor - Using 'application/json', given [application/json, text/plain, */*] and supported [application/json, application/*+json]
2025-01-17 16:43:26 DEBUG [http-nio-8080-exec-7] o.s.w.s.m.m.a.HttpEntityMethodProcessor - Writing [com.example.relation.global.response.ApiResponse@148ae4f3]
2025-01-17 16:43:26 DEBUG [http-nio-8080-exec-7] o.s.web.servlet.DispatcherServlet - Completed 200 OK
2025-01-17 16:43:26 TRACE [http-nio-8080-exec-6] org.hibernate.orm.jdbc.bind - binding parameter (1:VARCHAR) <- [grandfather1]
2025-01-17 16:43:26 DEBUG [http-nio-8080-exec-6] o.s.web.servlet.DispatcherServlet - GET "/my/posts", parameters={}
2025-01-17 16:43:26 DEBUG [http-nio-8080-exec-6] o.s.w.s.m.m.a.RequestMappingHandlerMapping - Mapped to com.example.relation.domain.user.controller.UserController#getMyPosts(User, Pageable)
2025-01-17 16:43:26 TRACE [http-nio-8080-exec-6] org.hibernate.orm.jdbc.bind - binding parameter (1:BIGINT) <- [3]
2025-01-17 16:43:26 TRACE [http-nio-8080-exec-6] org.hibernate.orm.jdbc.bind - binding parameter (2:INTEGER) <- [20]
2025-01-17 16:43:26 TRACE [http-nio-8080-exec-6] org.hibernate.orm.jdbc.bind - binding parameter (1:BIGINT) <- [3]
2025-01-17 16:43:26 DEBUG [http-nio-8080-exec-6] o.s.w.s.m.m.a.HttpEntityMethodProcessor - Using 'application/json', given [application/json, text/plain, */*] and supported [application/json, application/*+json]
2025-01-17 16:43:26 DEBUG [http-nio-8080-exec-6] o.s.w.s.m.m.a.HttpEntityMethodProcessor - Writing [com.example.relation.global.response.ApiResponse@11fadd3a]
2025-01-17 16:43:26 DEBUG [http-nio-8080-exec-6] o.s.web.servlet.DispatcherServlet - Completed 200 OK
2025-01-17 16:43:43 TRACE [http-nio-8080-exec-9] org.hibernate.orm.jdbc.bind - binding parameter (1:VARCHAR) <- [grandfather1]
2025-01-17 16:43:43 DEBUG [http-nio-8080-exec-9] o.s.web.servlet.DispatcherServlet - POST "/posts/posts2", parameters={}
2025-01-17 16:43:43 DEBUG [http-nio-8080-exec-9] o.s.w.s.m.m.a.RequestMappingHandlerMapping - Mapped to com.example.relation.domain.post.PostController#createPost2(Post2CreateWithAuthorRequestDto, User)
2025-01-17 16:43:43 DEBUG [http-nio-8080-exec-9] o.s.w.s.m.m.a.RequestResponseBodyMethodProcessor - Read "application/json;charset=UTF-8" to [com.example.relation.domain.post.dto.Post2CreateWithAuthorRequestDto@171a29b2]
2025-01-17 16:43:43 TRACE [http-nio-8080-exec-9] org.hibernate.orm.jdbc.bind - binding parameter (1:BIGINT) <- [3]
2025-01-17 16:43:43 TRACE [http-nio-8080-exec-9] org.hibernate.orm.jdbc.bind - binding parameter (2:VARCHAR) <- [2w2e3]
2025-01-17 16:43:43 TRACE [http-nio-8080-exec-9] org.hibernate.orm.jdbc.bind - binding parameter (3:VARCHAR) <- [1q1q]
2025-01-17 16:43:43 DEBUG [http-nio-8080-exec-9] o.s.w.s.m.m.a.HttpEntityMethodProcessor - Using 'application/json', given [application/json, text/plain, */*] and supported [application/json, application/*+json]
2025-01-17 16:43:43 DEBUG [http-nio-8080-exec-9] o.s.w.s.m.m.a.HttpEntityMethodProcessor - Writing [com.example.relation.global.response.ApiResponse@5ff92160]
2025-01-17 16:43:43 DEBUG [http-nio-8080-exec-9] o.s.web.servlet.DispatcherServlet - Completed 201 CREATED
2025-01-17 16:43:43 TRACE [http-nio-8080-exec-5] org.hibernate.orm.jdbc.bind - binding parameter (1:VARCHAR) <- [grandfather1]
2025-01-17 16:43:43 DEBUG [http-nio-8080-exec-5] o.s.web.servlet.DispatcherServlet - GET "/my/posts", parameters={}
2025-01-17 16:43:43 DEBUG [http-nio-8080-exec-5] o.s.w.s.m.m.a.RequestMappingHandlerMapping - Mapped to com.example.relation.domain.user.controller.UserController#getMyPosts(User, Pageable)
2025-01-17 16:43:43 TRACE [http-nio-8080-exec-5] org.hibernate.orm.jdbc.bind - binding parameter (1:BIGINT) <- [3]
2025-01-17 16:43:43 TRACE [http-nio-8080-exec-5] org.hibernate.orm.jdbc.bind - binding parameter (2:INTEGER) <- [20]
2025-01-17 16:43:43 TRACE [http-nio-8080-exec-5] org.hibernate.orm.jdbc.bind - binding parameter (1:BIGINT) <- [3]
2025-01-17 16:43:43 DEBUG [http-nio-8080-exec-5] o.s.w.s.m.m.a.HttpEntityMethodProcessor - Using 'application/json', given [application/json, text/plain, */*] and supported [application/json, application/*+json]
2025-01-17 16:43:43 DEBUG [http-nio-8080-exec-5] o.s.w.s.m.m.a.HttpEntityMethodProcessor - Writing [com.example.relation.global.response.ApiResponse@1fcfcf3d]
2025-01-17 16:43:43 DEBUG [http-nio-8080-exec-5] o.s.web.servlet.DispatcherServlet - Completed 200 OK
2025-01-17 16:43:43 TRACE [http-nio-8080-exec-2] org.hibernate.orm.jdbc.bind - binding parameter (1:VARCHAR) <- [grandfather1]
2025-01-17 16:43:43 DEBUG [http-nio-8080-exec-2] o.s.web.servlet.DispatcherServlet - GET "/my/posts", parameters={}
2025-01-17 16:43:43 DEBUG [http-nio-8080-exec-2] o.s.w.s.m.m.a.RequestMappingHandlerMapping - Mapped to com.example.relation.domain.user.controller.UserController#getMyPosts(User, Pageable)
2025-01-17 16:43:43 TRACE [http-nio-8080-exec-2] org.hibernate.orm.jdbc.bind - binding parameter (1:BIGINT) <- [3]
2025-01-17 16:43:43 TRACE [http-nio-8080-exec-2] org.hibernate.orm.jdbc.bind - binding parameter (2:INTEGER) <- [20]
2025-01-17 16:43:43 TRACE [http-nio-8080-exec-2] org.hibernate.orm.jdbc.bind - binding parameter (1:BIGINT) <- [3]
2025-01-17 16:43:43 DEBUG [http-nio-8080-exec-2] o.s.w.s.m.m.a.HttpEntityMethodProcessor - Using 'application/json', given [application/json, text/plain, */*] and supported [application/json, application/*+json]
2025-01-17 16:43:43 DEBUG [http-nio-8080-exec-2] o.s.w.s.m.m.a.HttpEntityMethodProcessor - Writing [com.example.relation.global.response.ApiResponse@7bbd9b33]
2025-01-17 16:43:43 DEBUG [http-nio-8080-exec-2] o.s.web.servlet.DispatcherServlet - Completed 200 OK
2025-01-17 16:43:51 TRACE [http-nio-8080-exec-7] org.hibernate.orm.jdbc.bind - binding parameter (1:VARCHAR) <- [grandfather1]
2025-01-17 16:43:51 DEBUG [http-nio-8080-exec-7] o.s.web.servlet.DispatcherServlet - GET "/posts", parameters={}
2025-01-17 16:43:51 DEBUG [http-nio-8080-exec-7] o.s.w.s.m.m.a.RequestMappingHandlerMapping - Mapped to com.example.relation.domain.post.PostController#readPosts()
2025-01-17 16:43:51 DEBUG [http-nio-8080-exec-7] o.s.w.s.m.m.a.HttpEntityMethodProcessor - Using 'application/json', given [application/json, text/plain, */*] and supported [application/json, application/*+json]
2025-01-17 16:43:51 DEBUG [http-nio-8080-exec-7] o.s.w.s.m.m.a.HttpEntityMethodProcessor - Writing [com.example.relation.global.response.ApiResponse@6b76ddad]
2025-01-17 16:43:51 DEBUG [http-nio-8080-exec-7] o.s.web.servlet.DispatcherServlet - Completed 200 OK
2025-01-17 16:43:51 TRACE [http-nio-8080-exec-6] org.hibernate.orm.jdbc.bind - binding parameter (1:VARCHAR) <- [grandfather1]
2025-01-17 16:43:51 DEBUG [http-nio-8080-exec-6] o.s.web.servlet.DispatcherServlet - GET "/posts", parameters={}
2025-01-17 16:43:51 DEBUG [http-nio-8080-exec-6] o.s.w.s.m.m.a.RequestMappingHandlerMapping - Mapped to com.example.relation.domain.post.PostController#readPosts()
2025-01-17 16:43:51 DEBUG [http-nio-8080-exec-6] o.s.w.s.m.m.a.HttpEntityMethodProcessor - Using 'application/json', given [application/json, text/plain, */*] and supported [application/json, application/*+json]
2025-01-17 16:43:51 DEBUG [http-nio-8080-exec-6] o.s.w.s.m.m.a.HttpEntityMethodProcessor - Writing [com.example.relation.global.response.ApiResponse@6e76ab90]
2025-01-17 16:43:51 DEBUG [http-nio-8080-exec-6] o.s.web.servlet.DispatcherServlet - Completed 200 OK
2025-01-17 16:44:09 TRACE [http-nio-8080-exec-9] org.hibernate.orm.jdbc.bind - binding parameter (1:VARCHAR) <- [grandfather1]
2025-01-17 16:44:09 DEBUG [http-nio-8080-exec-9] o.s.web.servlet.DispatcherServlet - GET "/my/posts", parameters={}
2025-01-17 16:44:09 DEBUG [http-nio-8080-exec-9] o.s.w.s.m.m.a.RequestMappingHandlerMapping - Mapped to com.example.relation.domain.user.controller.UserController#getMyPosts(User, Pageable)
2025-01-17 16:44:09 TRACE [http-nio-8080-exec-9] org.hibernate.orm.jdbc.bind - binding parameter (1:BIGINT) <- [3]
2025-01-17 16:44:09 TRACE [http-nio-8080-exec-9] org.hibernate.orm.jdbc.bind - binding parameter (2:INTEGER) <- [20]
2025-01-17 16:44:09 TRACE [http-nio-8080-exec-9] org.hibernate.orm.jdbc.bind - binding parameter (1:BIGINT) <- [3]
2025-01-17 16:44:09 DEBUG [http-nio-8080-exec-9] o.s.w.s.m.m.a.HttpEntityMethodProcessor - Using 'application/json', given [application/json, text/plain, */*] and supported [application/json, application/*+json]
2025-01-17 16:44:09 DEBUG [http-nio-8080-exec-9] o.s.w.s.m.m.a.HttpEntityMethodProcessor - Writing [com.example.relation.global.response.ApiResponse@49748771]
2025-01-17 16:44:09 DEBUG [http-nio-8080-exec-9] o.s.web.servlet.DispatcherServlet - Completed 200 OK
2025-01-17 16:44:09 TRACE [http-nio-8080-exec-1] org.hibernate.orm.jdbc.bind - binding parameter (1:VARCHAR) <- [grandfather1]
2025-01-17 16:44:09 DEBUG [http-nio-8080-exec-1] o.s.web.servlet.DispatcherServlet - GET "/my/posts", parameters={}
2025-01-17 16:44:09 DEBUG [http-nio-8080-exec-1] o.s.w.s.m.m.a.RequestMappingHandlerMapping - Mapped to com.example.relation.domain.user.controller.UserController#getMyPosts(User, Pageable)
2025-01-17 16:44:09 TRACE [http-nio-8080-exec-1] org.hibernate.orm.jdbc.bind - binding parameter (1:BIGINT) <- [3]
2025-01-17 16:44:09 TRACE [http-nio-8080-exec-1] org.hibernate.orm.jdbc.bind - binding parameter (2:INTEGER) <- [20]
2025-01-17 16:44:09 TRACE [http-nio-8080-exec-1] org.hibernate.orm.jdbc.bind - binding parameter (1:BIGINT) <- [3]
2025-01-17 16:44:09 DEBUG [http-nio-8080-exec-1] o.s.w.s.m.m.a.HttpEntityMethodProcessor - Using 'application/json', given [application/json, text/plain, */*] and supported [application/json, application/*+json]
2025-01-17 16:44:09 DEBUG [http-nio-8080-exec-1] o.s.w.s.m.m.a.HttpEntityMethodProcessor - Writing [com.example.relation.global.response.ApiResponse@4804367c]
2025-01-17 16:44:09 DEBUG [http-nio-8080-exec-1] o.s.web.servlet.DispatcherServlet - Completed 200 OK
2025-01-17 16:44:37 TRACE [http-nio-8080-exec-5] org.hibernate.orm.jdbc.bind - binding parameter (1:VARCHAR) <- [grandfather1]
2025-01-17 16:44:37 DEBUG [http-nio-8080-exec-5] o.s.web.servlet.DispatcherServlet - GET "/posts", parameters={}
2025-01-17 16:44:37 DEBUG [http-nio-8080-exec-5] o.s.w.s.m.m.a.RequestMappingHandlerMapping - Mapped to com.example.relation.domain.post.PostController#readPosts()
2025-01-17 16:44:37 DEBUG [http-nio-8080-exec-5] o.s.w.s.m.m.a.HttpEntityMethodProcessor - Using 'application/json', given [application/json, text/plain, */*] and supported [application/json, application/*+json]
2025-01-17 16:44:37 DEBUG [http-nio-8080-exec-5] o.s.w.s.m.m.a.HttpEntityMethodProcessor - Writing [com.example.relation.global.response.ApiResponse@aa334c6]
2025-01-17 16:44:37 DEBUG [http-nio-8080-exec-5] o.s.web.servlet.DispatcherServlet - Completed 200 OK
2025-01-17 16:44:37 TRACE [http-nio-8080-exec-2] org.hibernate.orm.jdbc.bind - binding parameter (1:VARCHAR) <- [grandfather1]
2025-01-17 16:44:37 DEBUG [http-nio-8080-exec-2] o.s.web.servlet.DispatcherServlet - GET "/posts", parameters={}
2025-01-17 16:44:37 DEBUG [http-nio-8080-exec-2] o.s.w.s.m.m.a.RequestMappingHandlerMapping - Mapped to com.example.relation.domain.post.PostController#readPosts()
2025-01-17 16:44:37 DEBUG [http-nio-8080-exec-2] o.s.w.s.m.m.a.HttpEntityMethodProcessor - Using 'application/json', given [application/json, text/plain, */*] and supported [application/json, application/*+json]
2025-01-17 16:44:37 DEBUG [http-nio-8080-exec-2] o.s.w.s.m.m.a.HttpEntityMethodProcessor - Writing [com.example.relation.global.response.ApiResponse@259e37d7]
2025-01-17 16:44:37 DEBUG [http-nio-8080-exec-2] o.s.web.servlet.DispatcherServlet - Completed 200 OK
2025-01-17 16:44:40 TRACE [http-nio-8080-exec-4] org.hibernate.orm.jdbc.bind - binding parameter (1:VARCHAR) <- [grandfather1]
2025-01-17 16:44:40 DEBUG [http-nio-8080-exec-4] o.s.web.servlet.DispatcherServlet - GET "/my/posts", parameters={}
2025-01-17 16:44:40 DEBUG [http-nio-8080-exec-4] o.s.w.s.m.m.a.RequestMappingHandlerMapping - Mapped to com.example.relation.domain.user.controller.UserController#getMyPosts(User, Pageable)
2025-01-17 16:44:40 TRACE [http-nio-8080-exec-4] org.hibernate.orm.jdbc.bind - binding parameter (1:BIGINT) <- [3]
2025-01-17 16:44:40 TRACE [http-nio-8080-exec-4] org.hibernate.orm.jdbc.bind - binding parameter (2:INTEGER) <- [20]
2025-01-17 16:44:40 TRACE [http-nio-8080-exec-4] org.hibernate.orm.jdbc.bind - binding parameter (1:BIGINT) <- [3]
2025-01-17 16:44:40 DEBUG [http-nio-8080-exec-4] o.s.w.s.m.m.a.HttpEntityMethodProcessor - Using 'application/json', given [application/json, text/plain, */*] and supported [application/json, application/*+json]
2025-01-17 16:44:40 DEBUG [http-nio-8080-exec-4] o.s.w.s.m.m.a.HttpEntityMethodProcessor - Writing [com.example.relation.global.response.ApiResponse@1693e8e2]
2025-01-17 16:44:40 DEBUG [http-nio-8080-exec-4] o.s.web.servlet.DispatcherServlet - Completed 200 OK
2025-01-17 16:44:40 TRACE [http-nio-8080-exec-7] org.hibernate.orm.jdbc.bind - binding parameter (1:VARCHAR) <- [grandfather1]
2025-01-17 16:44:40 DEBUG [http-nio-8080-exec-7] o.s.web.servlet.DispatcherServlet - GET "/my/posts", parameters={}
2025-01-17 16:44:40 DEBUG [http-nio-8080-exec-7] o.s.w.s.m.m.a.RequestMappingHandlerMapping - Mapped to com.example.relation.domain.user.controller.UserController#getMyPosts(User, Pageable)
2025-01-17 16:44:40 TRACE [http-nio-8080-exec-7] org.hibernate.orm.jdbc.bind - binding parameter (1:BIGINT) <- [3]
2025-01-17 16:44:40 TRACE [http-nio-8080-exec-7] org.hibernate.orm.jdbc.bind - binding parameter (2:INTEGER) <- [20]
2025-01-17 16:44:40 TRACE [http-nio-8080-exec-7] org.hibernate.orm.jdbc.bind - binding parameter (1:BIGINT) <- [3]
2025-01-17 16:44:40 DEBUG [http-nio-8080-exec-7] o.s.w.s.m.m.a.HttpEntityMethodProcessor - Using 'application/json', given [application/json, text/plain, */*] and supported [application/json, application/*+json]
2025-01-17 16:44:40 DEBUG [http-nio-8080-exec-7] o.s.w.s.m.m.a.HttpEntityMethodProcessor - Writing [com.example.relation.global.response.ApiResponse@461d7dd2]
2025-01-17 16:44:40 DEBUG [http-nio-8080-exec-7] o.s.web.servlet.DispatcherServlet - Completed 200 OK
2025-01-17 16:44:44 TRACE [http-nio-8080-exec-8] org.hibernate.orm.jdbc.bind - binding parameter (1:VARCHAR) <- [grandfather1]
2025-01-17 16:44:44 DEBUG [http-nio-8080-exec-8] o.s.web.servlet.DispatcherServlet - GET "/posts", parameters={}
2025-01-17 16:44:44 DEBUG [http-nio-8080-exec-8] o.s.w.s.m.m.a.RequestMappingHandlerMapping - Mapped to com.example.relation.domain.post.PostController#readPosts()
2025-01-17 16:44:44 DEBUG [http-nio-8080-exec-8] o.s.w.s.m.m.a.HttpEntityMethodProcessor - Using 'application/json', given [application/json, text/plain, */*] and supported [application/json, application/*+json]
2025-01-17 16:44:44 DEBUG [http-nio-8080-exec-8] o.s.w.s.m.m.a.HttpEntityMethodProcessor - Writing [com.example.relation.global.response.ApiResponse@61bf4f1]
2025-01-17 16:44:44 DEBUG [http-nio-8080-exec-8] o.s.web.servlet.DispatcherServlet - Completed 200 OK
2025-01-17 16:44:44 TRACE [http-nio-8080-exec-9] org.hibernate.orm.jdbc.bind - binding parameter (1:VARCHAR) <- [grandfather1]
2025-01-17 16:44:44 DEBUG [http-nio-8080-exec-9] o.s.web.servlet.DispatcherServlet - GET "/posts", parameters={}
2025-01-17 16:44:44 DEBUG [http-nio-8080-exec-9] o.s.w.s.m.m.a.RequestMappingHandlerMapping - Mapped to com.example.relation.domain.post.PostController#readPosts()
2025-01-17 16:44:44 DEBUG [http-nio-8080-exec-9] o.s.w.s.m.m.a.HttpEntityMethodProcessor - Using 'application/json', given [application/json, text/plain, */*] and supported [application/json, application/*+json]
2025-01-17 16:44:44 DEBUG [http-nio-8080-exec-9] o.s.w.s.m.m.a.HttpEntityMethodProcessor - Writing [com.example.relation.global.response.ApiResponse@5634eb53]
2025-01-17 16:44:44 DEBUG [http-nio-8080-exec-9] o.s.web.servlet.DispatcherServlet - Completed 200 OK
2025-01-17 16:44:46 TRACE [http-nio-8080-exec-10] org.hibernate.orm.jdbc.bind - binding parameter (1:VARCHAR) <- [grandfather1]
2025-01-17 16:44:46 DEBUG [http-nio-8080-exec-10] o.s.web.servlet.DispatcherServlet - GET "/my/posts", parameters={}
2025-01-17 16:44:46 DEBUG [http-nio-8080-exec-10] o.s.w.s.m.m.a.RequestMappingHandlerMapping - Mapped to com.example.relation.domain.user.controller.UserController#getMyPosts(User, Pageable)
2025-01-17 16:44:46 TRACE [http-nio-8080-exec-10] org.hibernate.orm.jdbc.bind - binding parameter (1:BIGINT) <- [3]
2025-01-17 16:44:46 TRACE [http-nio-8080-exec-10] org.hibernate.orm.jdbc.bind - binding parameter (2:INTEGER) <- [20]
2025-01-17 16:44:46 TRACE [http-nio-8080-exec-10] org.hibernate.orm.jdbc.bind - binding parameter (1:BIGINT) <- [3]
2025-01-17 16:44:46 DEBUG [http-nio-8080-exec-10] o.s.w.s.m.m.a.HttpEntityMethodProcessor - Using 'application/json', given [application/json, text/plain, */*] and supported [application/json, application/*+json]
2025-01-17 16:44:46 DEBUG [http-nio-8080-exec-10] o.s.w.s.m.m.a.HttpEntityMethodProcessor - Writing [com.example.relation.global.response.ApiResponse@388167ff]
2025-01-17 16:44:46 DEBUG [http-nio-8080-exec-10] o.s.web.servlet.DispatcherServlet - Completed 200 OK
2025-01-17 16:44:46 TRACE [http-nio-8080-exec-5] org.hibernate.orm.jdbc.bind - binding parameter (1:VARCHAR) <- [grandfather1]
2025-01-17 16:44:46 DEBUG [http-nio-8080-exec-5] o.s.web.servlet.DispatcherServlet - GET "/my/posts", parameters={}
2025-01-17 16:44:46 DEBUG [http-nio-8080-exec-5] o.s.w.s.m.m.a.RequestMappingHandlerMapping - Mapped to com.example.relation.domain.user.controller.UserController#getMyPosts(User, Pageable)
2025-01-17 16:44:46 TRACE [http-nio-8080-exec-5] org.hibernate.orm.jdbc.bind - binding parameter (1:BIGINT) <- [3]
2025-01-17 16:44:46 TRACE [http-nio-8080-exec-5] org.hibernate.orm.jdbc.bind - binding parameter (2:INTEGER) <- [20]
2025-01-17 16:44:46 TRACE [http-nio-8080-exec-5] org.hibernate.orm.jdbc.bind - binding parameter (1:BIGINT) <- [3]
2025-01-17 16:44:46 DEBUG [http-nio-8080-exec-5] o.s.w.s.m.m.a.HttpEntityMethodProcessor - Using 'application/json', given [application/json, text/plain, */*] and supported [application/json, application/*+json]
2025-01-17 16:44:46 DEBUG [http-nio-8080-exec-5] o.s.w.s.m.m.a.HttpEntityMethodProcessor - Writing [com.example.relation.global.response.ApiResponse@46317a24]
2025-01-17 16:44:46 DEBUG [http-nio-8080-exec-5] o.s.web.servlet.DispatcherServlet - Completed 200 OK
2025-01-17 16:44:49 TRACE [http-nio-8080-exec-2] org.hibernate.orm.jdbc.bind - binding parameter (1:VARCHAR) <- [grandfather1]
2025-01-17 16:44:49 DEBUG [http-nio-8080-exec-2] o.s.web.servlet.DispatcherServlet - GET "/posts", parameters={}
2025-01-17 16:44:49 DEBUG [http-nio-8080-exec-2] o.s.w.s.m.m.a.RequestMappingHandlerMapping - Mapped to com.example.relation.domain.post.PostController#readPosts()
2025-01-17 16:44:49 DEBUG [http-nio-8080-exec-2] o.s.w.s.m.m.a.HttpEntityMethodProcessor - Using 'application/json', given [application/json, text/plain, */*] and supported [application/json, application/*+json]
2025-01-17 16:44:49 DEBUG [http-nio-8080-exec-2] o.s.w.s.m.m.a.HttpEntityMethodProcessor - Writing [com.example.relation.global.response.ApiResponse@e21f350]
2025-01-17 16:44:49 DEBUG [http-nio-8080-exec-2] o.s.web.servlet.DispatcherServlet - Completed 200 OK
2025-01-17 16:44:49 TRACE [http-nio-8080-exec-3] org.hibernate.orm.jdbc.bind - binding parameter (1:VARCHAR) <- [grandfather1]
2025-01-17 16:44:49 DEBUG [http-nio-8080-exec-3] o.s.web.servlet.DispatcherServlet - GET "/posts", parameters={}
2025-01-17 16:44:49 DEBUG [http-nio-8080-exec-3] o.s.w.s.m.m.a.RequestMappingHandlerMapping - Mapped to com.example.relation.domain.post.PostController#readPosts()
2025-01-17 16:44:49 DEBUG [http-nio-8080-exec-3] o.s.w.s.m.m.a.HttpEntityMethodProcessor - Using 'application/json', given [application/json, text/plain, */*] and supported [application/json, application/*+json]
2025-01-17 16:44:49 DEBUG [http-nio-8080-exec-3] o.s.w.s.m.m.a.HttpEntityMethodProcessor - Writing [com.example.relation.global.response.ApiResponse@679356a5]
2025-01-17 16:44:49 DEBUG [http-nio-8080-exec-3] o.s.web.servlet.DispatcherServlet - Completed 200 OK
2025-01-17 16:44:50 TRACE [http-nio-8080-exec-4] org.hibernate.orm.jdbc.bind - binding parameter (1:VARCHAR) <- [grandfather1]
2025-01-17 16:44:50 DEBUG [http-nio-8080-exec-4] o.s.web.servlet.DispatcherServlet - GET "/my/posts", parameters={}
2025-01-17 16:44:50 DEBUG [http-nio-8080-exec-4] o.s.w.s.m.m.a.RequestMappingHandlerMapping - Mapped to com.example.relation.domain.user.controller.UserController#getMyPosts(User, Pageable)
2025-01-17 16:44:50 TRACE [http-nio-8080-exec-4] org.hibernate.orm.jdbc.bind - binding parameter (1:BIGINT) <- [3]
2025-01-17 16:44:50 TRACE [http-nio-8080-exec-4] org.hibernate.orm.jdbc.bind - binding parameter (2:INTEGER) <- [20]
2025-01-17 16:44:50 TRACE [http-nio-8080-exec-4] org.hibernate.orm.jdbc.bind - binding parameter (1:BIGINT) <- [3]
2025-01-17 16:44:50 DEBUG [http-nio-8080-exec-4] o.s.w.s.m.m.a.HttpEntityMethodProcessor - Using 'application/json', given [application/json, text/plain, */*] and supported [application/json, application/*+json]
2025-01-17 16:44:50 DEBUG [http-nio-8080-exec-4] o.s.w.s.m.m.a.HttpEntityMethodProcessor - Writing [com.example.relation.global.response.ApiResponse@37c37328]
2025-01-17 16:44:50 DEBUG [http-nio-8080-exec-4] o.s.web.servlet.DispatcherServlet - Completed 200 OK
2025-01-17 16:44:50 TRACE [http-nio-8080-exec-7] org.hibernate.orm.jdbc.bind - binding parameter (1:VARCHAR) <- [grandfather1]
2025-01-17 16:44:50 DEBUG [http-nio-8080-exec-7] o.s.web.servlet.DispatcherServlet - GET "/my/posts", parameters={}
2025-01-17 16:44:50 DEBUG [http-nio-8080-exec-7] o.s.w.s.m.m.a.RequestMappingHandlerMapping - Mapped to com.example.relation.domain.user.controller.UserController#getMyPosts(User, Pageable)
2025-01-17 16:44:50 TRACE [http-nio-8080-exec-7] org.hibernate.orm.jdbc.bind - binding parameter (1:BIGINT) <- [3]
2025-01-17 16:44:50 TRACE [http-nio-8080-exec-7] org.hibernate.orm.jdbc.bind - binding parameter (2:INTEGER) <- [20]
2025-01-17 16:44:50 TRACE [http-nio-8080-exec-7] org.hibernate.orm.jdbc.bind - binding parameter (1:BIGINT) <- [3]
2025-01-17 16:44:50 DEBUG [http-nio-8080-exec-7] o.s.w.s.m.m.a.HttpEntityMethodProcessor - Using 'application/json', given [application/json, text/plain, */*] and supported [application/json, application/*+json]
2025-01-17 16:44:50 DEBUG [http-nio-8080-exec-7] o.s.w.s.m.m.a.HttpEntityMethodProcessor - Writing [com.example.relation.global.response.ApiResponse@6159dfd9]
2025-01-17 16:44:50 DEBUG [http-nio-8080-exec-7] o.s.web.servlet.DispatcherServlet - Completed 200 OK
2025-01-17 16:47:07 TRACE [http-nio-8080-exec-10] org.hibernate.orm.jdbc.bind - binding parameter (1:VARCHAR) <- [grandfather1]
2025-01-17 16:47:07 DEBUG [http-nio-8080-exec-10] o.s.web.servlet.DispatcherServlet - GET "/my/posts", parameters={}
2025-01-17 16:47:07 DEBUG [http-nio-8080-exec-10] o.s.w.s.m.m.a.RequestMappingHandlerMapping - Mapped to com.example.relation.domain.user.controller.UserController#getMyPosts(User, Pageable)
2025-01-17 16:47:07 TRACE [http-nio-8080-exec-10] org.hibernate.orm.jdbc.bind - binding parameter (1:BIGINT) <- [3]
2025-01-17 16:47:07 TRACE [http-nio-8080-exec-10] org.hibernate.orm.jdbc.bind - binding parameter (2:INTEGER) <- [20]
2025-01-17 16:47:07 TRACE [http-nio-8080-exec-10] org.hibernate.orm.jdbc.bind - binding parameter (1:BIGINT) <- [3]
2025-01-17 16:47:07 DEBUG [http-nio-8080-exec-10] o.s.w.s.m.m.a.HttpEntityMethodProcessor - Using 'application/json', given [application/json, text/plain, */*] and supported [application/json, application/*+json]
2025-01-17 16:47:07 DEBUG [http-nio-8080-exec-10] o.s.w.s.m.m.a.HttpEntityMethodProcessor - Writing [com.example.relation.global.response.ApiResponse@45873fe4]
2025-01-17 16:47:07 DEBUG [http-nio-8080-exec-10] o.s.web.servlet.DispatcherServlet - Completed 200 OK
2025-01-17 16:47:07 TRACE [http-nio-8080-exec-5] org.hibernate.orm.jdbc.bind - binding parameter (1:VARCHAR) <- [grandfather1]
2025-01-17 16:47:07 DEBUG [http-nio-8080-exec-5] o.s.web.servlet.DispatcherServlet - GET "/my/posts", parameters={}
2025-01-17 16:47:07 DEBUG [http-nio-8080-exec-5] o.s.w.s.m.m.a.RequestMappingHandlerMapping - Mapped to com.example.relation.domain.user.controller.UserController#getMyPosts(User, Pageable)
2025-01-17 16:47:07 TRACE [http-nio-8080-exec-5] org.hibernate.orm.jdbc.bind - binding parameter (1:BIGINT) <- [3]
2025-01-17 16:47:07 TRACE [http-nio-8080-exec-5] org.hibernate.orm.jdbc.bind - binding parameter (2:INTEGER) <- [20]
2025-01-17 16:47:07 TRACE [http-nio-8080-exec-5] org.hibernate.orm.jdbc.bind - binding parameter (1:BIGINT) <- [3]
2025-01-17 16:47:07 DEBUG [http-nio-8080-exec-5] o.s.w.s.m.m.a.HttpEntityMethodProcessor - Using 'application/json', given [application/json, text/plain, */*] and supported [application/json, application/*+json]
2025-01-17 16:47:07 DEBUG [http-nio-8080-exec-5] o.s.w.s.m.m.a.HttpEntityMethodProcessor - Writing [com.example.relation.global.response.ApiResponse@6692b84]
2025-01-17 16:47:07 DEBUG [http-nio-8080-exec-5] o.s.web.servlet.DispatcherServlet - Completed 200 OK
2025-01-17 16:47:18 TRACE [http-nio-8080-exec-4] org.hibernate.orm.jdbc.bind - binding parameter (1:VARCHAR) <- [grandfather1]
2025-01-17 16:47:18 DEBUG [http-nio-8080-exec-4] o.s.web.servlet.DispatcherServlet - GET "/my/posts", parameters={}
2025-01-17 16:47:18 DEBUG [http-nio-8080-exec-4] o.s.w.s.m.m.a.RequestMappingHandlerMapping - Mapped to com.example.relation.domain.user.controller.UserController#getMyPosts(User, Pageable)
2025-01-17 16:47:18 TRACE [http-nio-8080-exec-4] org.hibernate.orm.jdbc.bind - binding parameter (1:BIGINT) <- [3]
2025-01-17 16:47:18 TRACE [http-nio-8080-exec-4] org.hibernate.orm.jdbc.bind - binding parameter (2:INTEGER) <- [20]
2025-01-17 16:47:18 TRACE [http-nio-8080-exec-4] org.hibernate.orm.jdbc.bind - binding parameter (1:BIGINT) <- [3]
2025-01-17 16:47:18 DEBUG [http-nio-8080-exec-4] o.s.w.s.m.m.a.HttpEntityMethodProcessor - Using 'application/json', given [application/json, text/plain, */*] and supported [application/json, application/*+json]
2025-01-17 16:47:18 DEBUG [http-nio-8080-exec-4] o.s.w.s.m.m.a.HttpEntityMethodProcessor - Writing [com.example.relation.global.response.ApiResponse@3c07a21e]
2025-01-17 16:47:18 DEBUG [http-nio-8080-exec-4] o.s.web.servlet.DispatcherServlet - Completed 200 OK
2025-01-17 16:47:18 TRACE [http-nio-8080-exec-7] org.hibernate.orm.jdbc.bind - binding parameter (1:VARCHAR) <- [grandfather1]
2025-01-17 16:47:18 DEBUG [http-nio-8080-exec-7] o.s.web.servlet.DispatcherServlet - GET "/my/posts", parameters={}
2025-01-17 16:47:18 DEBUG [http-nio-8080-exec-7] o.s.w.s.m.m.a.RequestMappingHandlerMapping - Mapped to com.example.relation.domain.user.controller.UserController#getMyPosts(User, Pageable)
2025-01-17 16:47:18 TRACE [http-nio-8080-exec-7] org.hibernate.orm.jdbc.bind - binding parameter (1:BIGINT) <- [3]
2025-01-17 16:47:18 TRACE [http-nio-8080-exec-7] org.hibernate.orm.jdbc.bind - binding parameter (2:INTEGER) <- [20]
2025-01-17 16:47:18 TRACE [http-nio-8080-exec-7] org.hibernate.orm.jdbc.bind - binding parameter (1:BIGINT) <- [3]
2025-01-17 16:47:18 DEBUG [http-nio-8080-exec-7] o.s.w.s.m.m.a.HttpEntityMethodProcessor - Using 'application/json', given [application/json, text/plain, */*] and supported [application/json, application/*+json]
2025-01-17 16:47:18 DEBUG [http-nio-8080-exec-7] o.s.w.s.m.m.a.HttpEntityMethodProcessor - Writing [com.example.relation.global.response.ApiResponse@63ae7f01]
2025-01-17 16:47:18 DEBUG [http-nio-8080-exec-7] o.s.web.servlet.DispatcherServlet - Completed 200 OK
2025-01-17 16:55:02 INFO  [File Watcher] o.s.b.d.a.LocalDevToolsAutoConfiguration$RestartingClassPathChangeChangedEventListener - Restarting due to 2 class path changes (0 additions, 0 deletions, 2 modifications)
2025-01-17 16:55:02 INFO  [Thread-5] o.s.b.w.e.tomcat.GracefulShutdown - Commencing graceful shutdown. Waiting for active requests to complete
2025-01-17 16:55:02 INFO  [tomcat-shutdown] o.s.b.w.e.tomcat.GracefulShutdown - Graceful shutdown complete
2025-01-17 16:55:02 INFO  [Thread-5] o.s.o.j.LocalContainerEntityManagerFactoryBean - Closing JPA EntityManagerFactory for persistence unit 'default'
2025-01-17 16:55:02 INFO  [Thread-5] com.zaxxer.hikari.HikariDataSource - HikariPool-1 - Shutdown initiated...
2025-01-17 16:55:02 INFO  [Thread-5] com.zaxxer.hikari.HikariDataSource - HikariPool-1 - Shutdown completed.
2025-01-17 16:55:02 INFO  [restartedMain] c.e.relation.RelationApplication - Starting RelationApplication using Java 21.0.5 with PID 32068 (C:\Users\Lee\SeSAC\SeSAC\javaproject\relation\build\classes\java\main started by Lee in C:\Users\Lee\SeSAC\SeSAC\javaproject\relation)
2025-01-17 16:55:02 INFO  [restartedMain] c.e.relation.RelationApplication - No active profile set, falling back to 1 default profile: "default"
2025-01-17 16:55:02 INFO  [restartedMain] o.s.d.r.c.RepositoryConfigurationDelegate - Bootstrapping Spring Data JPA repositories in DEFAULT mode.
2025-01-17 16:55:02 INFO  [restartedMain] o.s.d.r.c.RepositoryConfigurationDelegate - Finished Spring Data repository scanning in 29 ms. Found 6 JPA repository interfaces.
2025-01-17 16:55:03 INFO  [restartedMain] o.s.b.w.e.tomcat.TomcatWebServer - Tomcat initialized with port 8080 (http)
2025-01-17 16:55:03 INFO  [restartedMain] o.a.catalina.core.StandardService - Starting service [Tomcat]
2025-01-17 16:55:03 INFO  [restartedMain] o.a.catalina.core.StandardEngine - Starting Servlet engine: [Apache Tomcat/10.1.34]
2025-01-17 16:55:03 INFO  [restartedMain] o.a.c.c.C.[Tomcat].[localhost].[/] - Initializing Spring embedded WebApplicationContext
2025-01-17 16:55:03 INFO  [restartedMain] o.s.b.w.s.c.ServletWebServerApplicationContext - Root WebApplicationContext: initialization completed in 639 ms
2025-01-17 16:55:03 INFO  [restartedMain] o.h.jpa.internal.util.LogHelper - HHH000204: Processing PersistenceUnitInfo [name: default]
2025-01-17 16:55:03 INFO  [restartedMain] o.h.c.i.RegionFactoryInitiator - HHH000026: Second-level cache disabled
2025-01-17 16:55:03 INFO  [restartedMain] o.s.o.j.p.SpringPersistenceUnitInfo - No LoadTimeWeaver setup: ignoring JPA class transformer
2025-01-17 16:55:03 INFO  [restartedMain] com.zaxxer.hikari.HikariDataSource - HikariPool-2 - Starting...
2025-01-17 16:55:03 INFO  [restartedMain] com.zaxxer.hikari.pool.HikariPool - HikariPool-2 - Added connection com.mysql.cj.jdbc.ConnectionImpl@1360c0e8
2025-01-17 16:55:03 INFO  [restartedMain] com.zaxxer.hikari.HikariDataSource - HikariPool-2 - Start completed.
2025-01-17 16:55:03 INFO  [restartedMain] o.hibernate.orm.connections.pooling - HHH10001005: Database info:
	Database JDBC URL [Connecting through datasource 'HikariDataSource (HikariPool-2)']
	Database driver: undefined/unknown
	Database version: 8.0.40
	Autocommit mode: undefined/unknown
	Isolation level: undefined/unknown
	Minimum pool size: undefined/unknown
	Maximum pool size: undefined/unknown
2025-01-17 16:55:03 INFO  [restartedMain] o.h.e.t.j.p.i.JtaPlatformInitiator - HHH000489: No JTA platform available (set 'hibernate.transaction.jta.platform' to enable JTA platform integration)
2025-01-17 16:55:03 INFO  [restartedMain] o.s.o.j.LocalContainerEntityManagerFactoryBean - Initialized JPA EntityManagerFactory for persistence unit 'default'
2025-01-17 16:55:03 DEBUG [restartedMain] o.s.w.f.ServerHttpObservationFilter - Filter 'webMvcObservationFilter' configured for use
2025-01-17 16:55:03 WARN  [restartedMain] o.s.b.a.o.j.JpaBaseConfiguration$JpaWebConfiguration - spring.jpa.open-in-view is enabled by default. Therefore, database queries may be performed during view rendering. Explicitly configure spring.jpa.open-in-view to disable this warning
2025-01-17 16:55:03 INFO  [restartedMain] o.s.s.c.a.a.c.InitializeUserDetailsBeanManagerConfigurer$InitializeUserDetailsManagerConfigurer - Global AuthenticationManager configured with UserDetailsService bean with name customUserDetailsService
2025-01-17 16:55:03 DEBUG [restartedMain] o.s.w.s.m.m.a.RequestMappingHandlerMapping - 36 mappings in 'requestMappingHandlerMapping'
2025-01-17 16:55:03 DEBUG [restartedMain] o.s.w.s.c.a.WebMvcConfigurer - Default resource handling disabled
2025-01-17 16:55:03 DEBUG [restartedMain] o.s.w.s.h.SimpleUrlHandlerMapping - Patterns [/images/**] in 'resourceHandlerMapping'
2025-01-17 16:55:04 INFO  [restartedMain] o.s.b.a.e.web.EndpointLinksResolver - Exposing 1 endpoint beneath base path '/actuator'
2025-01-17 16:55:04 DEBUG [restartedMain] o.s.w.s.m.m.a.RequestMappingHandlerAdapter - ControllerAdvice beans: 0 @ModelAttribute, 0 @InitBinder, 1 RequestBodyAdvice, 1 ResponseBodyAdvice
2025-01-17 16:55:04 DEBUG [restartedMain] o.s.w.s.m.m.a.ExceptionHandlerExceptionResolver - ControllerAdvice beans: 1 @ExceptionHandler, 1 ResponseBodyAdvice
2025-01-17 16:55:04 INFO  [restartedMain] o.s.b.d.a.OptionalLiveReloadServer - LiveReload server is running on port 35729
2025-01-17 16:55:04 INFO  [restartedMain] o.s.b.w.e.tomcat.TomcatWebServer - Tomcat started on port 8080 (http) with context path '/'
2025-01-17 16:55:04 INFO  [restartedMain] c.e.relation.RelationApplication - Started RelationApplication in 1.863 seconds (process running for 8611.15)
2025-01-17 16:55:04 INFO  [restartedMain] o.s.b.d.a.ConditionEvaluationDeltaLoggingListener - Condition evaluation unchanged
2025-01-17 16:56:37 INFO  [http-nio-8080-exec-1] o.a.c.c.C.[Tomcat].[localhost].[/] - Initializing Spring DispatcherServlet 'dispatcherServlet'
2025-01-17 16:56:37 INFO  [http-nio-8080-exec-1] o.s.web.servlet.DispatcherServlet - Initializing Servlet 'dispatcherServlet'
2025-01-17 16:56:37 DEBUG [http-nio-8080-exec-1] o.s.web.servlet.DispatcherServlet - Detected StandardServletMultipartResolver
2025-01-17 16:56:37 DEBUG [http-nio-8080-exec-1] o.s.web.servlet.DispatcherServlet - Detected AcceptHeaderLocaleResolver
2025-01-17 16:56:37 DEBUG [http-nio-8080-exec-1] o.s.web.servlet.DispatcherServlet - Detected FixedThemeResolver
2025-01-17 16:56:37 DEBUG [http-nio-8080-exec-1] o.s.web.servlet.DispatcherServlet - Detected org.springframework.web.servlet.view.DefaultRequestToViewNameTranslator@33b91b9e
2025-01-17 16:56:37 DEBUG [http-nio-8080-exec-1] o.s.web.servlet.DispatcherServlet - Detected org.springframework.web.servlet.support.SessionFlashMapManager@1bc9fb5
2025-01-17 16:56:37 DEBUG [http-nio-8080-exec-1] o.s.web.servlet.DispatcherServlet - enableLoggingRequestDetails='false': request parameters and headers will be masked to prevent unsafe logging of potentially sensitive data
2025-01-17 16:56:37 INFO  [http-nio-8080-exec-1] o.s.web.servlet.DispatcherServlet - Completed initialization in 2 ms
2025-01-17 16:56:37 TRACE [http-nio-8080-exec-2] org.hibernate.orm.jdbc.bind - binding parameter (1:VARCHAR) <- [grandfather1]
2025-01-17 16:56:37 DEBUG [http-nio-8080-exec-2] o.s.web.servlet.DispatcherServlet - GET "/my/posts", parameters={}
2025-01-17 16:56:37 DEBUG [http-nio-8080-exec-2] o.s.w.s.m.m.a.RequestMappingHandlerMapping - Mapped to com.example.relation.domain.user.controller.UserController#getMyPosts(User, Pageable)
2025-01-17 16:56:37 TRACE [http-nio-8080-exec-2] org.hibernate.orm.jdbc.bind - binding parameter (1:BIGINT) <- [3]
2025-01-17 16:56:37 TRACE [http-nio-8080-exec-2] org.hibernate.orm.jdbc.bind - binding parameter (2:INTEGER) <- [20]
2025-01-17 16:56:37 TRACE [http-nio-8080-exec-2] org.hibernate.orm.jdbc.bind - binding parameter (1:BIGINT) <- [3]
2025-01-17 16:56:37 DEBUG [http-nio-8080-exec-2] o.s.w.s.m.m.a.HttpEntityMethodProcessor - Using 'application/json', given [application/json, text/plain, */*] and supported [application/json, application/*+json]
2025-01-17 16:56:37 DEBUG [http-nio-8080-exec-2] o.s.w.s.m.m.a.HttpEntityMethodProcessor - Writing [com.example.relation.global.response.ApiResponse@28faa3f7]
2025-01-17 16:56:37 DEBUG [http-nio-8080-exec-2] o.s.web.servlet.DispatcherServlet - Completed 200 OK
2025-01-17 16:56:51 TRACE [http-nio-8080-exec-4] org.hibernate.orm.jdbc.bind - binding parameter (1:VARCHAR) <- [grandfather1]
2025-01-17 16:56:51 DEBUG [http-nio-8080-exec-4] o.s.web.servlet.DispatcherServlet - GET "/my/posts", parameters={}
2025-01-17 16:56:51 DEBUG [http-nio-8080-exec-4] o.s.w.s.m.m.a.RequestMappingHandlerMapping - Mapped to com.example.relation.domain.user.controller.UserController#getMyPosts(User, Pageable)
2025-01-17 16:56:51 TRACE [http-nio-8080-exec-4] org.hibernate.orm.jdbc.bind - binding parameter (1:BIGINT) <- [3]
2025-01-17 16:56:51 TRACE [http-nio-8080-exec-4] org.hibernate.orm.jdbc.bind - binding parameter (2:INTEGER) <- [20]
2025-01-17 16:56:51 TRACE [http-nio-8080-exec-4] org.hibernate.orm.jdbc.bind - binding parameter (1:BIGINT) <- [3]
2025-01-17 16:56:51 DEBUG [http-nio-8080-exec-4] o.s.w.s.m.m.a.HttpEntityMethodProcessor - Using 'application/json', given [application/json, text/plain, */*] and supported [application/json, application/*+json]
2025-01-17 16:56:51 DEBUG [http-nio-8080-exec-4] o.s.w.s.m.m.a.HttpEntityMethodProcessor - Writing [com.example.relation.global.response.ApiResponse@68091247]
2025-01-17 16:56:51 DEBUG [http-nio-8080-exec-4] o.s.web.servlet.DispatcherServlet - Completed 200 OK
2025-01-17 16:57:44 TRACE [http-nio-8080-exec-7] org.hibernate.orm.jdbc.bind - binding parameter (1:VARCHAR) <- [grandfather1]
2025-01-17 16:57:44 DEBUG [http-nio-8080-exec-7] o.s.web.servlet.DispatcherServlet - GET "/posts/posts2", parameters={}
2025-01-17 16:57:44 DEBUG [http-nio-8080-exec-7] o.s.w.s.m.m.a.RequestMappingHandlerMapping - Mapped to com.example.relation.domain.post.PostController#readPosts2()
2025-01-17 16:57:44 TRACE [http-nio-8080-exec-7] org.hibernate.orm.jdbc.bind - binding parameter (1:BIGINT) <- [3]
2025-01-17 16:57:44 DEBUG [http-nio-8080-exec-7] o.s.w.s.m.m.a.HttpEntityMethodProcessor - Using 'application/json', given [application/json, text/plain, */*] and supported [application/json, application/*+json]
2025-01-17 16:57:44 DEBUG [http-nio-8080-exec-7] o.s.w.s.m.m.a.HttpEntityMethodProcessor - Writing [com.example.relation.global.response.ApiResponse@7d16163f]
2025-01-17 16:57:44 DEBUG [http-nio-8080-exec-7] o.s.web.servlet.DispatcherServlet - Completed 200 OK
2025-01-17 16:57:44 TRACE [http-nio-8080-exec-8] org.hibernate.orm.jdbc.bind - binding parameter (1:VARCHAR) <- [grandfather1]
2025-01-17 16:57:44 DEBUG [http-nio-8080-exec-8] o.s.web.servlet.DispatcherServlet - GET "/posts/posts2", parameters={}
2025-01-17 16:57:44 DEBUG [http-nio-8080-exec-8] o.s.w.s.m.m.a.RequestMappingHandlerMapping - Mapped to com.example.relation.domain.post.PostController#readPosts2()
2025-01-17 16:57:44 TRACE [http-nio-8080-exec-8] org.hibernate.orm.jdbc.bind - binding parameter (1:BIGINT) <- [3]
2025-01-17 16:57:44 DEBUG [http-nio-8080-exec-8] o.s.w.s.m.m.a.HttpEntityMethodProcessor - Using 'application/json', given [application/json, text/plain, */*] and supported [application/json, application/*+json]
2025-01-17 16:57:44 DEBUG [http-nio-8080-exec-8] o.s.w.s.m.m.a.HttpEntityMethodProcessor - Writing [com.example.relation.global.response.ApiResponse@4399028e]
2025-01-17 16:57:44 DEBUG [http-nio-8080-exec-8] o.s.web.servlet.DispatcherServlet - Completed 200 OK
2025-01-17 16:57:53 TRACE [http-nio-8080-exec-10] org.hibernate.orm.jdbc.bind - binding parameter (1:VARCHAR) <- [grandfather1]
2025-01-17 16:57:53 DEBUG [http-nio-8080-exec-10] o.s.web.servlet.DispatcherServlet - GET "/posts/1/detail", parameters={}
2025-01-17 16:57:53 DEBUG [http-nio-8080-exec-10] o.s.w.s.m.m.a.RequestMappingHandlerMapping - Mapped to com.example.relation.domain.post.PostController#readPostByIdWithCommentAndTag(Long)
2025-01-17 16:57:53 TRACE [http-nio-8080-exec-10] org.hibernate.orm.jdbc.bind - binding parameter (1:BIGINT) <- [1]
2025-01-17 16:57:53 TRACE [http-nio-8080-exec-10] org.hibernate.orm.jdbc.bind - binding parameter (1:BIGINT) <- [1]
2025-01-17 16:57:53 DEBUG [http-nio-8080-exec-10] o.s.w.s.m.m.a.HttpEntityMethodProcessor - Using 'application/json', given [application/json, text/plain, */*] and supported [application/json, application/*+json]
2025-01-17 16:57:53 DEBUG [http-nio-8080-exec-10] o.s.w.s.m.m.a.HttpEntityMethodProcessor - Writing [com.example.relation.global.response.ApiResponse@6800e994]
2025-01-17 16:57:53 DEBUG [http-nio-8080-exec-10] o.s.web.servlet.DispatcherServlet - Completed 200 OK
2025-01-17 16:57:53 TRACE [http-nio-8080-exec-1] org.hibernate.orm.jdbc.bind - binding parameter (1:VARCHAR) <- [grandfather1]
2025-01-17 16:57:53 DEBUG [http-nio-8080-exec-1] o.s.web.servlet.DispatcherServlet - GET "/posts/1/detail", parameters={}
2025-01-17 16:57:53 DEBUG [http-nio-8080-exec-1] o.s.w.s.m.m.a.RequestMappingHandlerMapping - Mapped to com.example.relation.domain.post.PostController#readPostByIdWithCommentAndTag(Long)
2025-01-17 16:57:53 TRACE [http-nio-8080-exec-1] org.hibernate.orm.jdbc.bind - binding parameter (1:BIGINT) <- [1]
2025-01-17 16:57:53 TRACE [http-nio-8080-exec-1] org.hibernate.orm.jdbc.bind - binding parameter (1:BIGINT) <- [1]
2025-01-17 16:57:53 DEBUG [http-nio-8080-exec-1] o.s.w.s.m.m.a.HttpEntityMethodProcessor - Using 'application/json', given [application/json, text/plain, */*] and supported [application/json, application/*+json]
2025-01-17 16:57:53 DEBUG [http-nio-8080-exec-1] o.s.w.s.m.m.a.HttpEntityMethodProcessor - Writing [com.example.relation.global.response.ApiResponse@1b6a92e6]
2025-01-17 16:57:53 DEBUG [http-nio-8080-exec-1] o.s.web.servlet.DispatcherServlet - Completed 200 OK
2025-01-17 16:57:56 TRACE [http-nio-8080-exec-4] org.hibernate.orm.jdbc.bind - binding parameter (1:VARCHAR) <- [grandfather1]
2025-01-17 16:57:56 DEBUG [http-nio-8080-exec-4] o.s.web.servlet.DispatcherServlet - GET "/posts/posts2", parameters={}
2025-01-17 16:57:56 DEBUG [http-nio-8080-exec-4] o.s.w.s.m.m.a.RequestMappingHandlerMapping - Mapped to com.example.relation.domain.post.PostController#readPosts2()
2025-01-17 16:57:56 TRACE [http-nio-8080-exec-4] org.hibernate.orm.jdbc.bind - binding parameter (1:BIGINT) <- [3]
2025-01-17 16:57:56 DEBUG [http-nio-8080-exec-4] o.s.w.s.m.m.a.HttpEntityMethodProcessor - Using 'application/json', given [application/json, text/plain, */*] and supported [application/json, application/*+json]
2025-01-17 16:57:56 DEBUG [http-nio-8080-exec-4] o.s.w.s.m.m.a.HttpEntityMethodProcessor - Writing [com.example.relation.global.response.ApiResponse@5b660180]
2025-01-17 16:57:56 DEBUG [http-nio-8080-exec-4] o.s.web.servlet.DispatcherServlet - Completed 200 OK
2025-01-17 16:57:56 TRACE [http-nio-8080-exec-5] org.hibernate.orm.jdbc.bind - binding parameter (1:VARCHAR) <- [grandfather1]
2025-01-17 16:57:56 DEBUG [http-nio-8080-exec-5] o.s.web.servlet.DispatcherServlet - GET "/posts/posts2", parameters={}
2025-01-17 16:57:56 DEBUG [http-nio-8080-exec-5] o.s.w.s.m.m.a.RequestMappingHandlerMapping - Mapped to com.example.relation.domain.post.PostController#readPosts2()
2025-01-17 16:57:56 TRACE [http-nio-8080-exec-5] org.hibernate.orm.jdbc.bind - binding parameter (1:BIGINT) <- [3]
2025-01-17 16:57:56 DEBUG [http-nio-8080-exec-5] o.s.w.s.m.m.a.HttpEntityMethodProcessor - Using 'application/json', given [application/json, text/plain, */*] and supported [application/json, application/*+json]
2025-01-17 16:57:56 DEBUG [http-nio-8080-exec-5] o.s.w.s.m.m.a.HttpEntityMethodProcessor - Writing [com.example.relation.global.response.ApiResponse@16eaac1e]
2025-01-17 16:57:56 DEBUG [http-nio-8080-exec-5] o.s.web.servlet.DispatcherServlet - Completed 200 OK
2025-01-17 16:57:57 TRACE [http-nio-8080-exec-7] org.hibernate.orm.jdbc.bind - binding parameter (1:VARCHAR) <- [grandfather1]
2025-01-17 16:57:57 DEBUG [http-nio-8080-exec-7] o.s.web.servlet.DispatcherServlet - GET "/posts/2/detail", parameters={}
2025-01-17 16:57:57 DEBUG [http-nio-8080-exec-7] o.s.w.s.m.m.a.RequestMappingHandlerMapping - Mapped to com.example.relation.domain.post.PostController#readPostByIdWithCommentAndTag(Long)
2025-01-17 16:57:57 TRACE [http-nio-8080-exec-7] org.hibernate.orm.jdbc.bind - binding parameter (1:BIGINT) <- [2]
2025-01-17 16:57:57 TRACE [http-nio-8080-exec-7] org.hibernate.orm.jdbc.bind - binding parameter (1:BIGINT) <- [2]
2025-01-17 16:57:57 DEBUG [http-nio-8080-exec-7] o.s.w.s.m.m.a.HttpEntityMethodProcessor - Using 'application/json', given [application/json, text/plain, */*] and supported [application/json, application/*+json]
2025-01-17 16:57:57 DEBUG [http-nio-8080-exec-7] o.s.w.s.m.m.a.HttpEntityMethodProcessor - Writing [com.example.relation.global.response.ApiResponse@39a23b2e]
2025-01-17 16:57:57 DEBUG [http-nio-8080-exec-7] o.s.web.servlet.DispatcherServlet - Completed 200 OK
2025-01-17 16:57:57 TRACE [http-nio-8080-exec-8] org.hibernate.orm.jdbc.bind - binding parameter (1:VARCHAR) <- [grandfather1]
2025-01-17 16:57:57 DEBUG [http-nio-8080-exec-8] o.s.web.servlet.DispatcherServlet - GET "/posts/2/detail", parameters={}
2025-01-17 16:57:57 DEBUG [http-nio-8080-exec-8] o.s.w.s.m.m.a.RequestMappingHandlerMapping - Mapped to com.example.relation.domain.post.PostController#readPostByIdWithCommentAndTag(Long)
2025-01-17 16:57:57 TRACE [http-nio-8080-exec-8] org.hibernate.orm.jdbc.bind - binding parameter (1:BIGINT) <- [2]
2025-01-17 16:57:57 TRACE [http-nio-8080-exec-8] org.hibernate.orm.jdbc.bind - binding parameter (1:BIGINT) <- [2]
2025-01-17 16:57:57 DEBUG [http-nio-8080-exec-8] o.s.w.s.m.m.a.HttpEntityMethodProcessor - Using 'application/json', given [application/json, text/plain, */*] and supported [application/json, application/*+json]
2025-01-17 16:57:57 DEBUG [http-nio-8080-exec-8] o.s.w.s.m.m.a.HttpEntityMethodProcessor - Writing [com.example.relation.global.response.ApiResponse@1d188088]
2025-01-17 16:57:57 DEBUG [http-nio-8080-exec-8] o.s.web.servlet.DispatcherServlet - Completed 200 OK
2025-01-17 16:57:58 TRACE [http-nio-8080-exec-9] org.hibernate.orm.jdbc.bind - binding parameter (1:VARCHAR) <- [grandfather1]
2025-01-17 16:57:58 DEBUG [http-nio-8080-exec-9] o.s.web.servlet.DispatcherServlet - GET "/posts/posts2", parameters={}
2025-01-17 16:57:58 DEBUG [http-nio-8080-exec-9] o.s.w.s.m.m.a.RequestMappingHandlerMapping - Mapped to com.example.relation.domain.post.PostController#readPosts2()
2025-01-17 16:57:58 TRACE [http-nio-8080-exec-9] org.hibernate.orm.jdbc.bind - binding parameter (1:BIGINT) <- [3]
2025-01-17 16:57:58 DEBUG [http-nio-8080-exec-9] o.s.w.s.m.m.a.HttpEntityMethodProcessor - Using 'application/json', given [application/json, text/plain, */*] and supported [application/json, application/*+json]
2025-01-17 16:57:58 DEBUG [http-nio-8080-exec-9] o.s.w.s.m.m.a.HttpEntityMethodProcessor - Writing [com.example.relation.global.response.ApiResponse@2891eb77]
2025-01-17 16:57:58 DEBUG [http-nio-8080-exec-9] o.s.web.servlet.DispatcherServlet - Completed 200 OK
2025-01-17 16:57:58 TRACE [http-nio-8080-exec-10] org.hibernate.orm.jdbc.bind - binding parameter (1:VARCHAR) <- [grandfather1]
2025-01-17 16:57:58 DEBUG [http-nio-8080-exec-10] o.s.web.servlet.DispatcherServlet - GET "/posts/posts2", parameters={}
2025-01-17 16:57:58 DEBUG [http-nio-8080-exec-10] o.s.w.s.m.m.a.RequestMappingHandlerMapping - Mapped to com.example.relation.domain.post.PostController#readPosts2()
2025-01-17 16:57:58 TRACE [http-nio-8080-exec-10] org.hibernate.orm.jdbc.bind - binding parameter (1:BIGINT) <- [3]
2025-01-17 16:57:58 DEBUG [http-nio-8080-exec-10] o.s.w.s.m.m.a.HttpEntityMethodProcessor - Using 'application/json', given [application/json, text/plain, */*] and supported [application/json, application/*+json]
2025-01-17 16:57:58 DEBUG [http-nio-8080-exec-10] o.s.w.s.m.m.a.HttpEntityMethodProcessor - Writing [com.example.relation.global.response.ApiResponse@7259dc63]
2025-01-17 16:57:58 DEBUG [http-nio-8080-exec-10] o.s.web.servlet.DispatcherServlet - Completed 200 OK
2025-01-17 16:58:00 TRACE [http-nio-8080-exec-2] org.hibernate.orm.jdbc.bind - binding parameter (1:VARCHAR) <- [grandfather1]
2025-01-17 16:58:00 DEBUG [http-nio-8080-exec-2] o.s.web.servlet.DispatcherServlet - GET "/posts/3/detail", parameters={}
2025-01-17 16:58:00 DEBUG [http-nio-8080-exec-2] o.s.w.s.m.m.a.RequestMappingHandlerMapping - Mapped to com.example.relation.domain.post.PostController#readPostByIdWithCommentAndTag(Long)
2025-01-17 16:58:00 TRACE [http-nio-8080-exec-2] org.hibernate.orm.jdbc.bind - binding parameter (1:BIGINT) <- [3]
2025-01-17 16:58:00 TRACE [http-nio-8080-exec-2] org.hibernate.orm.jdbc.bind - binding parameter (1:BIGINT) <- [3]
2025-01-17 16:58:00 DEBUG [http-nio-8080-exec-2] o.s.w.s.m.m.a.HttpEntityMethodProcessor - Using 'application/json', given [application/json, text/plain, */*] and supported [application/json, application/*+json]
2025-01-17 16:58:00 DEBUG [http-nio-8080-exec-2] o.s.w.s.m.m.a.HttpEntityMethodProcessor - Writing [com.example.relation.global.response.ApiResponse@11042fad]
2025-01-17 16:58:00 DEBUG [http-nio-8080-exec-2] o.s.web.servlet.DispatcherServlet - Completed 200 OK
2025-01-17 16:58:00 TRACE [http-nio-8080-exec-6] org.hibernate.orm.jdbc.bind - binding parameter (1:VARCHAR) <- [grandfather1]
2025-01-17 16:58:00 DEBUG [http-nio-8080-exec-6] o.s.web.servlet.DispatcherServlet - GET "/posts/3/detail", parameters={}
2025-01-17 16:58:00 DEBUG [http-nio-8080-exec-6] o.s.w.s.m.m.a.RequestMappingHandlerMapping - Mapped to com.example.relation.domain.post.PostController#readPostByIdWithCommentAndTag(Long)
2025-01-17 16:58:00 TRACE [http-nio-8080-exec-6] org.hibernate.orm.jdbc.bind - binding parameter (1:BIGINT) <- [3]
2025-01-17 16:58:00 TRACE [http-nio-8080-exec-6] org.hibernate.orm.jdbc.bind - binding parameter (1:BIGINT) <- [3]
2025-01-17 16:58:00 DEBUG [http-nio-8080-exec-6] o.s.w.s.m.m.a.HttpEntityMethodProcessor - Using 'application/json', given [application/json, text/plain, */*] and supported [application/json, application/*+json]
2025-01-17 16:58:00 DEBUG [http-nio-8080-exec-6] o.s.w.s.m.m.a.HttpEntityMethodProcessor - Writing [com.example.relation.global.response.ApiResponse@317ae560]
2025-01-17 16:58:00 DEBUG [http-nio-8080-exec-6] o.s.web.servlet.DispatcherServlet - Completed 200 OK
2025-01-17 16:58:29 TRACE [http-nio-8080-exec-3] org.hibernate.orm.jdbc.bind - binding parameter (1:VARCHAR) <- [grandfather1]
2025-01-17 16:58:29 DEBUG [http-nio-8080-exec-3] o.s.web.servlet.DispatcherServlet - GET "/posts/posts2", parameters={}
2025-01-17 16:58:29 DEBUG [http-nio-8080-exec-3] o.s.w.s.m.m.a.RequestMappingHandlerMapping - Mapped to com.example.relation.domain.post.PostController#readPosts2()
2025-01-17 16:58:29 TRACE [http-nio-8080-exec-3] org.hibernate.orm.jdbc.bind - binding parameter (1:BIGINT) <- [3]
2025-01-17 16:58:29 DEBUG [http-nio-8080-exec-3] o.s.w.s.m.m.a.HttpEntityMethodProcessor - Using 'application/json', given [application/json, text/plain, */*] and supported [application/json, application/*+json]
2025-01-17 16:58:29 DEBUG [http-nio-8080-exec-3] o.s.w.s.m.m.a.HttpEntityMethodProcessor - Writing [com.example.relation.global.response.ApiResponse@27405e3f]
2025-01-17 16:58:29 DEBUG [http-nio-8080-exec-3] o.s.web.servlet.DispatcherServlet - Completed 200 OK
2025-01-17 16:58:29 TRACE [http-nio-8080-exec-7] org.hibernate.orm.jdbc.bind - binding parameter (1:VARCHAR) <- [grandfather1]
2025-01-17 16:58:29 DEBUG [http-nio-8080-exec-7] o.s.web.servlet.DispatcherServlet - GET "/posts/posts2", parameters={}
2025-01-17 16:58:29 DEBUG [http-nio-8080-exec-7] o.s.w.s.m.m.a.RequestMappingHandlerMapping - Mapped to com.example.relation.domain.post.PostController#readPosts2()
2025-01-17 16:58:29 TRACE [http-nio-8080-exec-7] org.hibernate.orm.jdbc.bind - binding parameter (1:BIGINT) <- [3]
2025-01-17 16:58:29 DEBUG [http-nio-8080-exec-7] o.s.w.s.m.m.a.HttpEntityMethodProcessor - Using 'application/json', given [application/json, text/plain, */*] and supported [application/json, application/*+json]
2025-01-17 16:58:29 DEBUG [http-nio-8080-exec-7] o.s.w.s.m.m.a.HttpEntityMethodProcessor - Writing [com.example.relation.global.response.ApiResponse@22c08d66]
2025-01-17 16:58:29 DEBUG [http-nio-8080-exec-7] o.s.web.servlet.DispatcherServlet - Completed 200 OK
2025-01-17 16:58:34 TRACE [http-nio-8080-exec-9] org.hibernate.orm.jdbc.bind - binding parameter (1:VARCHAR) <- [grandfather1]
2025-01-17 16:58:34 DEBUG [http-nio-8080-exec-9] o.s.web.servlet.DispatcherServlet - GET "/posts/1/detail", parameters={}
2025-01-17 16:58:34 DEBUG [http-nio-8080-exec-9] o.s.w.s.m.m.a.RequestMappingHandlerMapping - Mapped to com.example.relation.domain.post.PostController#readPostByIdWithCommentAndTag(Long)
2025-01-17 16:58:34 TRACE [http-nio-8080-exec-9] org.hibernate.orm.jdbc.bind - binding parameter (1:BIGINT) <- [1]
2025-01-17 16:58:34 TRACE [http-nio-8080-exec-9] org.hibernate.orm.jdbc.bind - binding parameter (1:BIGINT) <- [1]
2025-01-17 16:58:34 DEBUG [http-nio-8080-exec-9] o.s.w.s.m.m.a.HttpEntityMethodProcessor - Using 'application/json', given [application/json, text/plain, */*] and supported [application/json, application/*+json]
2025-01-17 16:58:34 DEBUG [http-nio-8080-exec-9] o.s.w.s.m.m.a.HttpEntityMethodProcessor - Writing [com.example.relation.global.response.ApiResponse@81d12a0]
2025-01-17 16:58:34 DEBUG [http-nio-8080-exec-9] o.s.web.servlet.DispatcherServlet - Completed 200 OK
2025-01-17 16:58:34 TRACE [http-nio-8080-exec-10] org.hibernate.orm.jdbc.bind - binding parameter (1:VARCHAR) <- [grandfather1]
2025-01-17 16:58:34 DEBUG [http-nio-8080-exec-10] o.s.web.servlet.DispatcherServlet - GET "/posts/1/detail", parameters={}
2025-01-17 16:58:34 DEBUG [http-nio-8080-exec-10] o.s.w.s.m.m.a.RequestMappingHandlerMapping - Mapped to com.example.relation.domain.post.PostController#readPostByIdWithCommentAndTag(Long)
2025-01-17 16:58:34 TRACE [http-nio-8080-exec-10] org.hibernate.orm.jdbc.bind - binding parameter (1:BIGINT) <- [1]
2025-01-17 16:58:34 TRACE [http-nio-8080-exec-10] org.hibernate.orm.jdbc.bind - binding parameter (1:BIGINT) <- [1]
2025-01-17 16:58:34 DEBUG [http-nio-8080-exec-10] o.s.w.s.m.m.a.HttpEntityMethodProcessor - Using 'application/json', given [application/json, text/plain, */*] and supported [application/json, application/*+json]
2025-01-17 16:58:34 DEBUG [http-nio-8080-exec-10] o.s.w.s.m.m.a.HttpEntityMethodProcessor - Writing [com.example.relation.global.response.ApiResponse@2e5ba44e]
2025-01-17 16:58:34 DEBUG [http-nio-8080-exec-10] o.s.web.servlet.DispatcherServlet - Completed 200 OK
2025-01-17 16:58:36 TRACE [http-nio-8080-exec-6] org.hibernate.orm.jdbc.bind - binding parameter (1:VARCHAR) <- [grandfather1]
2025-01-17 16:58:36 DEBUG [http-nio-8080-exec-6] o.s.web.servlet.DispatcherServlet - GET "/posts/posts2", parameters={}
2025-01-17 16:58:36 DEBUG [http-nio-8080-exec-6] o.s.w.s.m.m.a.RequestMappingHandlerMapping - Mapped to com.example.relation.domain.post.PostController#readPosts2()
2025-01-17 16:58:36 TRACE [http-nio-8080-exec-6] org.hibernate.orm.jdbc.bind - binding parameter (1:BIGINT) <- [3]
2025-01-17 16:58:36 DEBUG [http-nio-8080-exec-6] o.s.w.s.m.m.a.HttpEntityMethodProcessor - Using 'application/json', given [application/json, text/plain, */*] and supported [application/json, application/*+json]
2025-01-17 16:58:36 DEBUG [http-nio-8080-exec-6] o.s.w.s.m.m.a.HttpEntityMethodProcessor - Writing [com.example.relation.global.response.ApiResponse@32214a7c]
2025-01-17 16:58:36 DEBUG [http-nio-8080-exec-6] o.s.web.servlet.DispatcherServlet - Completed 200 OK
2025-01-17 16:58:36 TRACE [http-nio-8080-exec-4] org.hibernate.orm.jdbc.bind - binding parameter (1:VARCHAR) <- [grandfather1]
2025-01-17 16:58:36 DEBUG [http-nio-8080-exec-4] o.s.web.servlet.DispatcherServlet - GET "/posts/posts2", parameters={}
2025-01-17 16:58:36 DEBUG [http-nio-8080-exec-4] o.s.w.s.m.m.a.RequestMappingHandlerMapping - Mapped to com.example.relation.domain.post.PostController#readPosts2()
2025-01-17 16:58:36 TRACE [http-nio-8080-exec-4] org.hibernate.orm.jdbc.bind - binding parameter (1:BIGINT) <- [3]
2025-01-17 16:58:36 DEBUG [http-nio-8080-exec-4] o.s.w.s.m.m.a.HttpEntityMethodProcessor - Using 'application/json', given [application/json, text/plain, */*] and supported [application/json, application/*+json]
2025-01-17 16:58:36 DEBUG [http-nio-8080-exec-4] o.s.w.s.m.m.a.HttpEntityMethodProcessor - Writing [com.example.relation.global.response.ApiResponse@2130b273]
2025-01-17 16:58:36 DEBUG [http-nio-8080-exec-4] o.s.web.servlet.DispatcherServlet - Completed 200 OK
2025-01-17 16:59:18 TRACE [http-nio-8080-exec-3] org.hibernate.orm.jdbc.bind - binding parameter (1:VARCHAR) <- [grandfather1]
2025-01-17 16:59:18 DEBUG [http-nio-8080-exec-3] o.s.web.servlet.DispatcherServlet - GET "/posts/posts2", parameters={}
2025-01-17 16:59:18 DEBUG [http-nio-8080-exec-3] o.s.w.s.m.m.a.RequestMappingHandlerMapping - Mapped to com.example.relation.domain.post.PostController#readPosts2()
2025-01-17 16:59:18 TRACE [http-nio-8080-exec-3] org.hibernate.orm.jdbc.bind - binding parameter (1:BIGINT) <- [3]
2025-01-17 16:59:18 DEBUG [http-nio-8080-exec-3] o.s.w.s.m.m.a.HttpEntityMethodProcessor - Using 'application/json', given [application/json, text/plain, */*] and supported [application/json, application/*+json]
2025-01-17 16:59:18 DEBUG [http-nio-8080-exec-3] o.s.w.s.m.m.a.HttpEntityMethodProcessor - Writing [com.example.relation.global.response.ApiResponse@4999ec54]
2025-01-17 16:59:18 DEBUG [http-nio-8080-exec-3] o.s.web.servlet.DispatcherServlet - Completed 200 OK
2025-01-17 16:59:19 TRACE [http-nio-8080-exec-9] org.hibernate.orm.jdbc.bind - binding parameter (1:VARCHAR) <- [grandfather1]
2025-01-17 16:59:19 TRACE [http-nio-8080-exec-10] org.hibernate.orm.jdbc.bind - binding parameter (1:VARCHAR) <- [grandfather1]
2025-01-17 16:59:19 DEBUG [http-nio-8080-exec-10] o.s.web.servlet.DispatcherServlet - GET "/posts/posts2", parameters={}
2025-01-17 16:59:19 DEBUG [http-nio-8080-exec-9] o.s.web.servlet.DispatcherServlet - GET "/posts/posts2", parameters={}
2025-01-17 16:59:19 DEBUG [http-nio-8080-exec-10] o.s.w.s.m.m.a.RequestMappingHandlerMapping - Mapped to com.example.relation.domain.post.PostController#readPosts2()
2025-01-17 16:59:19 DEBUG [http-nio-8080-exec-9] o.s.w.s.m.m.a.RequestMappingHandlerMapping - Mapped to com.example.relation.domain.post.PostController#readPosts2()
2025-01-17 16:59:19 TRACE [http-nio-8080-exec-10] org.hibernate.orm.jdbc.bind - binding parameter (1:BIGINT) <- [3]
2025-01-17 16:59:19 TRACE [http-nio-8080-exec-9] org.hibernate.orm.jdbc.bind - binding parameter (1:BIGINT) <- [3]
2025-01-17 16:59:19 DEBUG [http-nio-8080-exec-9] o.s.w.s.m.m.a.HttpEntityMethodProcessor - Using 'application/json', given [application/json, text/plain, */*] and supported [application/json, application/*+json]
2025-01-17 16:59:19 DEBUG [http-nio-8080-exec-10] o.s.w.s.m.m.a.HttpEntityMethodProcessor - Using 'application/json', given [application/json, text/plain, */*] and supported [application/json, application/*+json]
2025-01-17 16:59:19 DEBUG [http-nio-8080-exec-10] o.s.w.s.m.m.a.HttpEntityMethodProcessor - Writing [com.example.relation.global.response.ApiResponse@14d25240]
2025-01-17 16:59:19 DEBUG [http-nio-8080-exec-9] o.s.w.s.m.m.a.HttpEntityMethodProcessor - Writing [com.example.relation.global.response.ApiResponse@ac1d33b]
2025-01-17 16:59:19 DEBUG [http-nio-8080-exec-9] o.s.web.servlet.DispatcherServlet - Completed 200 OK
2025-01-17 16:59:19 DEBUG [http-nio-8080-exec-10] o.s.web.servlet.DispatcherServlet - Completed 200 OK
2025-01-17 16:59:21 TRACE [http-nio-8080-exec-2] org.hibernate.orm.jdbc.bind - binding parameter (1:VARCHAR) <- [grandfather1]
2025-01-17 16:59:21 DEBUG [http-nio-8080-exec-2] o.s.web.servlet.DispatcherServlet - GET "/posts/1/detail", parameters={}
2025-01-17 16:59:21 DEBUG [http-nio-8080-exec-2] o.s.w.s.m.m.a.RequestMappingHandlerMapping - Mapped to com.example.relation.domain.post.PostController#readPostByIdWithCommentAndTag(Long)
2025-01-17 16:59:21 TRACE [http-nio-8080-exec-2] org.hibernate.orm.jdbc.bind - binding parameter (1:BIGINT) <- [1]
2025-01-17 16:59:21 TRACE [http-nio-8080-exec-2] org.hibernate.orm.jdbc.bind - binding parameter (1:BIGINT) <- [1]
2025-01-17 16:59:21 DEBUG [http-nio-8080-exec-2] o.s.w.s.m.m.a.HttpEntityMethodProcessor - Using 'application/json', given [application/json, text/plain, */*] and supported [application/json, application/*+json]
2025-01-17 16:59:21 DEBUG [http-nio-8080-exec-2] o.s.w.s.m.m.a.HttpEntityMethodProcessor - Writing [com.example.relation.global.response.ApiResponse@3ecdb051]
2025-01-17 16:59:21 DEBUG [http-nio-8080-exec-2] o.s.web.servlet.DispatcherServlet - Completed 200 OK
2025-01-17 16:59:21 TRACE [http-nio-8080-exec-6] org.hibernate.orm.jdbc.bind - binding parameter (1:VARCHAR) <- [grandfather1]
2025-01-17 16:59:21 DEBUG [http-nio-8080-exec-6] o.s.web.servlet.DispatcherServlet - GET "/posts/1/detail", parameters={}
2025-01-17 16:59:21 DEBUG [http-nio-8080-exec-6] o.s.w.s.m.m.a.RequestMappingHandlerMapping - Mapped to com.example.relation.domain.post.PostController#readPostByIdWithCommentAndTag(Long)
2025-01-17 16:59:21 TRACE [http-nio-8080-exec-6] org.hibernate.orm.jdbc.bind - binding parameter (1:BIGINT) <- [1]
2025-01-17 16:59:21 TRACE [http-nio-8080-exec-6] org.hibernate.orm.jdbc.bind - binding parameter (1:BIGINT) <- [1]
2025-01-17 16:59:21 DEBUG [http-nio-8080-exec-6] o.s.w.s.m.m.a.HttpEntityMethodProcessor - Using 'application/json', given [application/json, text/plain, */*] and supported [application/json, application/*+json]
2025-01-17 16:59:21 DEBUG [http-nio-8080-exec-6] o.s.w.s.m.m.a.HttpEntityMethodProcessor - Writing [com.example.relation.global.response.ApiResponse@65e60a16]
2025-01-17 16:59:21 DEBUG [http-nio-8080-exec-6] o.s.web.servlet.DispatcherServlet - Completed 200 OK
2025-01-17 16:59:24 TRACE [http-nio-8080-exec-4] org.hibernate.orm.jdbc.bind - binding parameter (1:VARCHAR) <- [grandfather1]
2025-01-17 16:59:24 DEBUG [http-nio-8080-exec-4] o.s.web.servlet.DispatcherServlet - GET "/posts/posts2", parameters={}
2025-01-17 16:59:24 DEBUG [http-nio-8080-exec-4] o.s.w.s.m.m.a.RequestMappingHandlerMapping - Mapped to com.example.relation.domain.post.PostController#readPosts2()
2025-01-17 16:59:24 TRACE [http-nio-8080-exec-4] org.hibernate.orm.jdbc.bind - binding parameter (1:BIGINT) <- [3]
2025-01-17 16:59:24 DEBUG [http-nio-8080-exec-4] o.s.w.s.m.m.a.HttpEntityMethodProcessor - Using 'application/json', given [application/json, text/plain, */*] and supported [application/json, application/*+json]
2025-01-17 16:59:24 DEBUG [http-nio-8080-exec-4] o.s.w.s.m.m.a.HttpEntityMethodProcessor - Writing [com.example.relation.global.response.ApiResponse@19892493]
2025-01-17 16:59:24 DEBUG [http-nio-8080-exec-4] o.s.web.servlet.DispatcherServlet - Completed 200 OK
2025-01-17 16:59:24 TRACE [http-nio-8080-exec-5] org.hibernate.orm.jdbc.bind - binding parameter (1:VARCHAR) <- [grandfather1]
2025-01-17 16:59:24 DEBUG [http-nio-8080-exec-5] o.s.web.servlet.DispatcherServlet - GET "/posts/posts2", parameters={}
2025-01-17 16:59:24 DEBUG [http-nio-8080-exec-5] o.s.w.s.m.m.a.RequestMappingHandlerMapping - Mapped to com.example.relation.domain.post.PostController#readPosts2()
2025-01-17 16:59:24 TRACE [http-nio-8080-exec-5] org.hibernate.orm.jdbc.bind - binding parameter (1:BIGINT) <- [3]
2025-01-17 16:59:24 DEBUG [http-nio-8080-exec-5] o.s.w.s.m.m.a.HttpEntityMethodProcessor - Using 'application/json', given [application/json, text/plain, */*] and supported [application/json, application/*+json]
2025-01-17 16:59:24 DEBUG [http-nio-8080-exec-5] o.s.w.s.m.m.a.HttpEntityMethodProcessor - Writing [com.example.relation.global.response.ApiResponse@45a2a459]
2025-01-17 16:59:24 DEBUG [http-nio-8080-exec-5] o.s.web.servlet.DispatcherServlet - Completed 200 OK
2025-01-17 16:59:29 TRACE [http-nio-8080-exec-7] org.hibernate.orm.jdbc.bind - binding parameter (1:VARCHAR) <- [grandfather1]
2025-01-17 16:59:29 DEBUG [http-nio-8080-exec-7] o.s.web.servlet.DispatcherServlet - GET "/posts/2/detail", parameters={}
2025-01-17 16:59:29 DEBUG [http-nio-8080-exec-7] o.s.w.s.m.m.a.RequestMappingHandlerMapping - Mapped to com.example.relation.domain.post.PostController#readPostByIdWithCommentAndTag(Long)
2025-01-17 16:59:29 TRACE [http-nio-8080-exec-7] org.hibernate.orm.jdbc.bind - binding parameter (1:BIGINT) <- [2]
2025-01-17 16:59:29 TRACE [http-nio-8080-exec-7] org.hibernate.orm.jdbc.bind - binding parameter (1:BIGINT) <- [2]
2025-01-17 16:59:29 DEBUG [http-nio-8080-exec-7] o.s.w.s.m.m.a.HttpEntityMethodProcessor - Using 'application/json', given [application/json, text/plain, */*] and supported [application/json, application/*+json]
2025-01-17 16:59:29 DEBUG [http-nio-8080-exec-7] o.s.w.s.m.m.a.HttpEntityMethodProcessor - Writing [com.example.relation.global.response.ApiResponse@28af970b]
2025-01-17 16:59:29 DEBUG [http-nio-8080-exec-7] o.s.web.servlet.DispatcherServlet - Completed 200 OK
2025-01-17 16:59:29 TRACE [http-nio-8080-exec-9] org.hibernate.orm.jdbc.bind - binding parameter (1:VARCHAR) <- [grandfather1]
2025-01-17 16:59:29 DEBUG [http-nio-8080-exec-9] o.s.web.servlet.DispatcherServlet - GET "/posts/2/detail", parameters={}
2025-01-17 16:59:29 DEBUG [http-nio-8080-exec-9] o.s.w.s.m.m.a.RequestMappingHandlerMapping - Mapped to com.example.relation.domain.post.PostController#readPostByIdWithCommentAndTag(Long)
2025-01-17 16:59:29 TRACE [http-nio-8080-exec-9] org.hibernate.orm.jdbc.bind - binding parameter (1:BIGINT) <- [2]
2025-01-17 16:59:29 TRACE [http-nio-8080-exec-9] org.hibernate.orm.jdbc.bind - binding parameter (1:BIGINT) <- [2]
2025-01-17 16:59:29 DEBUG [http-nio-8080-exec-9] o.s.w.s.m.m.a.HttpEntityMethodProcessor - Using 'application/json', given [application/json, text/plain, */*] and supported [application/json, application/*+json]
2025-01-17 16:59:29 DEBUG [http-nio-8080-exec-9] o.s.w.s.m.m.a.HttpEntityMethodProcessor - Writing [com.example.relation.global.response.ApiResponse@18de1426]
2025-01-17 16:59:29 DEBUG [http-nio-8080-exec-9] o.s.web.servlet.DispatcherServlet - Completed 200 OK
2025-01-17 17:05:33 INFO  [File Watcher] o.s.b.d.a.LocalDevToolsAutoConfiguration$RestartingClassPathChangeChangedEventListener - Restarting due to 1 class path change (0 additions, 1 deletion, 0 modifications)
2025-01-17 17:05:33 INFO  [Thread-7] o.s.b.w.e.tomcat.GracefulShutdown - Commencing graceful shutdown. Waiting for active requests to complete
2025-01-17 17:05:33 INFO  [tomcat-shutdown] o.s.b.w.e.tomcat.GracefulShutdown - Graceful shutdown complete
2025-01-17 17:05:33 INFO  [Thread-7] o.s.o.j.LocalContainerEntityManagerFactoryBean - Closing JPA EntityManagerFactory for persistence unit 'default'
2025-01-17 17:05:33 INFO  [Thread-7] com.zaxxer.hikari.HikariDataSource - HikariPool-2 - Shutdown initiated...
2025-01-17 17:05:33 INFO  [Thread-7] com.zaxxer.hikari.HikariDataSource - HikariPool-2 - Shutdown completed.
2025-01-17 17:05:33 INFO  [restartedMain] c.e.relation.RelationApplication - Starting RelationApplication using Java 21.0.5 with PID 32068 (C:\Users\Lee\SeSAC\SeSAC\javaproject\relation\build\classes\java\main started by Lee in C:\Users\Lee\SeSAC\SeSAC\javaproject\relation)
2025-01-17 17:05:33 INFO  [restartedMain] c.e.relation.RelationApplication - No active profile set, falling back to 1 default profile: "default"
2025-01-17 17:05:33 INFO  [restartedMain] o.s.d.r.c.RepositoryConfigurationDelegate - Bootstrapping Spring Data JPA repositories in DEFAULT mode.
2025-01-17 17:05:33 INFO  [restartedMain] o.s.d.r.c.RepositoryConfigurationDelegate - Finished Spring Data repository scanning in 40 ms. Found 6 JPA repository interfaces.
2025-01-17 17:05:33 INFO  [restartedMain] o.s.b.w.e.tomcat.TomcatWebServer - Tomcat initialized with port 8080 (http)
2025-01-17 17:05:33 INFO  [restartedMain] o.a.catalina.core.StandardService - Starting service [Tomcat]
2025-01-17 17:05:33 INFO  [restartedMain] o.a.catalina.core.StandardEngine - Starting Servlet engine: [Apache Tomcat/10.1.34]
2025-01-17 17:05:33 INFO  [restartedMain] o.a.c.c.C.[Tomcat].[localhost].[/] - Initializing Spring embedded WebApplicationContext
2025-01-17 17:05:33 INFO  [restartedMain] o.s.b.w.s.c.ServletWebServerApplicationContext - Root WebApplicationContext: initialization completed in 700 ms
2025-01-17 17:05:34 INFO  [restartedMain] o.h.jpa.internal.util.LogHelper - HHH000204: Processing PersistenceUnitInfo [name: default]
2025-01-17 17:05:34 INFO  [restartedMain] o.h.c.i.RegionFactoryInitiator - HHH000026: Second-level cache disabled
2025-01-17 17:05:34 INFO  [restartedMain] o.s.o.j.p.SpringPersistenceUnitInfo - No LoadTimeWeaver setup: ignoring JPA class transformer
2025-01-17 17:05:34 INFO  [restartedMain] com.zaxxer.hikari.HikariDataSource - HikariPool-3 - Starting...
2025-01-17 17:05:34 INFO  [restartedMain] com.zaxxer.hikari.pool.HikariPool - HikariPool-3 - Added connection com.mysql.cj.jdbc.ConnectionImpl@598cfa0a
2025-01-17 17:05:34 INFO  [restartedMain] com.zaxxer.hikari.HikariDataSource - HikariPool-3 - Start completed.
2025-01-17 17:05:34 INFO  [restartedMain] o.hibernate.orm.connections.pooling - HHH10001005: Database info:
	Database JDBC URL [Connecting through datasource 'HikariDataSource (HikariPool-3)']
	Database driver: undefined/unknown
	Database version: 8.0.40
	Autocommit mode: undefined/unknown
	Isolation level: undefined/unknown
	Minimum pool size: undefined/unknown
	Maximum pool size: undefined/unknown
2025-01-17 17:05:34 INFO  [restartedMain] o.h.e.t.j.p.i.JtaPlatformInitiator - HHH000489: No JTA platform available (set 'hibernate.transaction.jta.platform' to enable JTA platform integration)
2025-01-17 17:05:34 INFO  [restartedMain] o.s.o.j.LocalContainerEntityManagerFactoryBean - Initialized JPA EntityManagerFactory for persistence unit 'default'
2025-01-17 17:05:34 DEBUG [restartedMain] o.s.w.f.ServerHttpObservationFilter - Filter 'webMvcObservationFilter' configured for use
2025-01-17 17:05:34 WARN  [restartedMain] o.s.b.a.o.j.JpaBaseConfiguration$JpaWebConfiguration - spring.jpa.open-in-view is enabled by default. Therefore, database queries may be performed during view rendering. Explicitly configure spring.jpa.open-in-view to disable this warning
2025-01-17 17:05:34 INFO  [restartedMain] o.s.s.c.a.a.c.InitializeUserDetailsBeanManagerConfigurer$InitializeUserDetailsManagerConfigurer - Global AuthenticationManager configured with UserDetailsService bean with name customUserDetailsService
2025-01-17 17:05:34 DEBUG [restartedMain] o.s.w.s.m.m.a.RequestMappingHandlerMapping - 37 mappings in 'requestMappingHandlerMapping'
2025-01-17 17:05:34 DEBUG [restartedMain] o.s.w.s.c.a.WebMvcConfigurer - Default resource handling disabled
2025-01-17 17:05:34 DEBUG [restartedMain] o.s.w.s.h.SimpleUrlHandlerMapping - Patterns [/images/**] in 'resourceHandlerMapping'
2025-01-17 17:05:34 INFO  [restartedMain] o.s.b.a.e.web.EndpointLinksResolver - Exposing 1 endpoint beneath base path '/actuator'
2025-01-17 17:05:34 DEBUG [restartedMain] o.s.w.s.m.m.a.RequestMappingHandlerAdapter - ControllerAdvice beans: 0 @ModelAttribute, 0 @InitBinder, 1 RequestBodyAdvice, 1 ResponseBodyAdvice
2025-01-17 17:05:34 DEBUG [restartedMain] o.s.w.s.m.m.a.ExceptionHandlerExceptionResolver - ControllerAdvice beans: 1 @ExceptionHandler, 1 ResponseBodyAdvice
2025-01-17 17:05:35 INFO  [restartedMain] o.s.b.d.a.OptionalLiveReloadServer - LiveReload server is running on port 35729
2025-01-17 17:05:35 INFO  [restartedMain] o.s.b.w.e.tomcat.TomcatWebServer - Tomcat started on port 8080 (http) with context path '/'
2025-01-17 17:05:35 INFO  [restartedMain] c.e.relation.RelationApplication - Started RelationApplication in 1.886 seconds (process running for 9241.907)
2025-01-17 17:05:35 INFO  [restartedMain] o.s.b.d.a.ConditionEvaluationDeltaLoggingListener - Condition evaluation unchanged
2025-01-17 17:05:36 INFO  [File Watcher] o.s.b.d.a.LocalDevToolsAutoConfiguration$RestartingClassPathChangeChangedEventListener - Restarting due to 1 class path change (1 addition, 0 deletions, 0 modifications)
2025-01-17 17:05:36 INFO  [Thread-11] o.s.b.w.e.tomcat.GracefulShutdown - Commencing graceful shutdown. Waiting for active requests to complete
2025-01-17 17:05:36 INFO  [tomcat-shutdown] o.s.b.w.e.tomcat.GracefulShutdown - Graceful shutdown complete
2025-01-17 17:05:36 INFO  [Thread-11] o.s.o.j.LocalContainerEntityManagerFactoryBean - Closing JPA EntityManagerFactory for persistence unit 'default'
2025-01-17 17:05:36 INFO  [Thread-11] com.zaxxer.hikari.HikariDataSource - HikariPool-3 - Shutdown initiated...
2025-01-17 17:05:36 INFO  [Thread-11] com.zaxxer.hikari.HikariDataSource - HikariPool-3 - Shutdown completed.
2025-01-17 17:05:36 INFO  [restartedMain] c.e.relation.RelationApplication - Starting RelationApplication using Java 21.0.5 with PID 32068 (C:\Users\Lee\SeSAC\SeSAC\javaproject\relation\build\classes\java\main started by Lee in C:\Users\Lee\SeSAC\SeSAC\javaproject\relation)
2025-01-17 17:05:36 INFO  [restartedMain] c.e.relation.RelationApplication - No active profile set, falling back to 1 default profile: "default"
2025-01-17 17:05:36 INFO  [restartedMain] o.s.d.r.c.RepositoryConfigurationDelegate - Bootstrapping Spring Data JPA repositories in DEFAULT mode.
2025-01-17 17:05:37 INFO  [restartedMain] o.s.d.r.c.RepositoryConfigurationDelegate - Finished Spring Data repository scanning in 36 ms. Found 6 JPA repository interfaces.
2025-01-17 17:05:37 INFO  [restartedMain] o.s.b.w.e.tomcat.TomcatWebServer - Tomcat initialized with port 8080 (http)
2025-01-17 17:05:37 INFO  [restartedMain] o.a.catalina.core.StandardService - Starting service [Tomcat]
2025-01-17 17:05:37 INFO  [restartedMain] o.a.catalina.core.StandardEngine - Starting Servlet engine: [Apache Tomcat/10.1.34]
2025-01-17 17:05:37 INFO  [restartedMain] o.a.c.c.C.[Tomcat].[localhost].[/] - Initializing Spring embedded WebApplicationContext
2025-01-17 17:05:37 INFO  [restartedMain] o.s.b.w.s.c.ServletWebServerApplicationContext - Root WebApplicationContext: initialization completed in 535 ms
2025-01-17 17:05:37 INFO  [restartedMain] o.h.jpa.internal.util.LogHelper - HHH000204: Processing PersistenceUnitInfo [name: default]
2025-01-17 17:05:37 INFO  [restartedMain] o.h.c.i.RegionFactoryInitiator - HHH000026: Second-level cache disabled
2025-01-17 17:05:37 INFO  [restartedMain] o.s.o.j.p.SpringPersistenceUnitInfo - No LoadTimeWeaver setup: ignoring JPA class transformer
2025-01-17 17:05:37 INFO  [restartedMain] com.zaxxer.hikari.HikariDataSource - HikariPool-4 - Starting...
2025-01-17 17:05:37 INFO  [restartedMain] com.zaxxer.hikari.pool.HikariPool - HikariPool-4 - Added connection com.mysql.cj.jdbc.ConnectionImpl@4d5148a1
2025-01-17 17:05:37 INFO  [restartedMain] com.zaxxer.hikari.HikariDataSource - HikariPool-4 - Start completed.
2025-01-17 17:05:37 INFO  [restartedMain] o.hibernate.orm.connections.pooling - HHH10001005: Database info:
	Database JDBC URL [Connecting through datasource 'HikariDataSource (HikariPool-4)']
	Database driver: undefined/unknown
	Database version: 8.0.40
	Autocommit mode: undefined/unknown
	Isolation level: undefined/unknown
	Minimum pool size: undefined/unknown
	Maximum pool size: undefined/unknown
2025-01-17 17:05:37 INFO  [restartedMain] o.h.e.t.j.p.i.JtaPlatformInitiator - HHH000489: No JTA platform available (set 'hibernate.transaction.jta.platform' to enable JTA platform integration)
2025-01-17 17:05:37 INFO  [restartedMain] o.s.o.j.LocalContainerEntityManagerFactoryBean - Initialized JPA EntityManagerFactory for persistence unit 'default'
2025-01-17 17:05:37 DEBUG [restartedMain] o.s.w.f.ServerHttpObservationFilter - Filter 'webMvcObservationFilter' configured for use
2025-01-17 17:05:37 WARN  [restartedMain] o.s.b.a.o.j.JpaBaseConfiguration$JpaWebConfiguration - spring.jpa.open-in-view is enabled by default. Therefore, database queries may be performed during view rendering. Explicitly configure spring.jpa.open-in-view to disable this warning
2025-01-17 17:05:37 INFO  [restartedMain] o.s.s.c.a.a.c.InitializeUserDetailsBeanManagerConfigurer$InitializeUserDetailsManagerConfigurer - Global AuthenticationManager configured with UserDetailsService bean with name customUserDetailsService
2025-01-17 17:05:37 DEBUG [restartedMain] o.s.w.s.m.m.a.RequestMappingHandlerMapping - 37 mappings in 'requestMappingHandlerMapping'
2025-01-17 17:05:37 DEBUG [restartedMain] o.s.w.s.c.a.WebMvcConfigurer - Default resource handling disabled
2025-01-17 17:05:37 DEBUG [restartedMain] o.s.w.s.h.SimpleUrlHandlerMapping - Patterns [/images/**] in 'resourceHandlerMapping'
2025-01-17 17:05:37 INFO  [restartedMain] o.s.b.a.e.web.EndpointLinksResolver - Exposing 1 endpoint beneath base path '/actuator'
2025-01-17 17:05:38 DEBUG [restartedMain] o.s.w.s.m.m.a.RequestMappingHandlerAdapter - ControllerAdvice beans: 0 @ModelAttribute, 0 @InitBinder, 1 RequestBodyAdvice, 1 ResponseBodyAdvice
2025-01-17 17:05:38 DEBUG [restartedMain] o.s.w.s.m.m.a.ExceptionHandlerExceptionResolver - ControllerAdvice beans: 1 @ExceptionHandler, 1 ResponseBodyAdvice
2025-01-17 17:05:38 INFO  [restartedMain] o.s.b.d.a.OptionalLiveReloadServer - LiveReload server is running on port 35729
2025-01-17 17:05:38 INFO  [restartedMain] o.s.b.w.e.tomcat.TomcatWebServer - Tomcat started on port 8080 (http) with context path '/'
2025-01-17 17:05:38 INFO  [restartedMain] c.e.relation.RelationApplication - Started RelationApplication in 1.579 seconds (process running for 9245.005)
2025-01-17 17:05:38 INFO  [restartedMain] o.s.b.d.a.ConditionEvaluationDeltaLoggingListener - Condition evaluation unchanged
2025-01-17 17:08:40 INFO  [File Watcher] o.s.b.d.a.LocalDevToolsAutoConfiguration$RestartingClassPathChangeChangedEventListener - Restarting due to 2 class path changes (0 additions, 0 deletions, 2 modifications)
2025-01-17 17:08:40 INFO  [Thread-15] o.s.b.w.e.tomcat.GracefulShutdown - Commencing graceful shutdown. Waiting for active requests to complete
2025-01-17 17:08:40 INFO  [tomcat-shutdown] o.s.b.w.e.tomcat.GracefulShutdown - Graceful shutdown complete
2025-01-17 17:08:40 INFO  [Thread-15] o.s.o.j.LocalContainerEntityManagerFactoryBean - Closing JPA EntityManagerFactory for persistence unit 'default'
2025-01-17 17:08:40 INFO  [Thread-15] com.zaxxer.hikari.HikariDataSource - HikariPool-4 - Shutdown initiated...
2025-01-17 17:08:40 INFO  [Thread-15] com.zaxxer.hikari.HikariDataSource - HikariPool-4 - Shutdown completed.
2025-01-17 17:08:40 INFO  [restartedMain] c.e.relation.RelationApplication - Starting RelationApplication using Java 21.0.5 with PID 32068 (C:\Users\Lee\SeSAC\SeSAC\javaproject\relation\build\classes\java\main started by Lee in C:\Users\Lee\SeSAC\SeSAC\javaproject\relation)
2025-01-17 17:08:40 INFO  [restartedMain] c.e.relation.RelationApplication - No active profile set, falling back to 1 default profile: "default"
2025-01-17 17:08:40 INFO  [restartedMain] o.s.d.r.c.RepositoryConfigurationDelegate - Bootstrapping Spring Data JPA repositories in DEFAULT mode.
2025-01-17 17:08:40 INFO  [restartedMain] o.s.d.r.c.RepositoryConfigurationDelegate - Finished Spring Data repository scanning in 27 ms. Found 6 JPA repository interfaces.
2025-01-17 17:08:40 INFO  [restartedMain] o.s.b.w.e.tomcat.TomcatWebServer - Tomcat initialized with port 8080 (http)
2025-01-17 17:08:40 INFO  [restartedMain] o.a.catalina.core.StandardService - Starting service [Tomcat]
2025-01-17 17:08:40 INFO  [restartedMain] o.a.catalina.core.StandardEngine - Starting Servlet engine: [Apache Tomcat/10.1.34]
2025-01-17 17:08:41 INFO  [restartedMain] o.a.c.c.C.[Tomcat].[localhost].[/] - Initializing Spring embedded WebApplicationContext
2025-01-17 17:08:41 INFO  [restartedMain] o.s.b.w.s.c.ServletWebServerApplicationContext - Root WebApplicationContext: initialization completed in 418 ms
2025-01-17 17:08:41 INFO  [restartedMain] o.h.jpa.internal.util.LogHelper - HHH000204: Processing PersistenceUnitInfo [name: default]
2025-01-17 17:08:41 INFO  [restartedMain] o.h.c.i.RegionFactoryInitiator - HHH000026: Second-level cache disabled
2025-01-17 17:08:41 INFO  [restartedMain] o.s.o.j.p.SpringPersistenceUnitInfo - No LoadTimeWeaver setup: ignoring JPA class transformer
2025-01-17 17:08:41 INFO  [restartedMain] com.zaxxer.hikari.HikariDataSource - HikariPool-5 - Starting...
2025-01-17 17:08:41 INFO  [restartedMain] com.zaxxer.hikari.pool.HikariPool - HikariPool-5 - Added connection com.mysql.cj.jdbc.ConnectionImpl@1f3b1bc0
2025-01-17 17:08:41 INFO  [restartedMain] com.zaxxer.hikari.HikariDataSource - HikariPool-5 - Start completed.
2025-01-17 17:08:41 INFO  [restartedMain] o.hibernate.orm.connections.pooling - HHH10001005: Database info:
	Database JDBC URL [Connecting through datasource 'HikariDataSource (HikariPool-5)']
	Database driver: undefined/unknown
	Database version: 8.0.40
	Autocommit mode: undefined/unknown
	Isolation level: undefined/unknown
	Minimum pool size: undefined/unknown
	Maximum pool size: undefined/unknown
2025-01-17 17:08:41 INFO  [restartedMain] o.h.e.t.j.p.i.JtaPlatformInitiator - HHH000489: No JTA platform available (set 'hibernate.transaction.jta.platform' to enable JTA platform integration)
2025-01-17 17:08:41 INFO  [restartedMain] o.s.o.j.LocalContainerEntityManagerFactoryBean - Initialized JPA EntityManagerFactory for persistence unit 'default'
2025-01-17 17:08:41 DEBUG [restartedMain] o.s.w.f.ServerHttpObservationFilter - Filter 'webMvcObservationFilter' configured for use
2025-01-17 17:08:41 WARN  [restartedMain] o.s.b.a.o.j.JpaBaseConfiguration$JpaWebConfiguration - spring.jpa.open-in-view is enabled by default. Therefore, database queries may be performed during view rendering. Explicitly configure spring.jpa.open-in-view to disable this warning
2025-01-17 17:08:41 INFO  [restartedMain] o.s.s.c.a.a.c.InitializeUserDetailsBeanManagerConfigurer$InitializeUserDetailsManagerConfigurer - Global AuthenticationManager configured with UserDetailsService bean with name customUserDetailsService
2025-01-17 17:08:41 DEBUG [restartedMain] o.s.w.s.m.m.a.RequestMappingHandlerMapping - 37 mappings in 'requestMappingHandlerMapping'
2025-01-17 17:08:41 DEBUG [restartedMain] o.s.w.s.c.a.WebMvcConfigurer - Default resource handling disabled
2025-01-17 17:08:41 DEBUG [restartedMain] o.s.w.s.h.SimpleUrlHandlerMapping - Patterns [/images/**] in 'resourceHandlerMapping'
2025-01-17 17:08:41 INFO  [restartedMain] o.s.b.a.e.web.EndpointLinksResolver - Exposing 1 endpoint beneath base path '/actuator'
2025-01-17 17:08:41 DEBUG [restartedMain] o.s.w.s.m.m.a.RequestMappingHandlerAdapter - ControllerAdvice beans: 0 @ModelAttribute, 0 @InitBinder, 1 RequestBodyAdvice, 1 ResponseBodyAdvice
2025-01-17 17:08:41 DEBUG [restartedMain] o.s.w.s.m.m.a.ExceptionHandlerExceptionResolver - ControllerAdvice beans: 1 @ExceptionHandler, 1 ResponseBodyAdvice
2025-01-17 17:08:41 INFO  [restartedMain] o.s.b.d.a.OptionalLiveReloadServer - LiveReload server is running on port 35729
2025-01-17 17:08:41 INFO  [restartedMain] o.s.b.w.e.tomcat.TomcatWebServer - Tomcat started on port 8080 (http) with context path '/'
2025-01-17 17:08:41 INFO  [restartedMain] c.e.relation.RelationApplication - Started RelationApplication in 1.188 seconds (process running for 9428.562)
2025-01-17 17:08:41 INFO  [restartedMain] o.s.b.d.a.ConditionEvaluationDeltaLoggingListener - Condition evaluation unchanged
2025-01-17 17:11:32 INFO  [File Watcher] o.s.b.d.a.LocalDevToolsAutoConfiguration$RestartingClassPathChangeChangedEventListener - Restarting due to 1 class path change (0 additions, 0 deletions, 1 modification)
2025-01-17 17:11:32 INFO  [Thread-19] o.s.b.w.e.tomcat.GracefulShutdown - Commencing graceful shutdown. Waiting for active requests to complete
2025-01-17 17:11:32 INFO  [tomcat-shutdown] o.s.b.w.e.tomcat.GracefulShutdown - Graceful shutdown complete
2025-01-17 17:11:32 INFO  [Thread-19] o.s.o.j.LocalContainerEntityManagerFactoryBean - Closing JPA EntityManagerFactory for persistence unit 'default'
2025-01-17 17:11:32 INFO  [Thread-19] com.zaxxer.hikari.HikariDataSource - HikariPool-5 - Shutdown initiated...
2025-01-17 17:11:32 INFO  [Thread-19] com.zaxxer.hikari.HikariDataSource - HikariPool-5 - Shutdown completed.
2025-01-17 17:11:32 INFO  [restartedMain] c.e.relation.RelationApplication - Starting RelationApplication using Java 21.0.5 with PID 32068 (C:\Users\Lee\SeSAC\SeSAC\javaproject\relation\build\classes\java\main started by Lee in C:\Users\Lee\SeSAC\SeSAC\javaproject\relation)
2025-01-17 17:11:32 INFO  [restartedMain] c.e.relation.RelationApplication - No active profile set, falling back to 1 default profile: "default"
2025-01-17 17:11:33 INFO  [restartedMain] o.s.d.r.c.RepositoryConfigurationDelegate - Bootstrapping Spring Data JPA repositories in DEFAULT mode.
2025-01-17 17:11:33 INFO  [restartedMain] o.s.d.r.c.RepositoryConfigurationDelegate - Finished Spring Data repository scanning in 27 ms. Found 6 JPA repository interfaces.
2025-01-17 17:11:33 INFO  [restartedMain] o.s.b.w.e.tomcat.TomcatWebServer - Tomcat initialized with port 8080 (http)
2025-01-17 17:11:33 INFO  [restartedMain] o.a.catalina.core.StandardService - Starting service [Tomcat]
2025-01-17 17:11:33 INFO  [restartedMain] o.a.catalina.core.StandardEngine - Starting Servlet engine: [Apache Tomcat/10.1.34]
2025-01-17 17:11:33 INFO  [restartedMain] o.a.c.c.C.[Tomcat].[localhost].[/] - Initializing Spring embedded WebApplicationContext
2025-01-17 17:11:33 INFO  [restartedMain] o.s.b.w.s.c.ServletWebServerApplicationContext - Root WebApplicationContext: initialization completed in 504 ms
2025-01-17 17:11:33 INFO  [restartedMain] o.h.jpa.internal.util.LogHelper - HHH000204: Processing PersistenceUnitInfo [name: default]
2025-01-17 17:11:33 INFO  [restartedMain] o.h.c.i.RegionFactoryInitiator - HHH000026: Second-level cache disabled
2025-01-17 17:11:33 INFO  [restartedMain] o.s.o.j.p.SpringPersistenceUnitInfo - No LoadTimeWeaver setup: ignoring JPA class transformer
2025-01-17 17:11:33 INFO  [restartedMain] com.zaxxer.hikari.HikariDataSource - HikariPool-6 - Starting...
2025-01-17 17:11:33 INFO  [restartedMain] com.zaxxer.hikari.pool.HikariPool - HikariPool-6 - Added connection com.mysql.cj.jdbc.ConnectionImpl@27231080
2025-01-17 17:11:33 INFO  [restartedMain] com.zaxxer.hikari.HikariDataSource - HikariPool-6 - Start completed.
2025-01-17 17:11:33 INFO  [restartedMain] o.hibernate.orm.connections.pooling - HHH10001005: Database info:
	Database JDBC URL [Connecting through datasource 'HikariDataSource (HikariPool-6)']
	Database driver: undefined/unknown
	Database version: 8.0.40
	Autocommit mode: undefined/unknown
	Isolation level: undefined/unknown
	Minimum pool size: undefined/unknown
	Maximum pool size: undefined/unknown
2025-01-17 17:11:33 INFO  [restartedMain] o.h.e.t.j.p.i.JtaPlatformInitiator - HHH000489: No JTA platform available (set 'hibernate.transaction.jta.platform' to enable JTA platform integration)
2025-01-17 17:11:33 INFO  [restartedMain] o.s.o.j.LocalContainerEntityManagerFactoryBean - Initialized JPA EntityManagerFactory for persistence unit 'default'
2025-01-17 17:11:33 DEBUG [restartedMain] o.s.w.f.ServerHttpObservationFilter - Filter 'webMvcObservationFilter' configured for use
2025-01-17 17:11:33 WARN  [restartedMain] o.s.b.a.o.j.JpaBaseConfiguration$JpaWebConfiguration - spring.jpa.open-in-view is enabled by default. Therefore, database queries may be performed during view rendering. Explicitly configure spring.jpa.open-in-view to disable this warning
2025-01-17 17:11:33 INFO  [restartedMain] o.s.s.c.a.a.c.InitializeUserDetailsBeanManagerConfigurer$InitializeUserDetailsManagerConfigurer - Global AuthenticationManager configured with UserDetailsService bean with name customUserDetailsService
2025-01-17 17:11:33 DEBUG [restartedMain] o.s.w.s.m.m.a.RequestMappingHandlerMapping - 37 mappings in 'requestMappingHandlerMapping'
2025-01-17 17:11:34 DEBUG [restartedMain] o.s.w.s.c.a.WebMvcConfigurer - Default resource handling disabled
2025-01-17 17:11:34 DEBUG [restartedMain] o.s.w.s.h.SimpleUrlHandlerMapping - Patterns [/images/**] in 'resourceHandlerMapping'
2025-01-17 17:11:34 INFO  [restartedMain] o.s.b.a.e.web.EndpointLinksResolver - Exposing 1 endpoint beneath base path '/actuator'
2025-01-17 17:11:34 DEBUG [restartedMain] o.s.w.s.m.m.a.RequestMappingHandlerAdapter - ControllerAdvice beans: 0 @ModelAttribute, 0 @InitBinder, 1 RequestBodyAdvice, 1 ResponseBodyAdvice
2025-01-17 17:11:34 DEBUG [restartedMain] o.s.w.s.m.m.a.ExceptionHandlerExceptionResolver - ControllerAdvice beans: 1 @ExceptionHandler, 1 ResponseBodyAdvice
2025-01-17 17:11:34 INFO  [restartedMain] o.s.b.d.a.OptionalLiveReloadServer - LiveReload server is running on port 35729
2025-01-17 17:11:34 INFO  [restartedMain] o.s.b.w.e.tomcat.TomcatWebServer - Tomcat started on port 8080 (http) with context path '/'
2025-01-17 17:11:34 INFO  [restartedMain] c.e.relation.RelationApplication - Started RelationApplication in 1.595 seconds (process running for 9601.244)
2025-01-17 17:11:34 INFO  [restartedMain] o.s.b.d.a.ConditionEvaluationDeltaLoggingListener - Condition evaluation unchanged
2025-01-17 17:13:36 INFO  [http-nio-8080-exec-1] o.a.c.c.C.[Tomcat].[localhost].[/] - Initializing Spring DispatcherServlet 'dispatcherServlet'
2025-01-17 17:13:36 INFO  [http-nio-8080-exec-1] o.s.web.servlet.DispatcherServlet - Initializing Servlet 'dispatcherServlet'
2025-01-17 17:13:36 DEBUG [http-nio-8080-exec-1] o.s.web.servlet.DispatcherServlet - Detected StandardServletMultipartResolver
2025-01-17 17:13:36 DEBUG [http-nio-8080-exec-1] o.s.web.servlet.DispatcherServlet - Detected AcceptHeaderLocaleResolver
2025-01-17 17:13:36 DEBUG [http-nio-8080-exec-1] o.s.web.servlet.DispatcherServlet - Detected FixedThemeResolver
2025-01-17 17:13:36 DEBUG [http-nio-8080-exec-1] o.s.web.servlet.DispatcherServlet - Detected org.springframework.web.servlet.view.DefaultRequestToViewNameTranslator@29fe0320
2025-01-17 17:13:36 DEBUG [http-nio-8080-exec-1] o.s.web.servlet.DispatcherServlet - Detected org.springframework.web.servlet.support.SessionFlashMapManager@424c70fe
2025-01-17 17:13:36 DEBUG [http-nio-8080-exec-1] o.s.web.servlet.DispatcherServlet - enableLoggingRequestDetails='false': request parameters and headers will be masked to prevent unsafe logging of potentially sensitive data
2025-01-17 17:13:36 INFO  [http-nio-8080-exec-1] o.s.web.servlet.DispatcherServlet - Completed initialization in 1 ms
2025-01-17 17:13:36 DEBUG [http-nio-8080-exec-1] o.s.web.servlet.DispatcherServlet - GET "/posts/2/detail", parameters={}
2025-01-17 17:13:36 DEBUG [http-nio-8080-exec-1] o.s.w.s.m.m.a.RequestMappingHandlerMapping - Mapped to com.example.relation.domain.post.PostController#readPostByIdWithCommentAndTag(Long)
2025-01-17 17:13:36 TRACE [http-nio-8080-exec-1] org.hibernate.orm.jdbc.bind - binding parameter (1:BIGINT) <- [2]
2025-01-17 17:13:36 TRACE [http-nio-8080-exec-1] org.hibernate.orm.jdbc.bind - binding parameter (1:BIGINT) <- [2]
2025-01-17 17:13:36 DEBUG [http-nio-8080-exec-1] o.s.w.s.m.m.a.HttpEntityMethodProcessor - Using 'application/json', given [application/json, text/plain, */*] and supported [application/json, application/*+json]
2025-01-17 17:13:36 DEBUG [http-nio-8080-exec-1] o.s.w.s.m.m.a.HttpEntityMethodProcessor - Writing [com.example.relation.global.response.ApiResponse@25d88000]
2025-01-17 17:13:36 DEBUG [http-nio-8080-exec-1] o.s.web.servlet.DispatcherServlet - Completed 200 OK
2025-01-17 17:13:36 DEBUG [http-nio-8080-exec-2] o.s.web.servlet.DispatcherServlet - GET "/posts/2/detail", parameters={}
2025-01-17 17:13:36 DEBUG [http-nio-8080-exec-2] o.s.w.s.m.m.a.RequestMappingHandlerMapping - Mapped to com.example.relation.domain.post.PostController#readPostByIdWithCommentAndTag(Long)
2025-01-17 17:13:36 TRACE [http-nio-8080-exec-2] org.hibernate.orm.jdbc.bind - binding parameter (1:BIGINT) <- [2]
2025-01-17 17:13:36 TRACE [http-nio-8080-exec-2] org.hibernate.orm.jdbc.bind - binding parameter (1:BIGINT) <- [2]
2025-01-17 17:13:36 DEBUG [http-nio-8080-exec-2] o.s.w.s.m.m.a.HttpEntityMethodProcessor - Using 'application/json', given [application/json, text/plain, */*] and supported [application/json, application/*+json]
2025-01-17 17:13:36 DEBUG [http-nio-8080-exec-2] o.s.w.s.m.m.a.HttpEntityMethodProcessor - Writing [com.example.relation.global.response.ApiResponse@6d94583d]
2025-01-17 17:13:36 DEBUG [http-nio-8080-exec-2] o.s.web.servlet.DispatcherServlet - Completed 200 OK
2025-01-17 17:23:25 DEBUG [http-nio-8080-exec-8] o.s.web.servlet.DispatcherServlet - GET "/posts/2/detail", parameters={}
2025-01-17 17:23:25 DEBUG [http-nio-8080-exec-6] o.s.web.servlet.DispatcherServlet - GET "/posts/2/detail", parameters={}
2025-01-17 17:23:25 DEBUG [http-nio-8080-exec-8] o.s.w.s.m.m.a.RequestMappingHandlerMapping - Mapped to com.example.relation.domain.post.PostController#readPostByIdWithCommentAndTag(Long)
2025-01-17 17:23:25 DEBUG [http-nio-8080-exec-6] o.s.w.s.m.m.a.RequestMappingHandlerMapping - Mapped to com.example.relation.domain.post.PostController#readPostByIdWithCommentAndTag(Long)
2025-01-17 17:23:25 TRACE [http-nio-8080-exec-6] org.hibernate.orm.jdbc.bind - binding parameter (1:BIGINT) <- [2]
2025-01-17 17:23:25 TRACE [http-nio-8080-exec-8] org.hibernate.orm.jdbc.bind - binding parameter (1:BIGINT) <- [2]
2025-01-17 17:23:25 TRACE [http-nio-8080-exec-8] org.hibernate.orm.jdbc.bind - binding parameter (1:BIGINT) <- [2]
2025-01-17 17:23:25 TRACE [http-nio-8080-exec-6] org.hibernate.orm.jdbc.bind - binding parameter (1:BIGINT) <- [2]
2025-01-17 17:23:25 DEBUG [http-nio-8080-exec-8] o.s.w.s.m.m.a.HttpEntityMethodProcessor - Using 'application/json', given [application/json, text/plain, */*] and supported [application/json, application/*+json]
2025-01-17 17:23:25 DEBUG [http-nio-8080-exec-6] o.s.w.s.m.m.a.HttpEntityMethodProcessor - Using 'application/json', given [application/json, text/plain, */*] and supported [application/json, application/*+json]
2025-01-17 17:23:25 DEBUG [http-nio-8080-exec-8] o.s.w.s.m.m.a.HttpEntityMethodProcessor - Writing [com.example.relation.global.response.ApiResponse@62485904]
2025-01-17 17:23:25 DEBUG [http-nio-8080-exec-6] o.s.w.s.m.m.a.HttpEntityMethodProcessor - Writing [com.example.relation.global.response.ApiResponse@66632b3]
2025-01-17 17:23:25 DEBUG [http-nio-8080-exec-6] o.s.web.servlet.DispatcherServlet - Completed 200 OK
2025-01-17 17:23:25 DEBUG [http-nio-8080-exec-8] o.s.web.servlet.DispatcherServlet - Completed 200 OK
2025-01-17 17:23:36 DEBUG [http-nio-8080-exec-1] o.s.web.servlet.DispatcherServlet - POST "/auth/login", parameters={}
2025-01-17 17:23:36 DEBUG [http-nio-8080-exec-1] o.s.w.s.m.m.a.RequestMappingHandlerMapping - Mapped to com.example.relation.domain.user.controller.AuthController#login(LoginRequestDto)
2025-01-17 17:23:36 DEBUG [http-nio-8080-exec-1] o.s.w.s.m.m.a.RequestResponseBodyMethodProcessor - Read "application/json;charset=UTF-8" to [com.example.relation.domain.user.dto.requset.LoginRequestDto@3e04e4e7]
2025-01-17 17:23:36 TRACE [http-nio-8080-exec-1] org.hibernate.orm.jdbc.bind - binding parameter (1:VARCHAR) <- [grandfather1]
2025-01-17 17:23:36 DEBUG [http-nio-8080-exec-1] o.s.w.s.m.m.a.HttpEntityMethodProcessor - Using 'application/json', given [application/json, text/plain, */*] and supported [application/json, application/*+json]
2025-01-17 17:23:36 DEBUG [http-nio-8080-exec-1] o.s.w.s.m.m.a.HttpEntityMethodProcessor - Writing [com.example.relation.global.response.ApiResponse@3f9a0f66]
2025-01-17 17:23:36 DEBUG [http-nio-8080-exec-1] o.s.web.servlet.DispatcherServlet - Completed 200 OK
2025-01-17 17:23:44 TRACE [http-nio-8080-exec-4] org.hibernate.orm.jdbc.bind - binding parameter (1:VARCHAR) <- [grandfather1]
2025-01-17 17:23:44 DEBUG [http-nio-8080-exec-4] o.s.web.servlet.DispatcherServlet - GET "/posts/posts2", parameters={}
2025-01-17 17:23:44 DEBUG [http-nio-8080-exec-4] o.s.w.s.m.m.a.RequestMappingHandlerMapping - Mapped to com.example.relation.domain.post.PostController#readPosts2()
2025-01-17 17:23:44 TRACE [http-nio-8080-exec-4] org.hibernate.orm.jdbc.bind - binding parameter (1:BIGINT) <- [3]
2025-01-17 17:23:44 DEBUG [http-nio-8080-exec-4] o.s.w.s.m.m.a.HttpEntityMethodProcessor - Using 'application/json', given [application/json, text/plain, */*] and supported [application/json, application/*+json]
2025-01-17 17:23:44 DEBUG [http-nio-8080-exec-4] o.s.w.s.m.m.a.HttpEntityMethodProcessor - Writing [com.example.relation.global.response.ApiResponse@132a7185]
2025-01-17 17:23:44 DEBUG [http-nio-8080-exec-4] o.s.web.servlet.DispatcherServlet - Completed 200 OK
2025-01-17 17:23:44 TRACE [http-nio-8080-exec-5] org.hibernate.orm.jdbc.bind - binding parameter (1:VARCHAR) <- [grandfather1]
2025-01-17 17:23:44 DEBUG [http-nio-8080-exec-5] o.s.web.servlet.DispatcherServlet - GET "/posts/posts2", parameters={}
2025-01-17 17:23:44 DEBUG [http-nio-8080-exec-5] o.s.w.s.m.m.a.RequestMappingHandlerMapping - Mapped to com.example.relation.domain.post.PostController#readPosts2()
2025-01-17 17:23:44 TRACE [http-nio-8080-exec-5] org.hibernate.orm.jdbc.bind - binding parameter (1:BIGINT) <- [3]
2025-01-17 17:23:44 DEBUG [http-nio-8080-exec-5] o.s.w.s.m.m.a.HttpEntityMethodProcessor - Using 'application/json', given [application/json, text/plain, */*] and supported [application/json, application/*+json]
2025-01-17 17:23:44 DEBUG [http-nio-8080-exec-5] o.s.w.s.m.m.a.HttpEntityMethodProcessor - Writing [com.example.relation.global.response.ApiResponse@6cdd8571]
2025-01-17 17:23:44 DEBUG [http-nio-8080-exec-5] o.s.web.servlet.DispatcherServlet - Completed 200 OK
2025-01-17 17:23:48 TRACE [http-nio-8080-exec-7] org.hibernate.orm.jdbc.bind - binding parameter (1:VARCHAR) <- [grandfather1]
2025-01-17 17:23:48 DEBUG [http-nio-8080-exec-7] o.s.web.servlet.DispatcherServlet - GET "/posts/posts2", parameters={}
2025-01-17 17:23:48 DEBUG [http-nio-8080-exec-7] o.s.w.s.m.m.a.RequestMappingHandlerMapping - Mapped to com.example.relation.domain.post.PostController#readPosts2()
2025-01-17 17:23:48 TRACE [http-nio-8080-exec-7] org.hibernate.orm.jdbc.bind - binding parameter (1:BIGINT) <- [3]
2025-01-17 17:23:48 DEBUG [http-nio-8080-exec-7] o.s.w.s.m.m.a.HttpEntityMethodProcessor - Using 'application/json', given [application/json, text/plain, */*] and supported [application/json, application/*+json]
2025-01-17 17:23:48 DEBUG [http-nio-8080-exec-7] o.s.w.s.m.m.a.HttpEntityMethodProcessor - Writing [com.example.relation.global.response.ApiResponse@7d5c28dd]
2025-01-17 17:23:48 DEBUG [http-nio-8080-exec-7] o.s.web.servlet.DispatcherServlet - Completed 200 OK
2025-01-17 17:23:48 TRACE [http-nio-8080-exec-9] org.hibernate.orm.jdbc.bind - binding parameter (1:VARCHAR) <- [grandfather1]
2025-01-17 17:23:48 DEBUG [http-nio-8080-exec-9] o.s.web.servlet.DispatcherServlet - GET "/posts/posts2", parameters={}
2025-01-17 17:23:48 DEBUG [http-nio-8080-exec-9] o.s.w.s.m.m.a.RequestMappingHandlerMapping - Mapped to com.example.relation.domain.post.PostController#readPosts2()
2025-01-17 17:23:48 TRACE [http-nio-8080-exec-9] org.hibernate.orm.jdbc.bind - binding parameter (1:BIGINT) <- [3]
2025-01-17 17:23:48 DEBUG [http-nio-8080-exec-9] o.s.w.s.m.m.a.HttpEntityMethodProcessor - Using 'application/json', given [application/json, text/plain, */*] and supported [application/json, application/*+json]
2025-01-17 17:23:48 DEBUG [http-nio-8080-exec-9] o.s.w.s.m.m.a.HttpEntityMethodProcessor - Writing [com.example.relation.global.response.ApiResponse@15cbdcbb]
2025-01-17 17:23:48 DEBUG [http-nio-8080-exec-9] o.s.web.servlet.DispatcherServlet - Completed 200 OK
2025-01-17 17:23:50 TRACE [http-nio-8080-exec-10] org.hibernate.orm.jdbc.bind - binding parameter (1:VARCHAR) <- [grandfather1]
2025-01-17 17:23:50 DEBUG [http-nio-8080-exec-10] o.s.web.servlet.DispatcherServlet - GET "/posts/posts2", parameters={}
2025-01-17 17:23:50 DEBUG [http-nio-8080-exec-10] o.s.w.s.m.m.a.RequestMappingHandlerMapping - Mapped to com.example.relation.domain.post.PostController#readPosts2()
2025-01-17 17:23:50 TRACE [http-nio-8080-exec-10] org.hibernate.orm.jdbc.bind - binding parameter (1:BIGINT) <- [3]
2025-01-17 17:23:50 DEBUG [http-nio-8080-exec-10] o.s.w.s.m.m.a.HttpEntityMethodProcessor - Using 'application/json', given [application/json, text/plain, */*] and supported [application/json, application/*+json]
2025-01-17 17:23:50 DEBUG [http-nio-8080-exec-10] o.s.w.s.m.m.a.HttpEntityMethodProcessor - Writing [com.example.relation.global.response.ApiResponse@22d82889]
2025-01-17 17:23:50 DEBUG [http-nio-8080-exec-10] o.s.web.servlet.DispatcherServlet - Completed 200 OK
2025-01-17 17:23:50 TRACE [http-nio-8080-exec-1] org.hibernate.orm.jdbc.bind - binding parameter (1:VARCHAR) <- [grandfather1]
2025-01-17 17:23:50 DEBUG [http-nio-8080-exec-1] o.s.web.servlet.DispatcherServlet - GET "/posts/posts2", parameters={}
2025-01-17 17:23:50 DEBUG [http-nio-8080-exec-1] o.s.w.s.m.m.a.RequestMappingHandlerMapping - Mapped to com.example.relation.domain.post.PostController#readPosts2()
2025-01-17 17:23:50 TRACE [http-nio-8080-exec-1] org.hibernate.orm.jdbc.bind - binding parameter (1:BIGINT) <- [3]
2025-01-17 17:23:50 DEBUG [http-nio-8080-exec-1] o.s.w.s.m.m.a.HttpEntityMethodProcessor - Using 'application/json', given [application/json, text/plain, */*] and supported [application/json, application/*+json]
2025-01-17 17:23:50 DEBUG [http-nio-8080-exec-1] o.s.w.s.m.m.a.HttpEntityMethodProcessor - Writing [com.example.relation.global.response.ApiResponse@4e54b57d]
2025-01-17 17:23:50 DEBUG [http-nio-8080-exec-1] o.s.web.servlet.DispatcherServlet - Completed 200 OK
2025-01-17 17:24:22 DEBUG [http-nio-8080-exec-9] o.s.web.servlet.DispatcherServlet - POST "/auth/login", parameters={}
2025-01-17 17:24:22 DEBUG [http-nio-8080-exec-9] o.s.w.s.m.m.a.RequestMappingHandlerMapping - Mapped to com.example.relation.domain.user.controller.AuthController#login(LoginRequestDto)
2025-01-17 17:24:22 DEBUG [http-nio-8080-exec-9] o.s.w.s.m.m.a.RequestResponseBodyMethodProcessor - Read "application/json;charset=UTF-8" to [com.example.relation.domain.user.dto.requset.LoginRequestDto@2761318]
2025-01-17 17:24:22 TRACE [http-nio-8080-exec-9] org.hibernate.orm.jdbc.bind - binding parameter (1:VARCHAR) <- [grandfather1]
2025-01-17 17:24:22 DEBUG [http-nio-8080-exec-9] o.s.w.s.m.m.a.HttpEntityMethodProcessor - Using 'application/json', given [application/json, text/plain, */*] and supported [application/json, application/*+json]
2025-01-17 17:24:22 DEBUG [http-nio-8080-exec-9] o.s.w.s.m.m.a.HttpEntityMethodProcessor - Writing [com.example.relation.global.response.ApiResponse@d635a28]
2025-01-17 17:24:22 DEBUG [http-nio-8080-exec-9] o.s.web.servlet.DispatcherServlet - Completed 200 OK
2025-01-17 17:24:57 DEBUG [http-nio-8080-exec-6] o.s.web.servlet.DispatcherServlet - POST "/auth/login", parameters={}
2025-01-17 17:24:57 DEBUG [http-nio-8080-exec-6] o.s.w.s.m.m.a.RequestMappingHandlerMapping - Mapped to com.example.relation.domain.user.controller.AuthController#login(LoginRequestDto)
2025-01-17 17:24:57 DEBUG [http-nio-8080-exec-6] o.s.w.s.m.m.a.RequestResponseBodyMethodProcessor - Read "application/json;charset=UTF-8" to [com.example.relation.domain.user.dto.requset.LoginRequestDto@368da82f]
2025-01-17 17:24:57 TRACE [http-nio-8080-exec-6] org.hibernate.orm.jdbc.bind - binding parameter (1:VARCHAR) <- [grandfather1]
2025-01-17 17:24:57 DEBUG [http-nio-8080-exec-6] o.s.w.s.m.m.a.HttpEntityMethodProcessor - Using 'application/json', given [application/json, text/plain, */*] and supported [application/json, application/*+json]
2025-01-17 17:24:57 DEBUG [http-nio-8080-exec-6] o.s.w.s.m.m.a.HttpEntityMethodProcessor - Writing [com.example.relation.global.response.ApiResponse@4256b0fa]
2025-01-17 17:24:57 DEBUG [http-nio-8080-exec-6] o.s.web.servlet.DispatcherServlet - Completed 200 OK
2025-01-17 17:25:05 TRACE [http-nio-8080-exec-3] org.hibernate.orm.jdbc.bind - binding parameter (1:VARCHAR) <- [grandfather1]
2025-01-17 17:25:05 DEBUG [http-nio-8080-exec-3] o.s.web.servlet.DispatcherServlet - GET "/posts/posts2", parameters={}
2025-01-17 17:25:05 DEBUG [http-nio-8080-exec-3] o.s.w.s.m.m.a.RequestMappingHandlerMapping - Mapped to com.example.relation.domain.post.PostController#readPosts2()
2025-01-17 17:25:05 TRACE [http-nio-8080-exec-3] org.hibernate.orm.jdbc.bind - binding parameter (1:BIGINT) <- [3]
2025-01-17 17:25:05 DEBUG [http-nio-8080-exec-3] o.s.w.s.m.m.a.HttpEntityMethodProcessor - Using 'application/json', given [application/json, text/plain, */*] and supported [application/json, application/*+json]
2025-01-17 17:25:05 DEBUG [http-nio-8080-exec-3] o.s.w.s.m.m.a.HttpEntityMethodProcessor - Writing [com.example.relation.global.response.ApiResponse@2c466803]
2025-01-17 17:25:05 DEBUG [http-nio-8080-exec-3] o.s.web.servlet.DispatcherServlet - Completed 200 OK
2025-01-17 17:25:05 TRACE [http-nio-8080-exec-4] org.hibernate.orm.jdbc.bind - binding parameter (1:VARCHAR) <- [grandfather1]
2025-01-17 17:25:05 DEBUG [http-nio-8080-exec-4] o.s.web.servlet.DispatcherServlet - GET "/posts/posts2", parameters={}
2025-01-17 17:25:05 DEBUG [http-nio-8080-exec-4] o.s.w.s.m.m.a.RequestMappingHandlerMapping - Mapped to com.example.relation.domain.post.PostController#readPosts2()
2025-01-17 17:25:05 TRACE [http-nio-8080-exec-4] org.hibernate.orm.jdbc.bind - binding parameter (1:BIGINT) <- [3]
2025-01-17 17:25:05 DEBUG [http-nio-8080-exec-4] o.s.w.s.m.m.a.HttpEntityMethodProcessor - Using 'application/json', given [application/json, text/plain, */*] and supported [application/json, application/*+json]
2025-01-17 17:25:05 DEBUG [http-nio-8080-exec-4] o.s.w.s.m.m.a.HttpEntityMethodProcessor - Writing [com.example.relation.global.response.ApiResponse@33f14f44]
2025-01-17 17:25:05 DEBUG [http-nio-8080-exec-4] o.s.web.servlet.DispatcherServlet - Completed 200 OK
2025-01-17 17:25:11 TRACE [http-nio-8080-exec-2] org.hibernate.orm.jdbc.bind - binding parameter (1:VARCHAR) <- [grandfather1]
2025-01-17 17:25:11 DEBUG [http-nio-8080-exec-2] o.s.web.servlet.DispatcherServlet - POST "/posts/posts2", parameters={}
2025-01-17 17:25:11 DEBUG [http-nio-8080-exec-2] o.s.w.s.m.m.a.RequestMappingHandlerMapping - Mapped to com.example.relation.domain.post.PostController#createPost2(Post2CreateWithAuthorRequestDto, User)
2025-01-17 17:25:11 DEBUG [http-nio-8080-exec-2] o.s.w.s.m.m.a.RequestResponseBodyMethodProcessor - Read "application/json;charset=UTF-8" to [com.example.relation.domain.post.dto.Post2CreateWithAuthorRequestDto@2c27b0ee]
2025-01-17 17:25:11 TRACE [http-nio-8080-exec-2] org.hibernate.orm.jdbc.bind - binding parameter (1:BIGINT) <- [3]
2025-01-17 17:25:11 TRACE [http-nio-8080-exec-2] org.hibernate.orm.jdbc.bind - binding parameter (2:VARCHAR) <- [qwdqdqwdqwd]
2025-01-17 17:25:11 TRACE [http-nio-8080-exec-2] org.hibernate.orm.jdbc.bind - binding parameter (3:VARCHAR) <- [asdasdad]
2025-01-17 17:25:11 DEBUG [http-nio-8080-exec-2] o.s.w.s.m.m.a.HttpEntityMethodProcessor - Using 'application/json', given [application/json, text/plain, */*] and supported [application/json, application/*+json]
2025-01-17 17:25:11 DEBUG [http-nio-8080-exec-2] o.s.w.s.m.m.a.HttpEntityMethodProcessor - Writing [com.example.relation.global.response.ApiResponse@23983d5]
2025-01-17 17:25:11 DEBUG [http-nio-8080-exec-2] o.s.web.servlet.DispatcherServlet - Completed 201 CREATED
2025-01-17 17:25:11 TRACE [http-nio-8080-exec-8] org.hibernate.orm.jdbc.bind - binding parameter (1:VARCHAR) <- [grandfather1]
2025-01-17 17:25:11 DEBUG [http-nio-8080-exec-8] o.s.web.servlet.DispatcherServlet - GET "/my/posts", parameters={}
2025-01-17 17:25:11 DEBUG [http-nio-8080-exec-8] o.s.w.s.m.m.a.RequestMappingHandlerMapping - Mapped to com.example.relation.domain.user.controller.UserController#getMyPosts(User, Pageable)
2025-01-17 17:25:11 TRACE [http-nio-8080-exec-8] org.hibernate.orm.jdbc.bind - binding parameter (1:BIGINT) <- [3]
2025-01-17 17:25:11 TRACE [http-nio-8080-exec-8] org.hibernate.orm.jdbc.bind - binding parameter (2:INTEGER) <- [20]
2025-01-17 17:25:11 TRACE [http-nio-8080-exec-8] org.hibernate.orm.jdbc.bind - binding parameter (1:BIGINT) <- [3]
2025-01-17 17:25:11 DEBUG [http-nio-8080-exec-8] o.s.w.s.m.m.a.HttpEntityMethodProcessor - Using 'application/json', given [application/json, text/plain, */*] and supported [application/json, application/*+json]
2025-01-17 17:25:11 DEBUG [http-nio-8080-exec-8] o.s.w.s.m.m.a.HttpEntityMethodProcessor - Writing [com.example.relation.global.response.ApiResponse@17be5eb0]
2025-01-17 17:25:11 DEBUG [http-nio-8080-exec-8] o.s.web.servlet.DispatcherServlet - Completed 200 OK
2025-01-17 17:25:11 TRACE [http-nio-8080-exec-6] org.hibernate.orm.jdbc.bind - binding parameter (1:VARCHAR) <- [grandfather1]
2025-01-17 17:25:11 DEBUG [http-nio-8080-exec-6] o.s.web.servlet.DispatcherServlet - GET "/my/posts", parameters={}
2025-01-17 17:25:11 DEBUG [http-nio-8080-exec-6] o.s.w.s.m.m.a.RequestMappingHandlerMapping - Mapped to com.example.relation.domain.user.controller.UserController#getMyPosts(User, Pageable)
2025-01-17 17:25:11 TRACE [http-nio-8080-exec-6] org.hibernate.orm.jdbc.bind - binding parameter (1:BIGINT) <- [3]
2025-01-17 17:25:11 TRACE [http-nio-8080-exec-6] org.hibernate.orm.jdbc.bind - binding parameter (2:INTEGER) <- [20]
2025-01-17 17:25:11 TRACE [http-nio-8080-exec-6] org.hibernate.orm.jdbc.bind - binding parameter (1:BIGINT) <- [3]
2025-01-17 17:25:11 DEBUG [http-nio-8080-exec-6] o.s.w.s.m.m.a.HttpEntityMethodProcessor - Using 'application/json', given [application/json, text/plain, */*] and supported [application/json, application/*+json]
2025-01-17 17:25:11 DEBUG [http-nio-8080-exec-6] o.s.w.s.m.m.a.HttpEntityMethodProcessor - Writing [com.example.relation.global.response.ApiResponse@6cb43925]
2025-01-17 17:25:11 DEBUG [http-nio-8080-exec-6] o.s.web.servlet.DispatcherServlet - Completed 200 OK
2025-01-17 20:38:14 INFO  [SpringApplicationShutdownHook] o.s.b.w.e.tomcat.GracefulShutdown - Commencing graceful shutdown. Waiting for active requests to complete
2025-01-17 20:38:14 INFO  [tomcat-shutdown] o.s.b.w.e.tomcat.GracefulShutdown - Graceful shutdown complete
2025-01-17 20:38:14 INFO  [SpringApplicationShutdownHook] o.s.o.j.LocalContainerEntityManagerFactoryBean - Closing JPA EntityManagerFactory for persistence unit 'default'
2025-01-17 20:38:14 INFO  [SpringApplicationShutdownHook] com.zaxxer.hikari.HikariDataSource - HikariPool-6 - Shutdown initiated...
2025-01-17 20:38:14 INFO  [SpringApplicationShutdownHook] com.zaxxer.hikari.HikariDataSource - HikariPool-6 - Shutdown completed.
